2025.04.20 22:08:35 INFO  no build target found for /Users/pablomujica/school/assignment-2-ds2/akka-scala-mr/build.sbt. Using presentation compiler with project's scala-library version: 3.3.5[0m
2025.04.20 22:08:36 INFO  no build target found for /Users/pablomujica/school/assignment-2-ds2/akka-scala-mr/build.sbt. Using presentation compiler with project's scala-library version: 3.3.5[0m
2025.04.20 22:08:42 INFO  no build target found for /Users/pablomujica/school/assignment-2-ds2/akka-scala-mr/build.sbt. Using presentation compiler with project's scala-library version: 3.3.5[0m
2025.04.20 22:12:15 INFO  no build target found for /Users/pablomujica/school/assignment-2-ds2/akka-scala-mr/build.sbt. Using presentation compiler with project's scala-library version: 3.3.5[0m
2025.04.20 22:20:56 INFO  no build target found for /Users/pablomujica/school/assignment-2-ds2/akka-scala-mr/build.sbt. Using presentation compiler with project's scala-library version: 3.3.5[0m
2025.04.20 22:20:56 INFO  no build target found for /Users/pablomujica/school/assignment-2-ds2/akka-scala-mr/src/main/scala/com/example/AkkaQuickstart.scala. Using presentation compiler with project's scala-library version: 3.3.5[0m
2025.04.20 22:20:56 INFO  no build target found for /Users/pablomujica/school/assignment-2-ds2/akka-scala-mr/src/main/scala/com/example/AkkaQuickstart.scala. Using presentation compiler with project's scala-library version: 3.3.5[0m
2025.04.20 22:24:26 INFO  Shutting down server[0m
2025.04.20 22:24:26 INFO  shutting down Metals[0m
2025.04.20 22:24:26 INFO  Exiting server[0m
2025.04.20 22:25:22 INFO  Started: Metals version 1.5.2 in folders '/Users/pablomujica/school/assignment-2-ds2' for client Visual Studio Code 1.84.2.
2025.04.20 22:25:22 INFO  no build target found for /Users/pablomujica/school/assignment-2-ds2/akka-scala-mr/src/main/scala/com/example/AkkaQuickstart.scala. Using presentation compiler with project's scala-library version: 3.3.5
2025.04.20 22:25:23 INFO  no build target found for /Users/pablomujica/school/assignment-2-ds2/akka-scala-mr/src/main/scala/com/example/AkkaQuickstart.scala. Using presentation compiler with project's scala-library version: 3.3.5
2025.04.20 22:25:30 INFO  no build target found for /Users/pablomujica/school/assignment-2-ds2/akka-scala-mr/src/main/scala/com/example/AkkaQuickstart.scala. Using presentation compiler with project's scala-library version: 3.3.5
2025.04.20 22:26:09 INFO  no build target found for /Users/pablomujica/school/assignment-2-ds2/akka-scala-mr/src/main/scala/mapreduce/mapreduceapp.scala. Using presentation compiler with project's scala-library version: 3.3.5
2025.04.20 22:26:09 INFO  no build target found for /Users/pablomujica/school/assignment-2-ds2/akka-scala-mr/src/main/scala/mapreduce/mapreduceapp.scala. Using presentation compiler with project's scala-library version: 3.3.5
2025.04.20 22:26:09 WARN  no build target for: /Users/pablomujica/school/assignment-2-ds2/akka-scala-mr/src/main/scala/mapreduce/mapreduceapp.scala
2025.04.20 22:26:09 INFO  no build target found for /Users/pablomujica/school/assignment-2-ds2/akka-scala-mr/src/main/scala/mapreduce/mapreduceapp.scala. Using presentation compiler with project's scala-library version: 3.3.5
2025.04.20 22:26:09 WARN  Could not find semantic tokens for: file:///Users/pablomujica/school/assignment-2-ds2/akka-scala-mr/src/main/scala/mapreduce/mapreduceapp.scala
2025.04.20 22:26:19 INFO  no build target found for /Users/pablomujica/school/assignment-2-ds2/akka-scala-mr/build.sbt. Using presentation compiler with project's scala-library version: 3.3.5
2025.04.20 22:26:19 INFO  no build target found for /Users/pablomujica/school/assignment-2-ds2/akka-scala-mr/build.sbt. Using presentation compiler with project's scala-library version: 3.3.5
Apr 20, 2025 10:26:19 PM org.eclipse.lsp4j.jsonrpc.RemoteEndpoint handleCancellation
WARNING: Unmatched cancel notification for request id 17
2025.04.20 22:26:22 INFO  no build target found for /Users/pablomujica/school/assignment-2-ds2/akka-scala-mr/build.sbt. Using presentation compiler with project's scala-library version: 3.3.5
2025.04.20 22:26:26 INFO  no build target found for /Users/pablomujica/school/assignment-2-ds2/akka-scala-mr/build.sbt. Using presentation compiler with project's scala-library version: 3.3.5
2025.04.20 22:26:26 INFO  no build target found for /Users/pablomujica/school/assignment-2-ds2/akka-scala-mr/build.sbt. Using presentation compiler with project's scala-library version: 3.3.5
2025.04.20 22:26:27 INFO  no build target found for /Users/pablomujica/school/assignment-2-ds2/akka-scala-mr/build.sbt. Using presentation compiler with project's scala-library version: 3.3.5
2025.04.20 22:26:33 INFO  no build target found for /Users/pablomujica/school/assignment-2-ds2/akka-scala-mr/build.sbt. Using presentation compiler with project's scala-library version: 3.3.5
2025.04.20 22:26:33 WARN  no build target for: /Users/pablomujica/school/assignment-2-ds2/akka-scala-mr/src/main/scala/mapreduce/mapreduceapp.scala
2025.04.20 22:26:33 INFO  no build target found for /Users/pablomujica/school/assignment-2-ds2/akka-scala-mr/src/main/scala/mapreduce/mapreduceapp.scala. Using presentation compiler with project's scala-library version: 3.3.5
2025.04.20 22:26:33 WARN  Could not find semantic tokens for: file:///Users/pablomujica/school/assignment-2-ds2/akka-scala-mr/src/main/scala/mapreduce/mapreduceapp.scala
2025.04.20 22:26:36 INFO  no build target found for /Users/pablomujica/school/assignment-2-ds2/akka-scala-mr/src/main/scala/mapreduce/mapreduceapp.scala. Using presentation compiler with project's scala-library version: 3.3.5
2025.04.20 22:26:36 INFO  no build target found for /Users/pablomujica/school/assignment-2-ds2/akka-scala-mr/src/main/scala/mapreduce/mapreduceapp.scala. Using presentation compiler with project's scala-library version: 3.3.5
2025.04.20 22:26:36 INFO  no build target found for /Users/pablomujica/school/assignment-2-ds2/akka-scala-mr/src/main/scala/mapreduce/mapreduceapp.scala. Using presentation compiler with project's scala-library version: 3.3.5
2025.04.20 22:26:36 INFO  no build target found for /Users/pablomujica/school/assignment-2-ds2/akka-scala-mr/src/main/scala/mapreduce/mapreduceapp.scala. Using presentation compiler with project's scala-library version: 3.3.5
2025.04.20 22:26:37 INFO  no build target found for /Users/pablomujica/school/assignment-2-ds2/akka-scala-mr/src/main/scala/mapreduce/mapreduceapp.scala. Using presentation compiler with project's scala-library version: 3.3.5
2025.04.20 22:26:37 WARN  Could not find semantic tokens for: file:///Users/pablomujica/school/assignment-2-ds2/akka-scala-mr/src/main/scala/mapreduce/mapreduceapp.scala
2025.04.20 22:26:37 INFO  no build target found for /Users/pablomujica/school/assignment-2-ds2/akka-scala-mr/src/main/scala/mapreduce/mapreduceapp.scala. Using presentation compiler with project's scala-library version: 3.3.5
2025.04.20 22:26:37 INFO  no build target found for /Users/pablomujica/school/assignment-2-ds2/akka-scala-mr/src/main/scala/mapreduce/mapreduceapp.scala. Using presentation compiler with project's scala-library version: 3.3.5
2025.04.20 22:26:37 WARN  Could not find semantic tokens for: file:///Users/pablomujica/school/assignment-2-ds2/akka-scala-mr/src/main/scala/mapreduce/mapreduceapp.scala
2025.04.20 22:26:37 INFO  no build target found for /Users/pablomujica/school/assignment-2-ds2/akka-scala-mr/src/main/scala/mapreduce/mapreduceapp.scala. Using presentation compiler with project's scala-library version: 3.3.5
2025.04.20 22:26:37 INFO  no build target found for /Users/pablomujica/school/assignment-2-ds2/akka-scala-mr/src/main/scala/mapreduce/mapreduceapp.scala. Using presentation compiler with project's scala-library version: 3.3.5
2025.04.20 22:26:38 INFO  no build target found for /Users/pablomujica/school/assignment-2-ds2/akka-scala-mr/src/main/scala/mapreduce/mapreduceapp.scala. Using presentation compiler with project's scala-library version: 3.3.5
2025.04.20 22:26:38 WARN  Could not find semantic tokens for: file:///Users/pablomujica/school/assignment-2-ds2/akka-scala-mr/src/main/scala/mapreduce/mapreduceapp.scala
2025.04.20 22:26:39 INFO  no build target found for /Users/pablomujica/school/assignment-2-ds2/akka-scala-mr/src/main/scala/mapreduce/mapreduceapp.scala. Using presentation compiler with project's scala-library version: 3.3.5
2025.04.20 22:26:39 INFO  no build target found for /Users/pablomujica/school/assignment-2-ds2/akka-scala-mr/src/main/scala/mapreduce/mapreduceapp.scala. Using presentation compiler with project's scala-library version: 3.3.5
2025.04.20 22:26:39 INFO  no build target found for /Users/pablomujica/school/assignment-2-ds2/akka-scala-mr/src/main/scala/mapreduce/mapreduceapp.scala. Using presentation compiler with project's scala-library version: 3.3.5
2025.04.20 22:26:39 INFO  no build target found for /Users/pablomujica/school/assignment-2-ds2/akka-scala-mr/src/main/scala/mapreduce/mapreduceapp.scala. Using presentation compiler with project's scala-library version: 3.3.5
2025.04.20 22:26:39 INFO  no build target found for /Users/pablomujica/school/assignment-2-ds2/akka-scala-mr/src/main/scala/mapreduce/mapreduceapp.scala. Using presentation compiler with project's scala-library version: 3.3.5
2025.04.20 22:26:39 INFO  no build target found for /Users/pablomujica/school/assignment-2-ds2/akka-scala-mr/src/main/scala/mapreduce/mapreduceapp.scala. Using presentation compiler with project's scala-library version: 3.3.5
2025.04.20 22:26:39 INFO  no build target found for /Users/pablomujica/school/assignment-2-ds2/akka-scala-mr/src/main/scala/mapreduce/mapreduceapp.scala. Using presentation compiler with project's scala-library version: 3.3.5
2025.04.20 22:26:39 INFO  no build target found for /Users/pablomujica/school/assignment-2-ds2/akka-scala-mr/src/main/scala/mapreduce/mapreduceapp.scala. Using presentation compiler with project's scala-library version: 3.3.5
2025.04.20 22:26:39 INFO  no build target found for /Users/pablomujica/school/assignment-2-ds2/akka-scala-mr/src/main/scala/mapreduce/mapreduceapp.scala. Using presentation compiler with project's scala-library version: 3.3.5
2025.04.20 22:26:39 INFO  no build target found for /Users/pablomujica/school/assignment-2-ds2/akka-scala-mr/src/main/scala/mapreduce/mapreduceapp.scala. Using presentation compiler with project's scala-library version: 3.3.5
2025.04.20 22:26:39 INFO  no build target found for /Users/pablomujica/school/assignment-2-ds2/akka-scala-mr/src/main/scala/mapreduce/mapreduceapp.scala. Using presentation compiler with project's scala-library version: 3.3.5
2025.04.20 22:26:40 INFO  no build target found for /Users/pablomujica/school/assignment-2-ds2/akka-scala-mr/src/main/scala/mapreduce/mapreduceapp.scala. Using presentation compiler with project's scala-library version: 3.3.5
2025.04.20 22:26:40 INFO  no build target found for /Users/pablomujica/school/assignment-2-ds2/akka-scala-mr/src/main/scala/mapreduce/mapreduceapp.scala. Using presentation compiler with project's scala-library version: 3.3.5
2025.04.20 22:26:40 INFO  no build target found for /Users/pablomujica/school/assignment-2-ds2/akka-scala-mr/src/main/scala/mapreduce/mapreduceapp.scala. Using presentation compiler with project's scala-library version: 3.3.5
2025.04.20 22:26:40 INFO  no build target found for /Users/pablomujica/school/assignment-2-ds2/akka-scala-mr/src/main/scala/mapreduce/mapreduceapp.scala. Using presentation compiler with project's scala-library version: 3.3.5
2025.04.20 22:26:40 INFO  no build target found for /Users/pablomujica/school/assignment-2-ds2/akka-scala-mr/src/main/scala/mapreduce/mapreduceapp.scala. Using presentation compiler with project's scala-library version: 3.3.5
2025.04.20 22:26:40 INFO  no build target found for /Users/pablomujica/school/assignment-2-ds2/akka-scala-mr/src/main/scala/mapreduce/mapreduceapp.scala. Using presentation compiler with project's scala-library version: 3.3.5
2025.04.20 22:26:40 INFO  no build target found for /Users/pablomujica/school/assignment-2-ds2/akka-scala-mr/src/main/scala/mapreduce/mapreduceapp.scala. Using presentation compiler with project's scala-library version: 3.3.5
2025.04.20 22:26:40 INFO  no build target found for /Users/pablomujica/school/assignment-2-ds2/akka-scala-mr/src/main/scala/mapreduce/mapreduceapp.scala. Using presentation compiler with project's scala-library version: 3.3.5
2025.04.20 22:26:40 INFO  no build target found for /Users/pablomujica/school/assignment-2-ds2/akka-scala-mr/src/main/scala/mapreduce/mapreduceapp.scala. Using presentation compiler with project's scala-library version: 3.3.5
2025.04.20 22:26:40 INFO  no build target found for /Users/pablomujica/school/assignment-2-ds2/akka-scala-mr/src/main/scala/mapreduce/mapreduceapp.scala. Using presentation compiler with project's scala-library version: 3.3.5
2025.04.20 22:26:40 INFO  no build target found for /Users/pablomujica/school/assignment-2-ds2/akka-scala-mr/src/main/scala/mapreduce/mapreduceapp.scala. Using presentation compiler with project's scala-library version: 3.3.5
2025.04.20 22:26:40 INFO  no build target found for /Users/pablomujica/school/assignment-2-ds2/akka-scala-mr/src/main/scala/mapreduce/mapreduceapp.scala. Using presentation compiler with project's scala-library version: 3.3.5
2025.04.20 22:26:41 INFO  no build target found for /Users/pablomujica/school/assignment-2-ds2/akka-scala-mr/src/main/scala/mapreduce/mapreduceapp.scala. Using presentation compiler with project's scala-library version: 3.3.5
2025.04.20 22:26:41 INFO  no build target found for /Users/pablomujica/school/assignment-2-ds2/akka-scala-mr/src/main/scala/mapreduce/mapreduceapp.scala. Using presentation compiler with project's scala-library version: 3.3.5
2025.04.20 22:26:41 INFO  no build target found for /Users/pablomujica/school/assignment-2-ds2/akka-scala-mr/src/main/scala/mapreduce/mapreduceapp.scala. Using presentation compiler with project's scala-library version: 3.3.5
2025.04.20 22:26:41 INFO  no build target found for /Users/pablomujica/school/assignment-2-ds2/akka-scala-mr/src/main/scala/mapreduce/mapreduceapp.scala. Using presentation compiler with project's scala-library version: 3.3.5
2025.04.20 22:26:41 INFO  no build target found for /Users/pablomujica/school/assignment-2-ds2/akka-scala-mr/src/main/scala/mapreduce/mapreduceapp.scala. Using presentation compiler with project's scala-library version: 3.3.5
2025.04.20 22:26:42 INFO  no build target found for /Users/pablomujica/school/assignment-2-ds2/akka-scala-mr/src/main/scala/mapreduce/mapreduceapp.scala. Using presentation compiler with project's scala-library version: 3.3.5
2025.04.20 22:26:44 INFO  no build target found for /Users/pablomujica/school/assignment-2-ds2/akka-scala-mr/src/main/scala/mapreduce/mapreduceapp.scala. Using presentation compiler with project's scala-library version: 3.3.5
2025.04.20 22:26:44 INFO  no build target found for /Users/pablomujica/school/assignment-2-ds2/akka-scala-mr/src/main/scala/mapreduce/mapreduceapp.scala. Using presentation compiler with project's scala-library version: 3.3.5
2025.04.20 22:26:44 INFO  no build target found for /Users/pablomujica/school/assignment-2-ds2/akka-scala-mr/src/main/scala/mapreduce/mapreduceapp.scala. Using presentation compiler with project's scala-library version: 3.3.5
2025.04.20 22:26:44 INFO  no build target found for /Users/pablomujica/school/assignment-2-ds2/akka-scala-mr/src/main/scala/mapreduce/mapreduceapp.scala. Using presentation compiler with project's scala-library version: 3.3.5
2025.04.20 22:26:44 INFO  no build target found for /Users/pablomujica/school/assignment-2-ds2/akka-scala-mr/src/main/scala/mapreduce/mapreduceapp.scala. Using presentation compiler with project's scala-library version: 3.3.5
2025.04.20 22:26:44 INFO  no build target found for /Users/pablomujica/school/assignment-2-ds2/akka-scala-mr/src/main/scala/mapreduce/mapreduceapp.scala. Using presentation compiler with project's scala-library version: 3.3.5
2025.04.20 22:26:45 INFO  no build target found for /Users/pablomujica/school/assignment-2-ds2/akka-scala-mr/src/main/scala/mapreduce/mapreduceapp.scala. Using presentation compiler with project's scala-library version: 3.3.5
2025.04.20 22:26:46 INFO  no build target found for /Users/pablomujica/school/assignment-2-ds2/akka-scala-mr/src/main/scala/mapreduce/mapreduceapp.scala. Using presentation compiler with project's scala-library version: 3.3.5
2025.04.20 22:26:46 INFO  no build target found for /Users/pablomujica/school/assignment-2-ds2/akka-scala-mr/src/main/scala/mapreduce/mapreduceapp.scala. Using presentation compiler with project's scala-library version: 3.3.5
2025.04.20 22:26:46 INFO  no build target found for /Users/pablomujica/school/assignment-2-ds2/akka-scala-mr/src/main/scala/mapreduce/mapreduceapp.scala. Using presentation compiler with project's scala-library version: 3.3.5
2025.04.20 22:26:46 INFO  no build target found for /Users/pablomujica/school/assignment-2-ds2/akka-scala-mr/src/main/scala/mapreduce/mapreduceapp.scala. Using presentation compiler with project's scala-library version: 3.3.5
2025.04.20 22:26:46 INFO  no build target found for /Users/pablomujica/school/assignment-2-ds2/akka-scala-mr/src/main/scala/mapreduce/mapreduceapp.scala. Using presentation compiler with project's scala-library version: 3.3.5
2025.04.20 22:26:47 INFO  no build target found for /Users/pablomujica/school/assignment-2-ds2/akka-scala-mr/src/main/scala/mapreduce/mapreduceapp.scala. Using presentation compiler with project's scala-library version: 3.3.5
2025.04.20 22:26:47 INFO  no build target found for /Users/pablomujica/school/assignment-2-ds2/akka-scala-mr/src/main/scala/mapreduce/mapreduceapp.scala. Using presentation compiler with project's scala-library version: 3.3.5
2025.04.20 22:26:47 INFO  no build target found for /Users/pablomujica/school/assignment-2-ds2/akka-scala-mr/src/main/scala/mapreduce/mapreduceapp.scala. Using presentation compiler with project's scala-library version: 3.3.5
2025.04.20 22:26:47 INFO  no build target found for /Users/pablomujica/school/assignment-2-ds2/akka-scala-mr/src/main/scala/mapreduce/mapreduceapp.scala. Using presentation compiler with project's scala-library version: 3.3.5
2025.04.20 22:26:47 INFO  no build target found for /Users/pablomujica/school/assignment-2-ds2/akka-scala-mr/src/main/scala/mapreduce/mapreduceapp.scala. Using presentation compiler with project's scala-library version: 3.3.5
2025.04.20 22:26:48 INFO  no build target found for /Users/pablomujica/school/assignment-2-ds2/akka-scala-mr/src/main/scala/mapreduce/mapreduceapp.scala. Using presentation compiler with project's scala-library version: 3.3.5
2025.04.20 22:26:48 INFO  no build target found for /Users/pablomujica/school/assignment-2-ds2/akka-scala-mr/src/main/scala/mapreduce/mapreduceapp.scala. Using presentation compiler with project's scala-library version: 3.3.5
2025.04.20 22:26:48 INFO  no build target found for /Users/pablomujica/school/assignment-2-ds2/akka-scala-mr/src/main/scala/mapreduce/mapreduceapp.scala. Using presentation compiler with project's scala-library version: 3.3.5
2025.04.20 22:26:48 INFO  no build target found for /Users/pablomujica/school/assignment-2-ds2/akka-scala-mr/src/main/scala/mapreduce/mapreduceapp.scala. Using presentation compiler with project's scala-library version: 3.3.5
2025.04.20 22:26:48 INFO  no build target found for /Users/pablomujica/school/assignment-2-ds2/akka-scala-mr/src/main/scala/mapreduce/mapreduceapp.scala. Using presentation compiler with project's scala-library version: 3.3.5
2025.04.20 22:26:48 INFO  no build target found for /Users/pablomujica/school/assignment-2-ds2/akka-scala-mr/src/main/scala/mapreduce/mapreduceapp.scala. Using presentation compiler with project's scala-library version: 3.3.5
2025.04.20 22:26:49 INFO  no build target found for /Users/pablomujica/school/assignment-2-ds2/akka-scala-mr/src/main/scala/mapreduce/mapreduceapp.scala. Using presentation compiler with project's scala-library version: 3.3.5
2025.04.20 22:26:50 INFO  no build target found for /Users/pablomujica/school/assignment-2-ds2/akka-scala-mr/src/main/scala/mapreduce/mapreduceapp.scala. Using presentation compiler with project's scala-library version: 3.3.5
2025.04.20 22:26:50 INFO  no build target found for /Users/pablomujica/school/assignment-2-ds2/akka-scala-mr/src/main/scala/mapreduce/mapreduceapp.scala. Using presentation compiler with project's scala-library version: 3.3.5
2025.04.20 22:26:50 INFO  no build target found for /Users/pablomujica/school/assignment-2-ds2/akka-scala-mr/src/main/scala/mapreduce/mapreduceapp.scala. Using presentation compiler with project's scala-library version: 3.3.5
2025.04.20 22:26:50 INFO  no build target found for /Users/pablomujica/school/assignment-2-ds2/akka-scala-mr/src/main/scala/mapreduce/mapreduceapp.scala. Using presentation compiler with project's scala-library version: 3.3.5
2025.04.20 22:26:50 INFO  no build target found for /Users/pablomujica/school/assignment-2-ds2/akka-scala-mr/src/main/scala/mapreduce/mapreduceapp.scala. Using presentation compiler with project's scala-library version: 3.3.5
2025.04.20 22:26:50 INFO  no build target found for /Users/pablomujica/school/assignment-2-ds2/akka-scala-mr/src/main/scala/mapreduce/mapreduceapp.scala. Using presentation compiler with project's scala-library version: 3.3.5
2025.04.20 22:26:51 INFO  no build target found for /Users/pablomujica/school/assignment-2-ds2/akka-scala-mr/src/main/scala/mapreduce/mapreduceapp.scala. Using presentation compiler with project's scala-library version: 3.3.5
2025.04.20 22:26:51 INFO  no build target found for /Users/pablomujica/school/assignment-2-ds2/akka-scala-mr/src/main/scala/mapreduce/mapreduceapp.scala. Using presentation compiler with project's scala-library version: 3.3.5
2025.04.20 22:26:51 INFO  no build target found for /Users/pablomujica/school/assignment-2-ds2/akka-scala-mr/src/main/scala/mapreduce/mapreduceapp.scala. Using presentation compiler with project's scala-library version: 3.3.5
2025.04.20 22:26:51 INFO  no build target found for /Users/pablomujica/school/assignment-2-ds2/akka-scala-mr/src/main/scala/mapreduce/mapreduceapp.scala. Using presentation compiler with project's scala-library version: 3.3.5
2025.04.20 22:26:51 INFO  no build target found for /Users/pablomujica/school/assignment-2-ds2/akka-scala-mr/src/main/scala/mapreduce/mapreduceapp.scala. Using presentation compiler with project's scala-library version: 3.3.5
2025.04.20 22:26:51 INFO  no build target found for /Users/pablomujica/school/assignment-2-ds2/akka-scala-mr/src/main/scala/mapreduce/mapreduceapp.scala. Using presentation compiler with project's scala-library version: 3.3.5
2025.04.20 22:26:51 INFO  no build target found for /Users/pablomujica/school/assignment-2-ds2/akka-scala-mr/src/main/scala/mapreduce/mapreduceapp.scala. Using presentation compiler with project's scala-library version: 3.3.5
2025.04.20 22:26:51 INFO  no build target found for /Users/pablomujica/school/assignment-2-ds2/akka-scala-mr/src/main/scala/mapreduce/mapreduceapp.scala. Using presentation compiler with project's scala-library version: 3.3.5
2025.04.20 22:26:51 INFO  no build target found for /Users/pablomujica/school/assignment-2-ds2/akka-scala-mr/src/main/scala/mapreduce/mapreduceapp.scala. Using presentation compiler with project's scala-library version: 3.3.5
2025.04.20 22:26:52 INFO  no build target found for /Users/pablomujica/school/assignment-2-ds2/akka-scala-mr/src/main/scala/mapreduce/mapreduceapp.scala. Using presentation compiler with project's scala-library version: 3.3.5
2025.04.20 22:26:52 INFO  no build target found for /Users/pablomujica/school/assignment-2-ds2/akka-scala-mr/src/main/scala/mapreduce/mapreduceapp.scala. Using presentation compiler with project's scala-library version: 3.3.5
2025.04.20 22:26:52 INFO  no build target found for /Users/pablomujica/school/assignment-2-ds2/akka-scala-mr/src/main/scala/mapreduce/mapreduceapp.scala. Using presentation compiler with project's scala-library version: 3.3.5
2025.04.20 22:26:52 INFO  no build target found for /Users/pablomujica/school/assignment-2-ds2/akka-scala-mr/src/main/scala/mapreduce/mapreduceapp.scala. Using presentation compiler with project's scala-library version: 3.3.5
2025.04.20 22:26:53 INFO  no build target found for /Users/pablomujica/school/assignment-2-ds2/akka-scala-mr/src/main/scala/mapreduce/mapreduceapp.scala. Using presentation compiler with project's scala-library version: 3.3.5
2025.04.20 22:26:52 INFO  no build target found for /Users/pablomujica/school/assignment-2-ds2/akka-scala-mr/src/main/scala/mapreduce/mapreduceapp.scala. Using presentation compiler with project's scala-library version: 3.3.5
2025.04.20 22:26:52 INFO  no build target found for /Users/pablomujica/school/assignment-2-ds2/akka-scala-mr/src/main/scala/mapreduce/mapreduceapp.scala. Using presentation compiler with project's scala-library version: 3.3.5
2025.04.20 22:26:53 INFO  no build target found for /Users/pablomujica/school/assignment-2-ds2/akka-scala-mr/src/main/scala/mapreduce/mapreduceapp.scala. Using presentation compiler with project's scala-library version: 3.3.5
2025.04.20 22:26:53 INFO  no build target found for /Users/pablomujica/school/assignment-2-ds2/akka-scala-mr/src/main/scala/mapreduce/mapreduceapp.scala. Using presentation compiler with project's scala-library version: 3.3.5
2025.04.20 22:26:53 INFO  no build target found for /Users/pablomujica/school/assignment-2-ds2/akka-scala-mr/src/main/scala/mapreduce/mapreduceapp.scala. Using presentation compiler with project's scala-library version: 3.3.5
2025.04.20 22:26:53 INFO  no build target found for /Users/pablomujica/school/assignment-2-ds2/akka-scala-mr/src/main/scala/mapreduce/mapreduceapp.scala. Using presentation compiler with project's scala-library version: 3.3.5
2025.04.20 22:26:53 INFO  no build target found for /Users/pablomujica/school/assignment-2-ds2/akka-scala-mr/src/main/scala/mapreduce/mapreduceapp.scala. Using presentation compiler with project's scala-library version: 3.3.5
2025.04.20 22:26:54 INFO  no build target found for /Users/pablomujica/school/assignment-2-ds2/akka-scala-mr/src/main/scala/mapreduce/mapreduceapp.scala. Using presentation compiler with project's scala-library version: 3.3.5
2025.04.20 22:26:55 INFO  no build target found for /Users/pablomujica/school/assignment-2-ds2/akka-scala-mr/src/main/scala/mapreduce/mapreduceapp.scala. Using presentation compiler with project's scala-library version: 3.3.5
2025.04.20 22:26:55 INFO  no build target found for /Users/pablomujica/school/assignment-2-ds2/akka-scala-mr/src/main/scala/mapreduce/mapreduceapp.scala. Using presentation compiler with project's scala-library version: 3.3.5
2025.04.20 22:26:56 INFO  no build target found for /Users/pablomujica/school/assignment-2-ds2/akka-scala-mr/src/main/scala/mapreduce/mapreduceapp.scala. Using presentation compiler with project's scala-library version: 3.3.5
2025.04.20 22:26:56 INFO  no build target found for /Users/pablomujica/school/assignment-2-ds2/akka-scala-mr/src/main/scala/mapreduce/mapreduceapp.scala. Using presentation compiler with project's scala-library version: 3.3.5
2025.04.20 22:26:56 INFO  no build target found for /Users/pablomujica/school/assignment-2-ds2/akka-scala-mr/src/main/scala/mapreduce/mapreduceapp.scala. Using presentation compiler with project's scala-library version: 3.3.5
2025.04.20 22:26:56 INFO  no build target found for /Users/pablomujica/school/assignment-2-ds2/akka-scala-mr/src/main/scala/mapreduce/mapreduceapp.scala. Using presentation compiler with project's scala-library version: 3.3.5
2025.04.20 22:26:58 INFO  no build target found for /Users/pablomujica/school/assignment-2-ds2/akka-scala-mr/src/main/scala/mapreduce/mapreduceapp.scala. Using presentation compiler with project's scala-library version: 3.3.5
2025.04.20 22:26:58 INFO  no build target found for /Users/pablomujica/school/assignment-2-ds2/akka-scala-mr/src/main/scala/mapreduce/mapreduceapp.scala. Using presentation compiler with project's scala-library version: 3.3.5
2025.04.20 22:26:58 INFO  no build target found for /Users/pablomujica/school/assignment-2-ds2/akka-scala-mr/src/main/scala/mapreduce/mapreduceapp.scala. Using presentation compiler with project's scala-library version: 3.3.5
2025.04.20 22:26:58 INFO  no build target found for /Users/pablomujica/school/assignment-2-ds2/akka-scala-mr/src/main/scala/mapreduce/mapreduceapp.scala. Using presentation compiler with project's scala-library version: 3.3.5
2025.04.20 22:26:58 INFO  no build target found for /Users/pablomujica/school/assignment-2-ds2/akka-scala-mr/src/main/scala/mapreduce/mapreduceapp.scala. Using presentation compiler with project's scala-library version: 3.3.5
2025.04.20 22:27:06 INFO  no build target found for /Users/pablomujica/school/assignment-2-ds2/akka-scala-mr/src/main/scala/mapreduce/mapreduceapp.scala. Using presentation compiler with project's scala-library version: 3.3.5
2025.04.20 22:27:06 INFO  no build target found for /Users/pablomujica/school/assignment-2-ds2/akka-scala-mr/src/main/scala/mapreduce/mapreduceapp.scala. Using presentation compiler with project's scala-library version: 3.3.5
2025.04.20 22:27:06 INFO  no build target found for /Users/pablomujica/school/assignment-2-ds2/akka-scala-mr/src/main/scala/mapreduce/mapreduceapp.scala. Using presentation compiler with project's scala-library version: 3.3.5
2025.04.20 22:27:07 INFO  no build target found for /Users/pablomujica/school/assignment-2-ds2/akka-scala-mr/src/main/scala/mapreduce/mapreduceapp.scala. Using presentation compiler with project's scala-library version: 3.3.5
2025.04.20 22:27:07 INFO  no build target found for /Users/pablomujica/school/assignment-2-ds2/akka-scala-mr/src/main/scala/mapreduce/mapreduceapp.scala. Using presentation compiler with project's scala-library version: 3.3.5
2025.04.20 22:27:07 INFO  no build target found for /Users/pablomujica/school/assignment-2-ds2/akka-scala-mr/src/main/scala/mapreduce/mapreduceapp.scala. Using presentation compiler with project's scala-library version: 3.3.5
2025.04.20 22:27:07 INFO  no build target found for /Users/pablomujica/school/assignment-2-ds2/akka-scala-mr/src/main/scala/mapreduce/mapreduceapp.scala. Using presentation compiler with project's scala-library version: 3.3.5
2025.04.20 22:27:07 INFO  no build target found for /Users/pablomujica/school/assignment-2-ds2/akka-scala-mr/src/main/scala/mapreduce/mapreduceapp.scala. Using presentation compiler with project's scala-library version: 3.3.5
2025.04.20 22:27:08 INFO  no build target found for /Users/pablomujica/school/assignment-2-ds2/akka-scala-mr/src/main/scala/mapreduce/mapreduceapp.scala. Using presentation compiler with project's scala-library version: 3.3.5
2025.04.20 22:27:08 INFO  no build target found for /Users/pablomujica/school/assignment-2-ds2/akka-scala-mr/src/main/scala/mapreduce/mapreduceapp.scala. Using presentation compiler with project's scala-library version: 3.3.5
2025.04.20 22:27:08 INFO  no build target found for /Users/pablomujica/school/assignment-2-ds2/akka-scala-mr/src/main/scala/mapreduce/mapreduceapp.scala. Using presentation compiler with project's scala-library version: 3.3.5
2025.04.20 22:27:08 INFO  no build target found for /Users/pablomujica/school/assignment-2-ds2/akka-scala-mr/src/main/scala/mapreduce/mapreduceapp.scala. Using presentation compiler with project's scala-library version: 3.3.5
2025.04.20 22:27:09 INFO  no build target found for /Users/pablomujica/school/assignment-2-ds2/akka-scala-mr/src/main/scala/mapreduce/mapreduceapp.scala. Using presentation compiler with project's scala-library version: 3.3.5
2025.04.20 22:27:10 WARN  no build target for: /Users/pablomujica/school/assignment-2-ds2/akka-scala-mr/src/main/scala/mapreduce/mapreduceapp.scala
2025.04.20 22:27:10 INFO  no build target found for /Users/pablomujica/school/assignment-2-ds2/akka-scala-mr/src/main/scala/mapreduce/mapreduceapp.scala. Using presentation compiler with project's scala-library version: 3.3.5
2025.04.20 22:27:10 INFO  no build target found for /Users/pablomujica/school/assignment-2-ds2/akka-scala-mr/src/main/scala/mapreduce/mapreduceapp.scala. Using presentation compiler with project's scala-library version: 3.3.5
2025.04.20 22:27:11 INFO  no build target found for /Users/pablomujica/school/assignment-2-ds2/akka-scala-mr/src/main/scala/mapreduce/mapreduceapp.scala. Using presentation compiler with project's scala-library version: 3.3.5
2025.04.20 22:27:11 INFO  no build target found for /Users/pablomujica/school/assignment-2-ds2/akka-scala-mr/src/main/scala/mapreduce/mapreduceapp.scala. Using presentation compiler with project's scala-library version: 3.3.5
2025.04.20 22:27:12 INFO  no build target found for /Users/pablomujica/school/assignment-2-ds2/akka-scala-mr/src/main/scala/mapreduce/mapreduceapp.scala. Using presentation compiler with project's scala-library version: 3.3.5
2025.04.20 22:27:12 INFO  no build target found for /Users/pablomujica/school/assignment-2-ds2/akka-scala-mr/src/main/scala/mapreduce/mapreduceapp.scala. Using presentation compiler with project's scala-library version: 3.3.5
2025.04.20 22:27:12 INFO  no build target found for /Users/pablomujica/school/assignment-2-ds2/akka-scala-mr/src/main/scala/mapreduce/mapreduceapp.scala. Using presentation compiler with project's scala-library version: 3.3.5
2025.04.20 22:27:13 INFO  no build target found for /Users/pablomujica/school/assignment-2-ds2/akka-scala-mr/src/main/scala/mapreduce/mapreduceapp.scala. Using presentation compiler with project's scala-library version: 3.3.5
Apr 20, 2025 10:27:13 PM scala.meta.internal.metals.StdReporter $anonfun$create$1
WARNING: empty definition using pc, found symbol in pc: scala/App# (full report at: /Users/pablomujica/school/assignment-2-ds2/.metals/.reports/metals-full/2025-04-20/r_empty-definition_22-27-13-122.md)
2025.04.20 22:29:09 INFO  no build target found for /Users/pablomujica/school/assignment-2-ds2/akka-scala-mr/src/main/scala/mapreduce/mapreduceapp.scala. Using presentation compiler with project's scala-library version: 3.3.5
2025.04.20 22:29:09 INFO  no build target found for /Users/pablomujica/school/assignment-2-ds2/akka-scala-mr/src/main/scala/mapreduce/mapreduceapp.scala. Using presentation compiler with project's scala-library version: 3.3.5
2025.04.20 22:29:14 INFO  no build target found for /Users/pablomujica/school/assignment-2-ds2/akka-scala-mr/src/main/scala/mapreduce/mapreduceapp.scala. Using presentation compiler with project's scala-library version: 3.3.5
2025.04.20 22:29:14 INFO  no build target found for /Users/pablomujica/school/assignment-2-ds2/akka-scala-mr/src/main/scala/mapreduce/mapreduceapp.scala. Using presentation compiler with project's scala-library version: 3.3.5
2025.04.20 22:29:14 INFO  no build target found for /Users/pablomujica/school/assignment-2-ds2/akka-scala-mr/src/main/scala/mapreduce/mapreduceapp.scala. Using presentation compiler with project's scala-library version: 3.3.5
2025.04.20 22:29:14 INFO  no build target found for /Users/pablomujica/school/assignment-2-ds2/akka-scala-mr/src/main/scala/mapreduce/mapreduceapp.scala. Using presentation compiler with project's scala-library version: 3.3.5
2025.04.20 22:29:14 INFO  no build target found for /Users/pablomujica/school/assignment-2-ds2/akka-scala-mr/src/main/scala/mapreduce/mapreduceapp.scala. Using presentation compiler with project's scala-library version: 3.3.5
2025.04.20 22:29:14 INFO  no build target found for /Users/pablomujica/school/assignment-2-ds2/akka-scala-mr/src/main/scala/mapreduce/mapreduceapp.scala. Using presentation compiler with project's scala-library version: 3.3.5
2025.04.20 22:29:14 INFO  no build target found for /Users/pablomujica/school/assignment-2-ds2/akka-scala-mr/src/main/scala/mapreduce/mapreduceapp.scala. Using presentation compiler with project's scala-library version: 3.3.5
2025.04.20 22:29:14 INFO  no build target found for /Users/pablomujica/school/assignment-2-ds2/akka-scala-mr/src/main/scala/mapreduce/mapreduceapp.scala. Using presentation compiler with project's scala-library version: 3.3.5
2025.04.20 22:29:14 INFO  no build target found for /Users/pablomujica/school/assignment-2-ds2/akka-scala-mr/src/main/scala/mapreduce/mapreduceapp.scala. Using presentation compiler with project's scala-library version: 3.3.5
2025.04.20 22:29:14 INFO  no build target found for /Users/pablomujica/school/assignment-2-ds2/akka-scala-mr/src/main/scala/mapreduce/mapreduceapp.scala. Using presentation compiler with project's scala-library version: 3.3.5
2025.04.20 22:29:14 INFO  no build target found for /Users/pablomujica/school/assignment-2-ds2/akka-scala-mr/src/main/scala/mapreduce/mapreduceapp.scala. Using presentation compiler with project's scala-library version: 3.3.5
2025.04.20 22:29:14 INFO  no build target found for /Users/pablomujica/school/assignment-2-ds2/akka-scala-mr/src/main/scala/mapreduce/mapreduceapp.scala. Using presentation compiler with project's scala-library version: 3.3.5
2025.04.20 22:29:15 INFO  no build target found for /Users/pablomujica/school/assignment-2-ds2/akka-scala-mr/src/main/scala/mapreduce/mapreduceapp.scala. Using presentation compiler with project's scala-library version: 3.3.5
2025.04.20 22:29:15 INFO  no build target found for /Users/pablomujica/school/assignment-2-ds2/akka-scala-mr/src/main/scala/mapreduce/mapreduceapp.scala. Using presentation compiler with project's scala-library version: 3.3.5
2025.04.20 22:29:14 INFO  no build target found for /Users/pablomujica/school/assignment-2-ds2/akka-scala-mr/src/main/scala/mapreduce/mapreduceapp.scala. Using presentation compiler with project's scala-library version: 3.3.5
2025.04.20 22:29:15 INFO  no build target found for /Users/pablomujica/school/assignment-2-ds2/akka-scala-mr/src/main/scala/mapreduce/mapreduceapp.scala. Using presentation compiler with project's scala-library version: 3.3.5
2025.04.20 22:29:15 INFO  no build target found for /Users/pablomujica/school/assignment-2-ds2/akka-scala-mr/src/main/scala/mapreduce/mapreduceapp.scala. Using presentation compiler with project's scala-library version: 3.3.5
2025.04.20 22:29:15 INFO  no build target found for /Users/pablomujica/school/assignment-2-ds2/akka-scala-mr/src/main/scala/mapreduce/mapreduceapp.scala. Using presentation compiler with project's scala-library version: 3.3.5
2025.04.20 22:29:15 INFO  no build target found for /Users/pablomujica/school/assignment-2-ds2/akka-scala-mr/src/main/scala/mapreduce/mapreduceapp.scala. Using presentation compiler with project's scala-library version: 3.3.5
2025.04.20 22:29:16 INFO  no build target found for /Users/pablomujica/school/assignment-2-ds2/akka-scala-mr/src/main/scala/mapreduce/mapreduceapp.scala. Using presentation compiler with project's scala-library version: 3.3.5
2025.04.20 22:29:17 INFO  no build target found for /Users/pablomujica/school/assignment-2-ds2/akka-scala-mr/src/main/scala/mapreduce/mapreduceapp.scala. Using presentation compiler with project's scala-library version: 3.3.5
2025.04.20 22:29:17 INFO  no build target found for /Users/pablomujica/school/assignment-2-ds2/akka-scala-mr/src/main/scala/mapreduce/mapreduceapp.scala. Using presentation compiler with project's scala-library version: 3.3.5
2025.04.20 22:29:17 INFO  no build target found for /Users/pablomujica/school/assignment-2-ds2/akka-scala-mr/src/main/scala/mapreduce/mapreduceapp.scala. Using presentation compiler with project's scala-library version: 3.3.5
2025.04.20 22:29:17 INFO  no build target found for /Users/pablomujica/school/assignment-2-ds2/akka-scala-mr/src/main/scala/mapreduce/mapreduceapp.scala. Using presentation compiler with project's scala-library version: 3.3.5
2025.04.20 22:29:17 INFO  no build target found for /Users/pablomujica/school/assignment-2-ds2/akka-scala-mr/src/main/scala/mapreduce/mapreduceapp.scala. Using presentation compiler with project's scala-library version: 3.3.5
2025.04.20 22:29:17 INFO  no build target found for /Users/pablomujica/school/assignment-2-ds2/akka-scala-mr/src/main/scala/mapreduce/mapreduceapp.scala. Using presentation compiler with project's scala-library version: 3.3.5
2025.04.20 22:29:17 INFO  no build target found for /Users/pablomujica/school/assignment-2-ds2/akka-scala-mr/src/main/scala/mapreduce/mapreduceapp.scala. Using presentation compiler with project's scala-library version: 3.3.5
2025.04.20 22:29:17 INFO  no build target found for /Users/pablomujica/school/assignment-2-ds2/akka-scala-mr/src/main/scala/mapreduce/mapreduceapp.scala. Using presentation compiler with project's scala-library version: 3.3.5
2025.04.20 22:29:17 INFO  no build target found for /Users/pablomujica/school/assignment-2-ds2/akka-scala-mr/src/main/scala/mapreduce/mapreduceapp.scala. Using presentation compiler with project's scala-library version: 3.3.5
2025.04.20 22:29:17 INFO  no build target found for /Users/pablomujica/school/assignment-2-ds2/akka-scala-mr/src/main/scala/mapreduce/mapreduceapp.scala. Using presentation compiler with project's scala-library version: 3.3.5
2025.04.20 22:29:17 INFO  no build target found for /Users/pablomujica/school/assignment-2-ds2/akka-scala-mr/src/main/scala/mapreduce/mapreduceapp.scala. Using presentation compiler with project's scala-library version: 3.3.5
2025.04.20 22:29:18 INFO  no build target found for /Users/pablomujica/school/assignment-2-ds2/akka-scala-mr/src/main/scala/mapreduce/mapreduceapp.scala. Using presentation compiler with project's scala-library version: 3.3.5
2025.04.20 22:29:18 INFO  no build target found for /Users/pablomujica/school/assignment-2-ds2/akka-scala-mr/src/main/scala/mapreduce/mapreduceapp.scala. Using presentation compiler with project's scala-library version: 3.3.5
2025.04.20 22:29:18 INFO  no build target found for /Users/pablomujica/school/assignment-2-ds2/akka-scala-mr/src/main/scala/mapreduce/mapreduceapp.scala. Using presentation compiler with project's scala-library version: 3.3.5
2025.04.20 22:29:18 INFO  no build target found for /Users/pablomujica/school/assignment-2-ds2/akka-scala-mr/src/main/scala/mapreduce/mapreduceapp.scala. Using presentation compiler with project's scala-library version: 3.3.5
2025.04.20 22:29:19 INFO  no build target found for /Users/pablomujica/school/assignment-2-ds2/akka-scala-mr/src/main/scala/mapreduce/mapreduceapp.scala. Using presentation compiler with project's scala-library version: 3.3.5
2025.04.20 22:29:19 INFO  no build target found for /Users/pablomujica/school/assignment-2-ds2/akka-scala-mr/src/main/scala/mapreduce/mapreduceapp.scala. Using presentation compiler with project's scala-library version: 3.3.5
2025.04.20 22:29:19 INFO  no build target found for /Users/pablomujica/school/assignment-2-ds2/akka-scala-mr/src/main/scala/mapreduce/mapreduceapp.scala. Using presentation compiler with project's scala-library version: 3.3.5
2025.04.20 22:29:19 INFO  no build target found for /Users/pablomujica/school/assignment-2-ds2/akka-scala-mr/src/main/scala/mapreduce/mapreduceapp.scala. Using presentation compiler with project's scala-library version: 3.3.5
2025.04.20 22:29:19 INFO  no build target found for /Users/pablomujica/school/assignment-2-ds2/akka-scala-mr/src/main/scala/mapreduce/mapreduceapp.scala. Using presentation compiler with project's scala-library version: 3.3.5
2025.04.20 22:29:20 INFO  no build target found for /Users/pablomujica/school/assignment-2-ds2/akka-scala-mr/src/main/scala/mapreduce/mapreduceapp.scala. Using presentation compiler with project's scala-library version: 3.3.5
2025.04.20 22:29:19 INFO  no build target found for /Users/pablomujica/school/assignment-2-ds2/akka-scala-mr/src/main/scala/mapreduce/mapreduceapp.scala. Using presentation compiler with project's scala-library version: 3.3.5
2025.04.20 22:29:19 INFO  no build target found for /Users/pablomujica/school/assignment-2-ds2/akka-scala-mr/src/main/scala/mapreduce/mapreduceapp.scala. Using presentation compiler with project's scala-library version: 3.3.5
2025.04.20 22:29:19 INFO  no build target found for /Users/pablomujica/school/assignment-2-ds2/akka-scala-mr/src/main/scala/mapreduce/mapreduceapp.scala. Using presentation compiler with project's scala-library version: 3.3.5
2025.04.20 22:29:20 INFO  no build target found for /Users/pablomujica/school/assignment-2-ds2/akka-scala-mr/src/main/scala/mapreduce/mapreduceapp.scala. Using presentation compiler with project's scala-library version: 3.3.5
2025.04.20 22:29:21 INFO  no build target found for /Users/pablomujica/school/assignment-2-ds2/akka-scala-mr/src/main/scala/mapreduce/mapreduceapp.scala. Using presentation compiler with project's scala-library version: 3.3.5
2025.04.20 22:29:21 INFO  no build target found for /Users/pablomujica/school/assignment-2-ds2/akka-scala-mr/src/main/scala/mapreduce/mapreduceapp.scala. Using presentation compiler with project's scala-library version: 3.3.5
2025.04.20 22:29:21 INFO  no build target found for /Users/pablomujica/school/assignment-2-ds2/akka-scala-mr/src/main/scala/mapreduce/mapreduceapp.scala. Using presentation compiler with project's scala-library version: 3.3.5
2025.04.20 22:29:21 INFO  no build target found for /Users/pablomujica/school/assignment-2-ds2/akka-scala-mr/src/main/scala/mapreduce/mapreduceapp.scala. Using presentation compiler with project's scala-library version: 3.3.5
2025.04.20 22:29:21 INFO  no build target found for /Users/pablomujica/school/assignment-2-ds2/akka-scala-mr/src/main/scala/mapreduce/mapreduceapp.scala. Using presentation compiler with project's scala-library version: 3.3.5
2025.04.20 22:29:21 INFO  no build target found for /Users/pablomujica/school/assignment-2-ds2/akka-scala-mr/src/main/scala/mapreduce/mapreduceapp.scala. Using presentation compiler with project's scala-library version: 3.3.5
2025.04.20 22:29:21 INFO  no build target found for /Users/pablomujica/school/assignment-2-ds2/akka-scala-mr/src/main/scala/mapreduce/mapreduceapp.scala. Using presentation compiler with project's scala-library version: 3.3.5
2025.04.20 22:29:23 INFO  no build target found for /Users/pablomujica/school/assignment-2-ds2/akka-scala-mr/src/main/scala/mapreduce/mapreduceapp.scala. Using presentation compiler with project's scala-library version: 3.3.5
2025.04.20 22:29:23 INFO  no build target found for /Users/pablomujica/school/assignment-2-ds2/akka-scala-mr/src/main/scala/mapreduce/mapreduceapp.scala. Using presentation compiler with project's scala-library version: 3.3.5
2025.04.20 22:29:25 INFO  no build target found for /Users/pablomujica/school/assignment-2-ds2/akka-scala-mr/src/main/scala/mapreduce/mapreduceapp.scala. Using presentation compiler with project's scala-library version: 3.3.5
2025.04.20 22:29:25 INFO  no build target found for /Users/pablomujica/school/assignment-2-ds2/akka-scala-mr/src/main/scala/mapreduce/mapreduceapp.scala. Using presentation compiler with project's scala-library version: 3.3.5
2025.04.20 22:29:25 INFO  no build target found for /Users/pablomujica/school/assignment-2-ds2/akka-scala-mr/src/main/scala/mapreduce/mapreduceapp.scala. Using presentation compiler with project's scala-library version: 3.3.5
2025.04.20 22:29:25 INFO  no build target found for /Users/pablomujica/school/assignment-2-ds2/akka-scala-mr/src/main/scala/mapreduce/mapreduceapp.scala. Using presentation compiler with project's scala-library version: 3.3.5
2025.04.20 22:29:25 INFO  no build target found for /Users/pablomujica/school/assignment-2-ds2/akka-scala-mr/src/main/scala/mapreduce/mapreduceapp.scala. Using presentation compiler with project's scala-library version: 3.3.5
2025.04.20 22:29:25 INFO  no build target found for /Users/pablomujica/school/assignment-2-ds2/akka-scala-mr/src/main/scala/mapreduce/mapreduceapp.scala. Using presentation compiler with project's scala-library version: 3.3.5
2025.04.20 22:29:25 INFO  no build target found for /Users/pablomujica/school/assignment-2-ds2/akka-scala-mr/src/main/scala/mapreduce/mapreduceapp.scala. Using presentation compiler with project's scala-library version: 3.3.5
2025.04.20 22:29:26 INFO  no build target found for /Users/pablomujica/school/assignment-2-ds2/akka-scala-mr/src/main/scala/mapreduce/mapreduceapp.scala. Using presentation compiler with project's scala-library version: 3.3.5
2025.04.20 22:29:26 INFO  no build target found for /Users/pablomujica/school/assignment-2-ds2/akka-scala-mr/src/main/scala/mapreduce/mapreduceapp.scala. Using presentation compiler with project's scala-library version: 3.3.5
2025.04.20 22:29:26 INFO  no build target found for /Users/pablomujica/school/assignment-2-ds2/akka-scala-mr/src/main/scala/mapreduce/mapreduceapp.scala. Using presentation compiler with project's scala-library version: 3.3.5
2025.04.20 22:29:26 INFO  no build target found for /Users/pablomujica/school/assignment-2-ds2/akka-scala-mr/src/main/scala/mapreduce/mapreduceapp.scala. Using presentation compiler with project's scala-library version: 3.3.5
2025.04.20 22:29:26 INFO  no build target found for /Users/pablomujica/school/assignment-2-ds2/akka-scala-mr/src/main/scala/mapreduce/mapreduceapp.scala. Using presentation compiler with project's scala-library version: 3.3.5
2025.04.20 22:29:26 INFO  no build target found for /Users/pablomujica/school/assignment-2-ds2/akka-scala-mr/src/main/scala/mapreduce/mapreduceapp.scala. Using presentation compiler with project's scala-library version: 3.3.5
2025.04.20 22:29:26 INFO  no build target found for /Users/pablomujica/school/assignment-2-ds2/akka-scala-mr/src/main/scala/mapreduce/mapreduceapp.scala. Using presentation compiler with project's scala-library version: 3.3.5
2025.04.20 22:29:26 INFO  no build target found for /Users/pablomujica/school/assignment-2-ds2/akka-scala-mr/src/main/scala/mapreduce/mapreduceapp.scala. Using presentation compiler with project's scala-library version: 3.3.5
2025.04.20 22:29:27 INFO  no build target found for /Users/pablomujica/school/assignment-2-ds2/akka-scala-mr/src/main/scala/mapreduce/mapreduceapp.scala. Using presentation compiler with project's scala-library version: 3.3.5
2025.04.20 22:29:26 INFO  no build target found for /Users/pablomujica/school/assignment-2-ds2/akka-scala-mr/src/main/scala/mapreduce/mapreduceapp.scala. Using presentation compiler with project's scala-library version: 3.3.5
2025.04.20 22:29:28 INFO  no build target found for /Users/pablomujica/school/assignment-2-ds2/akka-scala-mr/src/main/scala/mapreduce/mapreduceapp.scala. Using presentation compiler with project's scala-library version: 3.3.5
2025.04.20 22:29:28 INFO  no build target found for /Users/pablomujica/school/assignment-2-ds2/akka-scala-mr/src/main/scala/mapreduce/mapreduceapp.scala. Using presentation compiler with project's scala-library version: 3.3.5
2025.04.20 22:29:28 INFO  no build target found for /Users/pablomujica/school/assignment-2-ds2/akka-scala-mr/src/main/scala/mapreduce/mapreduceapp.scala. Using presentation compiler with project's scala-library version: 3.3.5
2025.04.20 22:29:28 INFO  no build target found for /Users/pablomujica/school/assignment-2-ds2/akka-scala-mr/src/main/scala/mapreduce/mapreduceapp.scala. Using presentation compiler with project's scala-library version: 3.3.5
2025.04.20 22:29:28 INFO  no build target found for /Users/pablomujica/school/assignment-2-ds2/akka-scala-mr/src/main/scala/mapreduce/mapreduceapp.scala. Using presentation compiler with project's scala-library version: 3.3.5
2025.04.20 22:29:28 INFO  no build target found for /Users/pablomujica/school/assignment-2-ds2/akka-scala-mr/src/main/scala/mapreduce/mapreduceapp.scala. Using presentation compiler with project's scala-library version: 3.3.5
2025.04.20 22:29:29 INFO  no build target found for /Users/pablomujica/school/assignment-2-ds2/akka-scala-mr/src/main/scala/mapreduce/mapreduceapp.scala. Using presentation compiler with project's scala-library version: 3.3.5
2025.04.20 22:29:29 INFO  no build target found for /Users/pablomujica/school/assignment-2-ds2/akka-scala-mr/src/main/scala/mapreduce/mapreduceapp.scala. Using presentation compiler with project's scala-library version: 3.3.5
2025.04.20 22:29:33 INFO  no build target found for /Users/pablomujica/school/assignment-2-ds2/akka-scala-mr/src/main/scala/mapreduce/mapreduceapp.scala. Using presentation compiler with project's scala-library version: 3.3.5
2025.04.20 22:29:33 INFO  no build target found for /Users/pablomujica/school/assignment-2-ds2/akka-scala-mr/src/main/scala/mapreduce/mapreduceapp.scala. Using presentation compiler with project's scala-library version: 3.3.5
2025.04.20 22:29:33 INFO  no build target found for /Users/pablomujica/school/assignment-2-ds2/akka-scala-mr/src/main/scala/mapreduce/mapreduceapp.scala. Using presentation compiler with project's scala-library version: 3.3.5
2025.04.20 22:29:33 INFO  no build target found for /Users/pablomujica/school/assignment-2-ds2/akka-scala-mr/src/main/scala/mapreduce/mapreduceapp.scala. Using presentation compiler with project's scala-library version: 3.3.5
2025.04.20 22:29:33 INFO  no build target found for /Users/pablomujica/school/assignment-2-ds2/akka-scala-mr/src/main/scala/mapreduce/mapreduceapp.scala. Using presentation compiler with project's scala-library version: 3.3.5
2025.04.20 22:29:34 INFO  no build target found for /Users/pablomujica/school/assignment-2-ds2/akka-scala-mr/src/main/scala/mapreduce/mapreduceapp.scala. Using presentation compiler with project's scala-library version: 3.3.5
2025.04.20 22:29:34 INFO  no build target found for /Users/pablomujica/school/assignment-2-ds2/akka-scala-mr/src/main/scala/mapreduce/mapreduceapp.scala. Using presentation compiler with project's scala-library version: 3.3.5
2025.04.20 22:29:34 INFO  no build target found for /Users/pablomujica/school/assignment-2-ds2/akka-scala-mr/src/main/scala/mapreduce/mapreduceapp.scala. Using presentation compiler with project's scala-library version: 3.3.5
2025.04.20 22:29:34 INFO  no build target found for /Users/pablomujica/school/assignment-2-ds2/akka-scala-mr/src/main/scala/mapreduce/mapreduceapp.scala. Using presentation compiler with project's scala-library version: 3.3.5
2025.04.20 22:29:34 INFO  no build target found for /Users/pablomujica/school/assignment-2-ds2/akka-scala-mr/src/main/scala/mapreduce/mapreduceapp.scala. Using presentation compiler with project's scala-library version: 3.3.5
2025.04.20 22:29:34 INFO  no build target found for /Users/pablomujica/school/assignment-2-ds2/akka-scala-mr/src/main/scala/mapreduce/mapreduceapp.scala. Using presentation compiler with project's scala-library version: 3.3.5
2025.04.20 22:29:34 INFO  no build target found for /Users/pablomujica/school/assignment-2-ds2/akka-scala-mr/src/main/scala/mapreduce/mapreduceapp.scala. Using presentation compiler with project's scala-library version: 3.3.5
2025.04.20 22:29:34 INFO  no build target found for /Users/pablomujica/school/assignment-2-ds2/akka-scala-mr/src/main/scala/mapreduce/mapreduceapp.scala. Using presentation compiler with project's scala-library version: 3.3.5
2025.04.20 22:29:35 INFO  no build target found for /Users/pablomujica/school/assignment-2-ds2/akka-scala-mr/src/main/scala/mapreduce/mapreduceapp.scala. Using presentation compiler with project's scala-library version: 3.3.5
2025.04.20 22:29:35 INFO  no build target found for /Users/pablomujica/school/assignment-2-ds2/akka-scala-mr/src/main/scala/mapreduce/mapreduceapp.scala. Using presentation compiler with project's scala-library version: 3.3.5
2025.04.20 22:29:35 INFO  no build target found for /Users/pablomujica/school/assignment-2-ds2/akka-scala-mr/src/main/scala/mapreduce/mapreduceapp.scala. Using presentation compiler with project's scala-library version: 3.3.5
2025.04.20 22:29:35 INFO  no build target found for /Users/pablomujica/school/assignment-2-ds2/akka-scala-mr/src/main/scala/mapreduce/mapreduceapp.scala. Using presentation compiler with project's scala-library version: 3.3.5
2025.04.20 22:29:35 INFO  no build target found for /Users/pablomujica/school/assignment-2-ds2/akka-scala-mr/src/main/scala/mapreduce/mapreduceapp.scala. Using presentation compiler with project's scala-library version: 3.3.5
2025.04.20 22:29:35 INFO  no build target found for /Users/pablomujica/school/assignment-2-ds2/akka-scala-mr/src/main/scala/mapreduce/mapreduceapp.scala. Using presentation compiler with project's scala-library version: 3.3.5
2025.04.20 22:29:35 INFO  no build target found for /Users/pablomujica/school/assignment-2-ds2/akka-scala-mr/src/main/scala/mapreduce/mapreduceapp.scala. Using presentation compiler with project's scala-library version: 3.3.5
2025.04.20 22:29:35 INFO  no build target found for /Users/pablomujica/school/assignment-2-ds2/akka-scala-mr/src/main/scala/mapreduce/mapreduceapp.scala. Using presentation compiler with project's scala-library version: 3.3.5
2025.04.20 22:29:35 INFO  no build target found for /Users/pablomujica/school/assignment-2-ds2/akka-scala-mr/src/main/scala/mapreduce/mapreduceapp.scala. Using presentation compiler with project's scala-library version: 3.3.5
2025.04.20 22:29:36 INFO  no build target found for /Users/pablomujica/school/assignment-2-ds2/akka-scala-mr/src/main/scala/mapreduce/mapreduceapp.scala. Using presentation compiler with project's scala-library version: 3.3.5
2025.04.20 22:29:36 INFO  no build target found for /Users/pablomujica/school/assignment-2-ds2/akka-scala-mr/src/main/scala/mapreduce/mapreduceapp.scala. Using presentation compiler with project's scala-library version: 3.3.5
2025.04.20 22:29:36 INFO  no build target found for /Users/pablomujica/school/assignment-2-ds2/akka-scala-mr/src/main/scala/mapreduce/mapreduceapp.scala. Using presentation compiler with project's scala-library version: 3.3.5
2025.04.20 22:29:36 INFO  no build target found for /Users/pablomujica/school/assignment-2-ds2/akka-scala-mr/src/main/scala/mapreduce/mapreduceapp.scala. Using presentation compiler with project's scala-library version: 3.3.5
2025.04.20 22:29:37 INFO  no build target found for /Users/pablomujica/school/assignment-2-ds2/akka-scala-mr/src/main/scala/mapreduce/mapreduceapp.scala. Using presentation compiler with project's scala-library version: 3.3.5
2025.04.20 22:29:38 INFO  no build target found for /Users/pablomujica/school/assignment-2-ds2/akka-scala-mr/src/main/scala/mapreduce/mapreduceapp.scala. Using presentation compiler with project's scala-library version: 3.3.5
2025.04.20 22:29:38 INFO  no build target found for /Users/pablomujica/school/assignment-2-ds2/akka-scala-mr/src/main/scala/mapreduce/mapreduceapp.scala. Using presentation compiler with project's scala-library version: 3.3.5
2025.04.20 22:29:38 INFO  no build target found for /Users/pablomujica/school/assignment-2-ds2/akka-scala-mr/src/main/scala/mapreduce/mapreduceapp.scala. Using presentation compiler with project's scala-library version: 3.3.5
2025.04.20 22:29:38 INFO  no build target found for /Users/pablomujica/school/assignment-2-ds2/akka-scala-mr/src/main/scala/mapreduce/mapreduceapp.scala. Using presentation compiler with project's scala-library version: 3.3.5
2025.04.20 22:29:38 INFO  no build target found for /Users/pablomujica/school/assignment-2-ds2/akka-scala-mr/src/main/scala/mapreduce/mapreduceapp.scala. Using presentation compiler with project's scala-library version: 3.3.5
2025.04.20 22:29:40 INFO  no build target found for /Users/pablomujica/school/assignment-2-ds2/akka-scala-mr/src/main/scala/mapreduce/mapreduceapp.scala. Using presentation compiler with project's scala-library version: 3.3.5
2025.04.20 22:29:40 INFO  no build target found for /Users/pablomujica/school/assignment-2-ds2/akka-scala-mr/src/main/scala/mapreduce/mapreduceapp.scala. Using presentation compiler with project's scala-library version: 3.3.5
2025.04.20 22:29:40 INFO  no build target found for /Users/pablomujica/school/assignment-2-ds2/akka-scala-mr/src/main/scala/mapreduce/mapreduceapp.scala. Using presentation compiler with project's scala-library version: 3.3.5
2025.04.20 22:29:40 INFO  no build target found for /Users/pablomujica/school/assignment-2-ds2/akka-scala-mr/src/main/scala/mapreduce/mapreduceapp.scala. Using presentation compiler with project's scala-library version: 3.3.5
2025.04.20 22:29:40 INFO  no build target found for /Users/pablomujica/school/assignment-2-ds2/akka-scala-mr/src/main/scala/mapreduce/mapreduceapp.scala. Using presentation compiler with project's scala-library version: 3.3.5
2025.04.20 22:29:40 INFO  no build target found for /Users/pablomujica/school/assignment-2-ds2/akka-scala-mr/src/main/scala/mapreduce/mapreduceapp.scala. Using presentation compiler with project's scala-library version: 3.3.5
2025.04.20 22:29:40 INFO  no build target found for /Users/pablomujica/school/assignment-2-ds2/akka-scala-mr/src/main/scala/mapreduce/mapreduceapp.scala. Using presentation compiler with project's scala-library version: 3.3.5
2025.04.20 22:29:40 INFO  no build target found for /Users/pablomujica/school/assignment-2-ds2/akka-scala-mr/src/main/scala/mapreduce/mapreduceapp.scala. Using presentation compiler with project's scala-library version: 3.3.5
2025.04.20 22:29:40 INFO  no build target found for /Users/pablomujica/school/assignment-2-ds2/akka-scala-mr/src/main/scala/mapreduce/mapreduceapp.scala. Using presentation compiler with project's scala-library version: 3.3.5
2025.04.20 22:29:40 INFO  no build target found for /Users/pablomujica/school/assignment-2-ds2/akka-scala-mr/src/main/scala/mapreduce/mapreduceapp.scala. Using presentation compiler with project's scala-library version: 3.3.5
2025.04.20 22:29:40 INFO  no build target found for /Users/pablomujica/school/assignment-2-ds2/akka-scala-mr/src/main/scala/mapreduce/mapreduceapp.scala. Using presentation compiler with project's scala-library version: 3.3.5
2025.04.20 22:29:40 INFO  no build target found for /Users/pablomujica/school/assignment-2-ds2/akka-scala-mr/src/main/scala/mapreduce/mapreduceapp.scala. Using presentation compiler with project's scala-library version: 3.3.5
2025.04.20 22:29:41 INFO  no build target found for /Users/pablomujica/school/assignment-2-ds2/akka-scala-mr/src/main/scala/mapreduce/mapreduceapp.scala. Using presentation compiler with project's scala-library version: 3.3.5
2025.04.20 22:29:41 INFO  no build target found for /Users/pablomujica/school/assignment-2-ds2/akka-scala-mr/src/main/scala/mapreduce/mapreduceapp.scala. Using presentation compiler with project's scala-library version: 3.3.5
2025.04.20 22:29:41 INFO  no build target found for /Users/pablomujica/school/assignment-2-ds2/akka-scala-mr/src/main/scala/mapreduce/mapreduceapp.scala. Using presentation compiler with project's scala-library version: 3.3.5
2025.04.20 22:29:41 INFO  no build target found for /Users/pablomujica/school/assignment-2-ds2/akka-scala-mr/src/main/scala/mapreduce/mapreduceapp.scala. Using presentation compiler with project's scala-library version: 3.3.5
2025.04.20 22:29:41 INFO  no build target found for /Users/pablomujica/school/assignment-2-ds2/akka-scala-mr/src/main/scala/mapreduce/mapreduceapp.scala. Using presentation compiler with project's scala-library version: 3.3.5
2025.04.20 22:29:41 INFO  no build target found for /Users/pablomujica/school/assignment-2-ds2/akka-scala-mr/src/main/scala/mapreduce/mapreduceapp.scala. Using presentation compiler with project's scala-library version: 3.3.5
2025.04.20 22:29:41 INFO  no build target found for /Users/pablomujica/school/assignment-2-ds2/akka-scala-mr/src/main/scala/mapreduce/mapreduceapp.scala. Using presentation compiler with project's scala-library version: 3.3.5
2025.04.20 22:29:41 INFO  no build target found for /Users/pablomujica/school/assignment-2-ds2/akka-scala-mr/src/main/scala/mapreduce/mapreduceapp.scala. Using presentation compiler with project's scala-library version: 3.3.5
2025.04.20 22:29:41 INFO  no build target found for /Users/pablomujica/school/assignment-2-ds2/akka-scala-mr/src/main/scala/mapreduce/mapreduceapp.scala. Using presentation compiler with project's scala-library version: 3.3.5
2025.04.20 22:29:41 INFO  no build target found for /Users/pablomujica/school/assignment-2-ds2/akka-scala-mr/src/main/scala/mapreduce/mapreduceapp.scala. Using presentation compiler with project's scala-library version: 3.3.5
2025.04.20 22:29:42 INFO  no build target found for /Users/pablomujica/school/assignment-2-ds2/akka-scala-mr/src/main/scala/mapreduce/mapreduceapp.scala. Using presentation compiler with project's scala-library version: 3.3.5
2025.04.20 22:29:42 INFO  no build target found for /Users/pablomujica/school/assignment-2-ds2/akka-scala-mr/src/main/scala/mapreduce/mapreduceapp.scala. Using presentation compiler with project's scala-library version: 3.3.5
2025.04.20 22:29:42 INFO  no build target found for /Users/pablomujica/school/assignment-2-ds2/akka-scala-mr/src/main/scala/mapreduce/mapreduceapp.scala. Using presentation compiler with project's scala-library version: 3.3.5
2025.04.20 22:29:42 INFO  no build target found for /Users/pablomujica/school/assignment-2-ds2/akka-scala-mr/src/main/scala/mapreduce/mapreduceapp.scala. Using presentation compiler with project's scala-library version: 3.3.5
2025.04.20 22:29:42 INFO  no build target found for /Users/pablomujica/school/assignment-2-ds2/akka-scala-mr/src/main/scala/mapreduce/mapreduceapp.scala. Using presentation compiler with project's scala-library version: 3.3.5
2025.04.20 22:29:42 INFO  no build target found for /Users/pablomujica/school/assignment-2-ds2/akka-scala-mr/src/main/scala/mapreduce/mapreduceapp.scala. Using presentation compiler with project's scala-library version: 3.3.5
2025.04.20 22:29:42 INFO  no build target found for /Users/pablomujica/school/assignment-2-ds2/akka-scala-mr/src/main/scala/mapreduce/mapreduceapp.scala. Using presentation compiler with project's scala-library version: 3.3.5
2025.04.20 22:29:42 INFO  no build target found for /Users/pablomujica/school/assignment-2-ds2/akka-scala-mr/src/main/scala/mapreduce/mapreduceapp.scala. Using presentation compiler with project's scala-library version: 3.3.5
2025.04.20 22:29:43 INFO  no build target found for /Users/pablomujica/school/assignment-2-ds2/akka-scala-mr/src/main/scala/mapreduce/mapreduceapp.scala. Using presentation compiler with project's scala-library version: 3.3.5
2025.04.20 22:29:44 INFO  no build target found for /Users/pablomujica/school/assignment-2-ds2/akka-scala-mr/src/main/scala/mapreduce/mapreduceapp.scala. Using presentation compiler with project's scala-library version: 3.3.5
2025.04.20 22:29:44 INFO  no build target found for /Users/pablomujica/school/assignment-2-ds2/akka-scala-mr/src/main/scala/mapreduce/mapreduceapp.scala. Using presentation compiler with project's scala-library version: 3.3.5
2025.04.20 22:29:44 INFO  no build target found for /Users/pablomujica/school/assignment-2-ds2/akka-scala-mr/src/main/scala/mapreduce/mapreduceapp.scala. Using presentation compiler with project's scala-library version: 3.3.5
2025.04.20 22:29:44 INFO  no build target found for /Users/pablomujica/school/assignment-2-ds2/akka-scala-mr/src/main/scala/mapreduce/mapreduceapp.scala. Using presentation compiler with project's scala-library version: 3.3.5
2025.04.20 22:29:44 INFO  no build target found for /Users/pablomujica/school/assignment-2-ds2/akka-scala-mr/src/main/scala/mapreduce/mapreduceapp.scala. Using presentation compiler with project's scala-library version: 3.3.5
2025.04.20 22:29:44 INFO  no build target found for /Users/pablomujica/school/assignment-2-ds2/akka-scala-mr/src/main/scala/mapreduce/mapreduceapp.scala. Using presentation compiler with project's scala-library version: 3.3.5
2025.04.20 22:29:45 INFO  no build target found for /Users/pablomujica/school/assignment-2-ds2/akka-scala-mr/src/main/scala/mapreduce/mapreduceapp.scala. Using presentation compiler with project's scala-library version: 3.3.5
2025.04.20 22:29:45 INFO  no build target found for /Users/pablomujica/school/assignment-2-ds2/akka-scala-mr/src/main/scala/mapreduce/mapreduceapp.scala. Using presentation compiler with project's scala-library version: 3.3.5
2025.04.20 22:29:45 INFO  no build target found for /Users/pablomujica/school/assignment-2-ds2/akka-scala-mr/src/main/scala/mapreduce/mapreduceapp.scala. Using presentation compiler with project's scala-library version: 3.3.5
2025.04.20 22:29:45 INFO  no build target found for /Users/pablomujica/school/assignment-2-ds2/akka-scala-mr/src/main/scala/mapreduce/mapreduceapp.scala. Using presentation compiler with project's scala-library version: 3.3.5
2025.04.20 22:29:45 INFO  no build target found for /Users/pablomujica/school/assignment-2-ds2/akka-scala-mr/src/main/scala/mapreduce/mapreduceapp.scala. Using presentation compiler with project's scala-library version: 3.3.5
2025.04.20 22:29:45 INFO  no build target found for /Users/pablomujica/school/assignment-2-ds2/akka-scala-mr/src/main/scala/mapreduce/mapreduceapp.scala. Using presentation compiler with project's scala-library version: 3.3.5
2025.04.20 22:29:45 INFO  no build target found for /Users/pablomujica/school/assignment-2-ds2/akka-scala-mr/src/main/scala/mapreduce/mapreduceapp.scala. Using presentation compiler with project's scala-library version: 3.3.5
2025.04.20 22:29:46 INFO  no build target found for /Users/pablomujica/school/assignment-2-ds2/akka-scala-mr/src/main/scala/mapreduce/mapreduceapp.scala. Using presentation compiler with project's scala-library version: 3.3.5
2025.04.20 22:29:46 INFO  no build target found for /Users/pablomujica/school/assignment-2-ds2/akka-scala-mr/src/main/scala/mapreduce/mapreduceapp.scala. Using presentation compiler with project's scala-library version: 3.3.5
2025.04.20 22:29:46 INFO  no build target found for /Users/pablomujica/school/assignment-2-ds2/akka-scala-mr/src/main/scala/mapreduce/mapreduceapp.scala. Using presentation compiler with project's scala-library version: 3.3.5
2025.04.20 22:29:46 INFO  no build target found for /Users/pablomujica/school/assignment-2-ds2/akka-scala-mr/src/main/scala/mapreduce/mapreduceapp.scala. Using presentation compiler with project's scala-library version: 3.3.5
2025.04.20 22:29:47 WARN  no build target for: /Users/pablomujica/school/assignment-2-ds2/akka-scala-mr/src/main/scala/mapreduce/mapreduceapp.scala
2025.04.20 22:29:47 INFO  no build target found for /Users/pablomujica/school/assignment-2-ds2/akka-scala-mr/src/main/scala/mapreduce/mapreduceapp.scala. Using presentation compiler with project's scala-library version: 3.3.5
2025.04.20 22:29:47 INFO  no build target found for /Users/pablomujica/school/assignment-2-ds2/akka-scala-mr/src/main/scala/mapreduce/mapreduceapp.scala. Using presentation compiler with project's scala-library version: 3.3.5
Apr 20, 2025 10:29:47 PM scala.meta.internal.metals.StdReporter $anonfun$create$1
WARNING: empty definition using pc, found symbol in pc: `<none>`. (full report at: /Users/pablomujica/school/assignment-2-ds2/.metals/.reports/metals-full/2025-04-20/r_empty-definition_22-29-47-274.md)
2025.04.20 22:29:46 INFO  no build target found for /Users/pablomujica/school/assignment-2-ds2/akka-scala-mr/src/main/scala/mapreduce/mapreduceapp.scala. Using presentation compiler with project's scala-library version: 3.3.5
2025.04.20 22:29:47 INFO  no build target found for /Users/pablomujica/school/assignment-2-ds2/akka-scala-mr/src/main/scala/mapreduce/mapreduceapp.scala. Using presentation compiler with project's scala-library version: 3.3.5
2025.04.20 22:29:47 INFO  no build target found for /Users/pablomujica/school/assignment-2-ds2/akka-scala-mr/src/main/scala/mapreduce/mapreduceapp.scala. Using presentation compiler with project's scala-library version: 3.3.5
2025.04.20 22:29:47 INFO  no build target found for /Users/pablomujica/school/assignment-2-ds2/akka-scala-mr/src/main/scala/mapreduce/mapreduceapp.scala. Using presentation compiler with project's scala-library version: 3.3.5
2025.04.20 22:29:47 INFO  no build target found for /Users/pablomujica/school/assignment-2-ds2/akka-scala-mr/src/main/scala/mapreduce/mapreduceapp.scala. Using presentation compiler with project's scala-library version: 3.3.5
2025.04.20 22:29:48 INFO  no build target found for /Users/pablomujica/school/assignment-2-ds2/akka-scala-mr/src/main/scala/mapreduce/mapreduceapp.scala. Using presentation compiler with project's scala-library version: 3.3.5
2025.04.20 22:29:49 INFO  no build target found for /Users/pablomujica/school/assignment-2-ds2/akka-scala-mr/src/main/scala/mapreduce/mapreduceapp.scala. Using presentation compiler with project's scala-library version: 3.3.5
2025.04.20 22:29:48 INFO  no build target found for /Users/pablomujica/school/assignment-2-ds2/akka-scala-mr/src/main/scala/mapreduce/mapreduceapp.scala. Using presentation compiler with project's scala-library version: 3.3.5
2025.04.20 22:29:48 INFO  no build target found for /Users/pablomujica/school/assignment-2-ds2/akka-scala-mr/src/main/scala/mapreduce/mapreduceapp.scala. Using presentation compiler with project's scala-library version: 3.3.5
2025.04.20 22:29:48 INFO  no build target found for /Users/pablomujica/school/assignment-2-ds2/akka-scala-mr/src/main/scala/mapreduce/mapreduceapp.scala. Using presentation compiler with project's scala-library version: 3.3.5
2025.04.20 22:29:48 INFO  no build target found for /Users/pablomujica/school/assignment-2-ds2/akka-scala-mr/src/main/scala/mapreduce/mapreduceapp.scala. Using presentation compiler with project's scala-library version: 3.3.5
2025.04.20 22:29:48 INFO  no build target found for /Users/pablomujica/school/assignment-2-ds2/akka-scala-mr/src/main/scala/mapreduce/mapreduceapp.scala. Using presentation compiler with project's scala-library version: 3.3.5
2025.04.20 22:29:48 INFO  no build target found for /Users/pablomujica/school/assignment-2-ds2/akka-scala-mr/src/main/scala/mapreduce/mapreduceapp.scala. Using presentation compiler with project's scala-library version: 3.3.5
2025.04.20 22:29:49 INFO  no build target found for /Users/pablomujica/school/assignment-2-ds2/akka-scala-mr/src/main/scala/mapreduce/mapreduceapp.scala. Using presentation compiler with project's scala-library version: 3.3.5
2025.04.20 22:29:48 INFO  no build target found for /Users/pablomujica/school/assignment-2-ds2/akka-scala-mr/src/main/scala/mapreduce/mapreduceapp.scala. Using presentation compiler with project's scala-library version: 3.3.5
2025.04.20 22:29:50 INFO  no build target found for /Users/pablomujica/school/assignment-2-ds2/akka-scala-mr/src/main/scala/mapreduce/mapreduceapp.scala. Using presentation compiler with project's scala-library version: 3.3.5
2025.04.20 22:29:50 INFO  no build target found for /Users/pablomujica/school/assignment-2-ds2/akka-scala-mr/src/main/scala/mapreduce/mapreduceapp.scala. Using presentation compiler with project's scala-library version: 3.3.5
2025.04.20 22:29:50 INFO  no build target found for /Users/pablomujica/school/assignment-2-ds2/akka-scala-mr/src/main/scala/mapreduce/mapreduceapp.scala. Using presentation compiler with project's scala-library version: 3.3.5
2025.04.20 22:29:51 INFO  no build target found for /Users/pablomujica/school/assignment-2-ds2/akka-scala-mr/src/main/scala/mapreduce/mapreduceapp.scala. Using presentation compiler with project's scala-library version: 3.3.5
2025.04.20 22:29:50 INFO  no build target found for /Users/pablomujica/school/assignment-2-ds2/akka-scala-mr/src/main/scala/mapreduce/mapreduceapp.scala. Using presentation compiler with project's scala-library version: 3.3.5
2025.04.20 22:29:51 INFO  no build target found for /Users/pablomujica/school/assignment-2-ds2/akka-scala-mr/src/main/scala/mapreduce/mapreduceapp.scala. Using presentation compiler with project's scala-library version: 3.3.5
2025.04.20 22:29:51 INFO  no build target found for /Users/pablomujica/school/assignment-2-ds2/akka-scala-mr/src/main/scala/mapreduce/mapreduceapp.scala. Using presentation compiler with project's scala-library version: 3.3.5
2025.04.20 22:29:51 INFO  no build target found for /Users/pablomujica/school/assignment-2-ds2/akka-scala-mr/src/main/scala/mapreduce/mapreduceapp.scala. Using presentation compiler with project's scala-library version: 3.3.5
2025.04.20 22:29:51 INFO  no build target found for /Users/pablomujica/school/assignment-2-ds2/akka-scala-mr/src/main/scala/mapreduce/mapreduceapp.scala. Using presentation compiler with project's scala-library version: 3.3.5
2025.04.20 22:29:52 INFO  no build target found for /Users/pablomujica/school/assignment-2-ds2/akka-scala-mr/src/main/scala/mapreduce/mapreduceapp.scala. Using presentation compiler with project's scala-library version: 3.3.5
2025.04.20 22:29:51 INFO  no build target found for /Users/pablomujica/school/assignment-2-ds2/akka-scala-mr/src/main/scala/mapreduce/mapreduceapp.scala. Using presentation compiler with project's scala-library version: 3.3.5
2025.04.20 22:29:51 INFO  no build target found for /Users/pablomujica/school/assignment-2-ds2/akka-scala-mr/src/main/scala/mapreduce/mapreduceapp.scala. Using presentation compiler with project's scala-library version: 3.3.5
2025.04.20 22:29:51 INFO  no build target found for /Users/pablomujica/school/assignment-2-ds2/akka-scala-mr/src/main/scala/mapreduce/mapreduceapp.scala. Using presentation compiler with project's scala-library version: 3.3.5
2025.04.20 22:29:51 INFO  no build target found for /Users/pablomujica/school/assignment-2-ds2/akka-scala-mr/src/main/scala/mapreduce/mapreduceapp.scala. Using presentation compiler with project's scala-library version: 3.3.5
2025.04.20 22:29:51 INFO  no build target found for /Users/pablomujica/school/assignment-2-ds2/akka-scala-mr/src/main/scala/mapreduce/mapreduceapp.scala. Using presentation compiler with project's scala-library version: 3.3.5
2025.04.20 22:29:53 INFO  no build target found for /Users/pablomujica/school/assignment-2-ds2/akka-scala-mr/src/main/scala/mapreduce/mapreduceapp.scala. Using presentation compiler with project's scala-library version: 3.3.5
2025.04.20 22:29:53 INFO  no build target found for /Users/pablomujica/school/assignment-2-ds2/akka-scala-mr/src/main/scala/mapreduce/mapreduceapp.scala. Using presentation compiler with project's scala-library version: 3.3.5
2025.04.20 22:29:53 INFO  no build target found for /Users/pablomujica/school/assignment-2-ds2/akka-scala-mr/src/main/scala/mapreduce/mapreduceapp.scala. Using presentation compiler with project's scala-library version: 3.3.5
2025.04.20 22:29:53 INFO  no build target found for /Users/pablomujica/school/assignment-2-ds2/akka-scala-mr/src/main/scala/mapreduce/mapreduceapp.scala. Using presentation compiler with project's scala-library version: 3.3.5
2025.04.20 22:29:54 INFO  no build target found for /Users/pablomujica/school/assignment-2-ds2/akka-scala-mr/src/main/scala/mapreduce/mapreduceapp.scala. Using presentation compiler with project's scala-library version: 3.3.5
2025.04.20 22:29:54 INFO  no build target found for /Users/pablomujica/school/assignment-2-ds2/akka-scala-mr/src/main/scala/mapreduce/mapreduceapp.scala. Using presentation compiler with project's scala-library version: 3.3.5
2025.04.20 22:29:55 INFO  no build target found for /Users/pablomujica/school/assignment-2-ds2/akka-scala-mr/src/main/scala/mapreduce/mapreduceapp.scala. Using presentation compiler with project's scala-library version: 3.3.5
2025.04.20 22:29:55 INFO  no build target found for /Users/pablomujica/school/assignment-2-ds2/akka-scala-mr/src/main/scala/mapreduce/mapreduceapp.scala. Using presentation compiler with project's scala-library version: 3.3.5
2025.04.20 22:29:56 INFO  no build target found for /Users/pablomujica/school/assignment-2-ds2/akka-scala-mr/src/main/scala/mapreduce/mapreduceapp.scala. Using presentation compiler with project's scala-library version: 3.3.5
2025.04.20 22:29:56 INFO  no build target found for /Users/pablomujica/school/assignment-2-ds2/akka-scala-mr/src/main/scala/mapreduce/mapreduceapp.scala. Using presentation compiler with project's scala-library version: 3.3.5
2025.04.20 22:29:56 INFO  no build target found for /Users/pablomujica/school/assignment-2-ds2/akka-scala-mr/src/main/scala/mapreduce/mapreduceapp.scala. Using presentation compiler with project's scala-library version: 3.3.5
2025.04.20 22:29:56 INFO  no build target found for /Users/pablomujica/school/assignment-2-ds2/akka-scala-mr/src/main/scala/mapreduce/mapreduceapp.scala. Using presentation compiler with project's scala-library version: 3.3.5
2025.04.20 22:29:56 INFO  no build target found for /Users/pablomujica/school/assignment-2-ds2/akka-scala-mr/src/main/scala/mapreduce/mapreduceapp.scala. Using presentation compiler with project's scala-library version: 3.3.5
2025.04.20 22:29:57 INFO  no build target found for /Users/pablomujica/school/assignment-2-ds2/akka-scala-mr/src/main/scala/mapreduce/mapreduceapp.scala. Using presentation compiler with project's scala-library version: 3.3.5
2025.04.20 22:29:57 INFO  no build target found for /Users/pablomujica/school/assignment-2-ds2/akka-scala-mr/src/main/scala/mapreduce/mapreduceapp.scala. Using presentation compiler with project's scala-library version: 3.3.5
2025.04.20 22:29:57 INFO  no build target found for /Users/pablomujica/school/assignment-2-ds2/akka-scala-mr/src/main/scala/mapreduce/mapreduceapp.scala. Using presentation compiler with project's scala-library version: 3.3.5
2025.04.20 22:29:58 INFO  no build target found for /Users/pablomujica/school/assignment-2-ds2/akka-scala-mr/src/main/scala/mapreduce/mapreduceapp.scala. Using presentation compiler with project's scala-library version: 3.3.5
2025.04.20 22:29:58 INFO  no build target found for /Users/pablomujica/school/assignment-2-ds2/akka-scala-mr/src/main/scala/mapreduce/mapreduceapp.scala. Using presentation compiler with project's scala-library version: 3.3.5
2025.04.20 22:29:58 WARN  no build target for: /Users/pablomujica/school/assignment-2-ds2/akka-scala-mr/src/main/scala/mapreduce/mapreduceapp.scala
2025.04.20 22:29:58 INFO  no build target found for /Users/pablomujica/school/assignment-2-ds2/akka-scala-mr/src/main/scala/mapreduce/mapreduceapp.scala. Using presentation compiler with project's scala-library version: 3.3.5
2025.04.20 22:29:59 INFO  no build target found for /Users/pablomujica/school/assignment-2-ds2/akka-scala-mr/src/main/scala/mapreduce/mapreduceapp.scala. Using presentation compiler with project's scala-library version: 3.3.5
2025.04.20 22:29:59 INFO  no build target found for /Users/pablomujica/school/assignment-2-ds2/akka-scala-mr/src/main/scala/mapreduce/mapreduceapp.scala. Using presentation compiler with project's scala-library version: 3.3.5
2025.04.20 22:29:59 INFO  no build target found for /Users/pablomujica/school/assignment-2-ds2/akka-scala-mr/src/main/scala/mapreduce/mapreduceapp.scala. Using presentation compiler with project's scala-library version: 3.3.5
2025.04.20 22:29:59 INFO  no build target found for /Users/pablomujica/school/assignment-2-ds2/akka-scala-mr/src/main/scala/mapreduce/mapreduceapp.scala. Using presentation compiler with project's scala-library version: 3.3.5
2025.04.20 22:29:59 INFO  no build target found for /Users/pablomujica/school/assignment-2-ds2/akka-scala-mr/src/main/scala/mapreduce/mapreduceapp.scala. Using presentation compiler with project's scala-library version: 3.3.5
2025.04.20 22:29:59 INFO  no build target found for /Users/pablomujica/school/assignment-2-ds2/akka-scala-mr/src/main/scala/mapreduce/mapreduceapp.scala. Using presentation compiler with project's scala-library version: 3.3.5
2025.04.20 22:30:00 INFO  no build target found for /Users/pablomujica/school/assignment-2-ds2/akka-scala-mr/src/main/scala/mapreduce/mapreduceapp.scala. Using presentation compiler with project's scala-library version: 3.3.5
2025.04.20 22:29:59 INFO  no build target found for /Users/pablomujica/school/assignment-2-ds2/akka-scala-mr/src/main/scala/mapreduce/mapreduceapp.scala. Using presentation compiler with project's scala-library version: 3.3.5
2025.04.20 22:29:59 INFO  no build target found for /Users/pablomujica/school/assignment-2-ds2/akka-scala-mr/src/main/scala/mapreduce/mapreduceapp.scala. Using presentation compiler with project's scala-library version: 3.3.5
2025.04.20 22:30:00 INFO  no build target found for /Users/pablomujica/school/assignment-2-ds2/akka-scala-mr/src/main/scala/mapreduce/mapreduceapp.scala. Using presentation compiler with project's scala-library version: 3.3.5
2025.04.20 22:30:07 INFO  no build target found for /Users/pablomujica/school/assignment-2-ds2/akka-scala-mr/src/main/scala/mapreduce/mapreduceapp.scala. Using presentation compiler with project's scala-library version: 3.3.5
2025.04.20 22:30:07 INFO  no build target found for /Users/pablomujica/school/assignment-2-ds2/akka-scala-mr/src/main/scala/mapreduce/mapreduceapp.scala. Using presentation compiler with project's scala-library version: 3.3.5
2025.04.20 22:30:07 INFO  no build target found for /Users/pablomujica/school/assignment-2-ds2/akka-scala-mr/src/main/scala/mapreduce/mapreduceapp.scala. Using presentation compiler with project's scala-library version: 3.3.5
2025.04.20 22:30:08 INFO  no build target found for /Users/pablomujica/school/assignment-2-ds2/akka-scala-mr/src/main/scala/mapreduce/mapreduceapp.scala. Using presentation compiler with project's scala-library version: 3.3.5
2025.04.20 22:30:09 INFO  no build target found for /Users/pablomujica/school/assignment-2-ds2/akka-scala-mr/src/main/scala/mapreduce/mapreduceapp.scala. Using presentation compiler with project's scala-library version: 3.3.5
2025.04.20 22:30:09 INFO  no build target found for /Users/pablomujica/school/assignment-2-ds2/akka-scala-mr/src/main/scala/mapreduce/mapreduceapp.scala. Using presentation compiler with project's scala-library version: 3.3.5
2025.04.20 22:30:09 INFO  no build target found for /Users/pablomujica/school/assignment-2-ds2/akka-scala-mr/src/main/scala/mapreduce/mapreduceapp.scala. Using presentation compiler with project's scala-library version: 3.3.5
2025.04.20 22:30:11 INFO  no build target found for /Users/pablomujica/school/assignment-2-ds2/akka-scala-mr/src/main/scala/mapreduce/mapreduceapp.scala. Using presentation compiler with project's scala-library version: 3.3.5
2025.04.20 22:30:11 INFO  no build target found for /Users/pablomujica/school/assignment-2-ds2/akka-scala-mr/src/main/scala/mapreduce/mapreduceapp.scala. Using presentation compiler with project's scala-library version: 3.3.5
Apr 20, 2025 10:30:11 PM scala.meta.internal.metals.StdReporter $anonfun$create$1
WARNING: empty definition using pc, found symbol in pc: `<none>`. (full report at: /Users/pablomujica/school/assignment-2-ds2/.metals/.reports/metals-full/2025-04-20/r_empty-definition_22-29-47-274.md)
2025.04.20 22:30:11 INFO  no build target found for /Users/pablomujica/school/assignment-2-ds2/akka-scala-mr/src/main/scala/mapreduce/mapreduceapp.scala. Using presentation compiler with project's scala-library version: 3.3.5
2025.04.20 22:30:11 INFO  no build target found for /Users/pablomujica/school/assignment-2-ds2/akka-scala-mr/src/main/scala/mapreduce/mapreduceapp.scala. Using presentation compiler with project's scala-library version: 3.3.5
Apr 20, 2025 10:30:11 PM scala.meta.internal.metals.StdReporter $anonfun$create$1
WARNING: empty definition using pc, found symbol in pc: `<none>`. (full report at: /Users/pablomujica/school/assignment-2-ds2/.metals/.reports/metals-full/2025-04-20/r_empty-definition_22-29-47-274.md)
2025.04.20 22:30:11 INFO  no build target found for /Users/pablomujica/school/assignment-2-ds2/akka-scala-mr/src/main/scala/mapreduce/mapreduceapp.scala. Using presentation compiler with project's scala-library version: 3.3.5
2025.04.20 22:30:13 INFO  no build target found for /Users/pablomujica/school/assignment-2-ds2/akka-scala-mr/src/main/scala/mapreduce/mapreduceapp.scala. Using presentation compiler with project's scala-library version: 3.3.5
2025.04.20 22:30:15 INFO  no build target found for /Users/pablomujica/school/assignment-2-ds2/akka-scala-mr/src/main/scala/mapreduce/mapreduceapp.scala. Using presentation compiler with project's scala-library version: 3.3.5
2025.04.20 22:30:16 INFO  no build target found for /Users/pablomujica/school/assignment-2-ds2/akka-scala-mr/src/main/scala/mapreduce/mapreduceapp.scala. Using presentation compiler with project's scala-library version: 3.3.5
2025.04.20 22:30:32 INFO  no build target found for /Users/pablomujica/school/assignment-2-ds2/akka-scala-mr/src/main/scala/mapreduce/mapreduceapp.scala. Using presentation compiler with project's scala-library version: 3.3.5
2025.04.20 22:30:32 INFO  no build target found for /Users/pablomujica/school/assignment-2-ds2/akka-scala-mr/src/main/scala/mapreduce/mapreduceapp.scala. Using presentation compiler with project's scala-library version: 3.3.5
2025.04.20 22:30:33 INFO  no build target found for /Users/pablomujica/school/assignment-2-ds2/akka-scala-mr/src/main/scala/mapreduce/mapreduceapp.scala. Using presentation compiler with project's scala-library version: 3.3.5
2025.04.20 22:31:07 INFO  no build target found for /Users/pablomujica/school/assignment-2-ds2/akka-scala-mr/src/main/scala/mapreduce/mapreduceapp.scala. Using presentation compiler with project's scala-library version: 3.3.5
2025.04.20 22:31:07 INFO  no build target found for /Users/pablomujica/school/assignment-2-ds2/akka-scala-mr/src/main/scala/mapreduce/mapreduceapp.scala. Using presentation compiler with project's scala-library version: 3.3.5
2025.04.20 22:31:07 INFO  no build target found for /Users/pablomujica/school/assignment-2-ds2/akka-scala-mr/src/main/scala/mapreduce/mapreduceapp.scala. Using presentation compiler with project's scala-library version: 3.3.5
2025.04.20 22:31:07 INFO  no build target found for /Users/pablomujica/school/assignment-2-ds2/akka-scala-mr/src/main/scala/mapreduce/mapreduceapp.scala. Using presentation compiler with project's scala-library version: 3.3.5
2025.04.20 22:31:07 INFO  no build target found for /Users/pablomujica/school/assignment-2-ds2/akka-scala-mr/src/main/scala/mapreduce/mapreduceapp.scala. Using presentation compiler with project's scala-library version: 3.3.5
2025.04.20 22:31:07 INFO  no build target found for /Users/pablomujica/school/assignment-2-ds2/akka-scala-mr/src/main/scala/mapreduce/mapreduceapp.scala. Using presentation compiler with project's scala-library version: 3.3.5
2025.04.20 22:31:07 INFO  no build target found for /Users/pablomujica/school/assignment-2-ds2/akka-scala-mr/src/main/scala/mapreduce/mapreduceapp.scala. Using presentation compiler with project's scala-library version: 3.3.5
2025.04.20 22:31:07 INFO  no build target found for /Users/pablomujica/school/assignment-2-ds2/akka-scala-mr/src/main/scala/mapreduce/mapreduceapp.scala. Using presentation compiler with project's scala-library version: 3.3.5
2025.04.20 22:31:07 INFO  no build target found for /Users/pablomujica/school/assignment-2-ds2/akka-scala-mr/src/main/scala/mapreduce/mapreduceapp.scala. Using presentation compiler with project's scala-library version: 3.3.5
2025.04.20 22:31:07 INFO  no build target found for /Users/pablomujica/school/assignment-2-ds2/akka-scala-mr/src/main/scala/mapreduce/mapreduceapp.scala. Using presentation compiler with project's scala-library version: 3.3.5
2025.04.20 22:31:08 INFO  no build target found for /Users/pablomujica/school/assignment-2-ds2/akka-scala-mr/src/main/scala/mapreduce/mapreduceapp.scala. Using presentation compiler with project's scala-library version: 3.3.5
2025.04.20 22:31:08 INFO  no build target found for /Users/pablomujica/school/assignment-2-ds2/akka-scala-mr/src/main/scala/mapreduce/mapreduceapp.scala. Using presentation compiler with project's scala-library version: 3.3.5
2025.04.20 22:31:08 INFO  no build target found for /Users/pablomujica/school/assignment-2-ds2/akka-scala-mr/src/main/scala/mapreduce/mapreduceapp.scala. Using presentation compiler with project's scala-library version: 3.3.5
2025.04.20 22:31:08 INFO  no build target found for /Users/pablomujica/school/assignment-2-ds2/akka-scala-mr/src/main/scala/mapreduce/mapreduceapp.scala. Using presentation compiler with project's scala-library version: 3.3.5
2025.04.20 22:31:08 INFO  no build target found for /Users/pablomujica/school/assignment-2-ds2/akka-scala-mr/src/main/scala/mapreduce/mapreduceapp.scala. Using presentation compiler with project's scala-library version: 3.3.5
2025.04.20 22:31:08 INFO  no build target found for /Users/pablomujica/school/assignment-2-ds2/akka-scala-mr/src/main/scala/mapreduce/mapreduceapp.scala. Using presentation compiler with project's scala-library version: 3.3.5
2025.04.20 22:31:08 INFO  no build target found for /Users/pablomujica/school/assignment-2-ds2/akka-scala-mr/src/main/scala/mapreduce/mapreduceapp.scala. Using presentation compiler with project's scala-library version: 3.3.5
2025.04.20 22:31:08 INFO  no build target found for /Users/pablomujica/school/assignment-2-ds2/akka-scala-mr/src/main/scala/mapreduce/mapreduceapp.scala. Using presentation compiler with project's scala-library version: 3.3.5
2025.04.20 22:31:08 INFO  no build target found for /Users/pablomujica/school/assignment-2-ds2/akka-scala-mr/src/main/scala/mapreduce/mapreduceapp.scala. Using presentation compiler with project's scala-library version: 3.3.5
2025.04.20 22:31:09 INFO  no build target found for /Users/pablomujica/school/assignment-2-ds2/akka-scala-mr/src/main/scala/mapreduce/mapreduceapp.scala. Using presentation compiler with project's scala-library version: 3.3.5
2025.04.20 22:31:09 INFO  no build target found for /Users/pablomujica/school/assignment-2-ds2/akka-scala-mr/src/main/scala/mapreduce/mapreduceapp.scala. Using presentation compiler with project's scala-library version: 3.3.5
2025.04.20 22:31:09 INFO  no build target found for /Users/pablomujica/school/assignment-2-ds2/akka-scala-mr/src/main/scala/mapreduce/mapreduceapp.scala. Using presentation compiler with project's scala-library version: 3.3.5
2025.04.20 22:31:09 INFO  no build target found for /Users/pablomujica/school/assignment-2-ds2/akka-scala-mr/src/main/scala/mapreduce/mapreduceapp.scala. Using presentation compiler with project's scala-library version: 3.3.5
2025.04.20 22:31:08 INFO  no build target found for /Users/pablomujica/school/assignment-2-ds2/akka-scala-mr/src/main/scala/mapreduce/mapreduceapp.scala. Using presentation compiler with project's scala-library version: 3.3.5
2025.04.20 22:31:09 INFO  no build target found for /Users/pablomujica/school/assignment-2-ds2/akka-scala-mr/src/main/scala/mapreduce/mapreduceapp.scala. Using presentation compiler with project's scala-library version: 3.3.5
2025.04.20 22:31:09 INFO  no build target found for /Users/pablomujica/school/assignment-2-ds2/akka-scala-mr/src/main/scala/mapreduce/mapreduceapp.scala. Using presentation compiler with project's scala-library version: 3.3.5
2025.04.20 22:31:09 INFO  no build target found for /Users/pablomujica/school/assignment-2-ds2/akka-scala-mr/src/main/scala/mapreduce/mapreduceapp.scala. Using presentation compiler with project's scala-library version: 3.3.5
2025.04.20 22:31:09 INFO  no build target found for /Users/pablomujica/school/assignment-2-ds2/akka-scala-mr/src/main/scala/mapreduce/mapreduceapp.scala. Using presentation compiler with project's scala-library version: 3.3.5
2025.04.20 22:31:10 INFO  no build target found for /Users/pablomujica/school/assignment-2-ds2/akka-scala-mr/src/main/scala/mapreduce/mapreduceapp.scala. Using presentation compiler with project's scala-library version: 3.3.5
2025.04.20 22:31:09 INFO  no build target found for /Users/pablomujica/school/assignment-2-ds2/akka-scala-mr/src/main/scala/mapreduce/mapreduceapp.scala. Using presentation compiler with project's scala-library version: 3.3.5
2025.04.20 22:31:09 INFO  no build target found for /Users/pablomujica/school/assignment-2-ds2/akka-scala-mr/src/main/scala/mapreduce/mapreduceapp.scala. Using presentation compiler with project's scala-library version: 3.3.5
2025.04.20 22:31:10 INFO  no build target found for /Users/pablomujica/school/assignment-2-ds2/akka-scala-mr/src/main/scala/mapreduce/mapreduceapp.scala. Using presentation compiler with project's scala-library version: 3.3.5
2025.04.20 22:31:10 INFO  no build target found for /Users/pablomujica/school/assignment-2-ds2/akka-scala-mr/src/main/scala/mapreduce/mapreduceapp.scala. Using presentation compiler with project's scala-library version: 3.3.5
2025.04.20 22:31:10 INFO  no build target found for /Users/pablomujica/school/assignment-2-ds2/akka-scala-mr/src/main/scala/mapreduce/mapreduceapp.scala. Using presentation compiler with project's scala-library version: 3.3.5
2025.04.20 22:31:10 INFO  no build target found for /Users/pablomujica/school/assignment-2-ds2/akka-scala-mr/src/main/scala/mapreduce/mapreduceapp.scala. Using presentation compiler with project's scala-library version: 3.3.5
2025.04.20 22:31:10 INFO  no build target found for /Users/pablomujica/school/assignment-2-ds2/akka-scala-mr/src/main/scala/mapreduce/mapreduceapp.scala. Using presentation compiler with project's scala-library version: 3.3.5
2025.04.20 22:31:10 INFO  no build target found for /Users/pablomujica/school/assignment-2-ds2/akka-scala-mr/src/main/scala/mapreduce/mapreduceapp.scala. Using presentation compiler with project's scala-library version: 3.3.5
2025.04.20 22:31:10 INFO  no build target found for /Users/pablomujica/school/assignment-2-ds2/akka-scala-mr/src/main/scala/mapreduce/mapreduceapp.scala. Using presentation compiler with project's scala-library version: 3.3.5
2025.04.20 22:31:10 INFO  no build target found for /Users/pablomujica/school/assignment-2-ds2/akka-scala-mr/src/main/scala/mapreduce/mapreduceapp.scala. Using presentation compiler with project's scala-library version: 3.3.5
2025.04.20 22:31:10 INFO  no build target found for /Users/pablomujica/school/assignment-2-ds2/akka-scala-mr/src/main/scala/mapreduce/mapreduceapp.scala. Using presentation compiler with project's scala-library version: 3.3.5
2025.04.20 22:31:11 INFO  no build target found for /Users/pablomujica/school/assignment-2-ds2/akka-scala-mr/src/main/scala/mapreduce/mapreduceapp.scala. Using presentation compiler with project's scala-library version: 3.3.5
2025.04.20 22:31:11 INFO  no build target found for /Users/pablomujica/school/assignment-2-ds2/akka-scala-mr/src/main/scala/mapreduce/mapreduceapp.scala. Using presentation compiler with project's scala-library version: 3.3.5
2025.04.20 22:31:11 INFO  no build target found for /Users/pablomujica/school/assignment-2-ds2/akka-scala-mr/src/main/scala/mapreduce/mapreduceapp.scala. Using presentation compiler with project's scala-library version: 3.3.5
2025.04.20 22:31:11 INFO  no build target found for /Users/pablomujica/school/assignment-2-ds2/akka-scala-mr/src/main/scala/mapreduce/mapreduceapp.scala. Using presentation compiler with project's scala-library version: 3.3.5
2025.04.20 22:31:11 INFO  no build target found for /Users/pablomujica/school/assignment-2-ds2/akka-scala-mr/src/main/scala/mapreduce/mapreduceapp.scala. Using presentation compiler with project's scala-library version: 3.3.5
2025.04.20 22:31:11 INFO  no build target found for /Users/pablomujica/school/assignment-2-ds2/akka-scala-mr/src/main/scala/mapreduce/mapreduceapp.scala. Using presentation compiler with project's scala-library version: 3.3.5
2025.04.20 22:31:11 INFO  no build target found for /Users/pablomujica/school/assignment-2-ds2/akka-scala-mr/src/main/scala/mapreduce/mapreduceapp.scala. Using presentation compiler with project's scala-library version: 3.3.5
2025.04.20 22:31:11 INFO  no build target found for /Users/pablomujica/school/assignment-2-ds2/akka-scala-mr/src/main/scala/mapreduce/mapreduceapp.scala. Using presentation compiler with project's scala-library version: 3.3.5
2025.04.20 22:31:12 INFO  no build target found for /Users/pablomujica/school/assignment-2-ds2/akka-scala-mr/src/main/scala/mapreduce/mapreduceapp.scala. Using presentation compiler with project's scala-library version: 3.3.5
2025.04.20 22:31:11 INFO  no build target found for /Users/pablomujica/school/assignment-2-ds2/akka-scala-mr/src/main/scala/mapreduce/mapreduceapp.scala. Using presentation compiler with project's scala-library version: 3.3.5
2025.04.20 22:31:11 INFO  no build target found for /Users/pablomujica/school/assignment-2-ds2/akka-scala-mr/src/main/scala/mapreduce/mapreduceapp.scala. Using presentation compiler with project's scala-library version: 3.3.5
2025.04.20 22:31:13 INFO  no build target found for /Users/pablomujica/school/assignment-2-ds2/akka-scala-mr/src/main/scala/mapreduce/mapreduceapp.scala. Using presentation compiler with project's scala-library version: 3.3.5
2025.04.20 22:31:13 INFO  no build target found for /Users/pablomujica/school/assignment-2-ds2/akka-scala-mr/src/main/scala/mapreduce/mapreduceapp.scala. Using presentation compiler with project's scala-library version: 3.3.5
2025.04.20 22:31:12 INFO  no build target found for /Users/pablomujica/school/assignment-2-ds2/akka-scala-mr/src/main/scala/mapreduce/mapreduceapp.scala. Using presentation compiler with project's scala-library version: 3.3.5
2025.04.20 22:31:13 INFO  no build target found for /Users/pablomujica/school/assignment-2-ds2/akka-scala-mr/src/main/scala/mapreduce/mapreduceapp.scala. Using presentation compiler with project's scala-library version: 3.3.5
2025.04.20 22:31:14 INFO  no build target found for /Users/pablomujica/school/assignment-2-ds2/akka-scala-mr/src/main/scala/mapreduce/mapreduceapp.scala. Using presentation compiler with project's scala-library version: 3.3.5
2025.04.20 22:31:14 INFO  no build target found for /Users/pablomujica/school/assignment-2-ds2/akka-scala-mr/src/main/scala/mapreduce/mapreduceapp.scala. Using presentation compiler with project's scala-library version: 3.3.5
2025.04.20 22:31:14 INFO  no build target found for /Users/pablomujica/school/assignment-2-ds2/akka-scala-mr/src/main/scala/mapreduce/mapreduceapp.scala. Using presentation compiler with project's scala-library version: 3.3.5
2025.04.20 22:31:14 INFO  no build target found for /Users/pablomujica/school/assignment-2-ds2/akka-scala-mr/src/main/scala/mapreduce/mapreduceapp.scala. Using presentation compiler with project's scala-library version: 3.3.5
2025.04.20 22:31:14 INFO  no build target found for /Users/pablomujica/school/assignment-2-ds2/akka-scala-mr/src/main/scala/mapreduce/mapreduceapp.scala. Using presentation compiler with project's scala-library version: 3.3.5
2025.04.20 22:31:14 INFO  no build target found for /Users/pablomujica/school/assignment-2-ds2/akka-scala-mr/src/main/scala/mapreduce/mapreduceapp.scala. Using presentation compiler with project's scala-library version: 3.3.5
2025.04.20 22:31:14 INFO  no build target found for /Users/pablomujica/school/assignment-2-ds2/akka-scala-mr/src/main/scala/mapreduce/mapreduceapp.scala. Using presentation compiler with project's scala-library version: 3.3.5
2025.04.20 22:31:15 INFO  no build target found for /Users/pablomujica/school/assignment-2-ds2/akka-scala-mr/src/main/scala/mapreduce/mapreduceapp.scala. Using presentation compiler with project's scala-library version: 3.3.5
2025.04.20 22:31:16 INFO  no build target found for /Users/pablomujica/school/assignment-2-ds2/akka-scala-mr/src/main/scala/mapreduce/mapreduceapp.scala. Using presentation compiler with project's scala-library version: 3.3.5
2025.04.20 22:31:16 INFO  no build target found for /Users/pablomujica/school/assignment-2-ds2/akka-scala-mr/src/main/scala/mapreduce/mapreduceapp.scala. Using presentation compiler with project's scala-library version: 3.3.5
2025.04.20 22:31:17 INFO  no build target found for /Users/pablomujica/school/assignment-2-ds2/akka-scala-mr/src/main/scala/mapreduce/mapreduceapp.scala. Using presentation compiler with project's scala-library version: 3.3.5
2025.04.20 22:31:18 INFO  no build target found for /Users/pablomujica/school/assignment-2-ds2/akka-scala-mr/src/main/scala/mapreduce/mapreduceapp.scala. Using presentation compiler with project's scala-library version: 3.3.5
2025.04.20 22:31:18 INFO  no build target found for /Users/pablomujica/school/assignment-2-ds2/akka-scala-mr/src/main/scala/mapreduce/mapreduceapp.scala. Using presentation compiler with project's scala-library version: 3.3.5
2025.04.20 22:31:18 INFO  no build target found for /Users/pablomujica/school/assignment-2-ds2/akka-scala-mr/src/main/scala/mapreduce/mapreduceapp.scala. Using presentation compiler with project's scala-library version: 3.3.5
2025.04.20 22:31:18 INFO  no build target found for /Users/pablomujica/school/assignment-2-ds2/akka-scala-mr/src/main/scala/mapreduce/mapreduceapp.scala. Using presentation compiler with project's scala-library version: 3.3.5
2025.04.20 22:31:18 INFO  no build target found for /Users/pablomujica/school/assignment-2-ds2/akka-scala-mr/src/main/scala/mapreduce/mapreduceapp.scala. Using presentation compiler with project's scala-library version: 3.3.5
Apr 20, 2025 10:31:18 PM scala.meta.internal.metals.StdReporter $anonfun$create$1
WARNING: empty definition using pc, found symbol in pc: `<none>`. (full report at: /Users/pablomujica/school/assignment-2-ds2/.metals/.reports/metals-full/2025-04-20/r_empty-definition_22-29-47-274.md)
2025.04.20 22:31:18 INFO  no build target found for /Users/pablomujica/school/assignment-2-ds2/akka-scala-mr/src/main/scala/mapreduce/mapreduceapp.scala. Using presentation compiler with project's scala-library version: 3.3.5
Apr 20, 2025 10:31:18 PM scala.meta.internal.metals.StdReporter $anonfun$create$1
WARNING: empty definition using pc, found symbol in pc: `<none>`. (full report at: /Users/pablomujica/school/assignment-2-ds2/.metals/.reports/metals-full/2025-04-20/r_empty-definition_22-29-47-274.md)
2025.04.20 22:31:18 INFO  no build target found for /Users/pablomujica/school/assignment-2-ds2/akka-scala-mr/src/main/scala/mapreduce/mapreduceapp.scala. Using presentation compiler with project's scala-library version: 3.3.5
2025.04.20 22:31:18 INFO  no build target found for /Users/pablomujica/school/assignment-2-ds2/akka-scala-mr/src/main/scala/mapreduce/mapreduceapp.scala. Using presentation compiler with project's scala-library version: 3.3.5
Apr 20, 2025 10:31:18 PM scala.meta.internal.metals.StdReporter $anonfun$create$1
WARNING: empty definition using pc, found symbol in pc: scala/io/Source. (full report at: /Users/pablomujica/school/assignment-2-ds2/.metals/.reports/metals-full/2025-04-20/r_empty-definition_22-31-18-912.md)
2025.04.20 22:31:18 INFO  no build target found for /Users/pablomujica/school/assignment-2-ds2/akka-scala-mr/src/main/scala/mapreduce/mapreduceapp.scala. Using presentation compiler with project's scala-library version: 3.3.5
2025.04.20 22:31:19 INFO  no build target found for /Users/pablomujica/school/assignment-2-ds2/akka-scala-mr/src/main/scala/mapreduce/mapreduceapp.scala. Using presentation compiler with project's scala-library version: 3.3.5
2025.04.20 22:31:19 INFO  no build target found for /Users/pablomujica/school/assignment-2-ds2/akka-scala-mr/src/main/scala/mapreduce/mapreduceapp.scala. Using presentation compiler with project's scala-library version: 3.3.5
Apr 20, 2025 10:31:19 PM scala.meta.internal.metals.StdReporter $anonfun$create$1
WARNING: empty definition using pc, found symbol in pc: scala/io/Source. (full report at: /Users/pablomujica/school/assignment-2-ds2/.metals/.reports/metals-full/2025-04-20/r_empty-definition_22-31-18-912.md)
2025.04.20 22:31:19 INFO  no build target found for /Users/pablomujica/school/assignment-2-ds2/akka-scala-mr/src/main/scala/mapreduce/mapreduceapp.scala. Using presentation compiler with project's scala-library version: 3.3.5
2025.04.20 22:31:19 INFO  no build target found for /Users/pablomujica/school/assignment-2-ds2/akka-scala-mr/src/main/scala/mapreduce/mapreduceapp.scala. Using presentation compiler with project's scala-library version: 3.3.5
2025.04.20 22:31:20 INFO  no build target found for /Users/pablomujica/school/assignment-2-ds2/akka-scala-mr/src/main/scala/mapreduce/mapreduceapp.scala. Using presentation compiler with project's scala-library version: 3.3.5
Apr 20, 2025 10:31:20 PM scala.meta.internal.metals.StdReporter $anonfun$create$1
WARNING: empty definition using pc, found symbol in pc: scala/io/Source. (full report at: /Users/pablomujica/school/assignment-2-ds2/.metals/.reports/metals-full/2025-04-20/r_empty-definition_22-31-18-912.md)
2025.04.20 22:31:20 INFO  no build target found for /Users/pablomujica/school/assignment-2-ds2/akka-scala-mr/src/main/scala/mapreduce/mapreduceapp.scala. Using presentation compiler with project's scala-library version: 3.3.5
2025.04.20 22:31:24 INFO  no build target found for /Users/pablomujica/school/assignment-2-ds2/akka-scala-mr/src/main/scala/mapreduce/mapreduceapp.scala. Using presentation compiler with project's scala-library version: 3.3.5
2025.04.20 22:31:24 INFO  no build target found for /Users/pablomujica/school/assignment-2-ds2/akka-scala-mr/src/main/scala/mapreduce/mapreduceapp.scala. Using presentation compiler with project's scala-library version: 3.3.5
Apr 20, 2025 10:31:24 PM scala.meta.internal.metals.StdReporter $anonfun$create$1
WARNING: empty definition using pc, found symbol in pc: scala/io/Source. (full report at: /Users/pablomujica/school/assignment-2-ds2/.metals/.reports/metals-full/2025-04-20/r_empty-definition_22-31-18-912.md)
2025.04.20 22:31:25 INFO  no build target found for /Users/pablomujica/school/assignment-2-ds2/akka-scala-mr/src/main/scala/mapreduce/mapreduceapp.scala. Using presentation compiler with project's scala-library version: 3.3.5
Apr 20, 2025 10:31:25 PM scala.meta.internal.metals.StdReporter $anonfun$create$1
WARNING: empty definition using pc, found symbol in pc: scala/io/Source. (full report at: /Users/pablomujica/school/assignment-2-ds2/.metals/.reports/metals-full/2025-04-20/r_empty-definition_22-31-18-912.md)
2025.04.20 22:31:24 INFO  no build target found for /Users/pablomujica/school/assignment-2-ds2/akka-scala-mr/src/main/scala/mapreduce/mapreduceapp.scala. Using presentation compiler with project's scala-library version: 3.3.5
2025.04.20 22:40:02 INFO  no build target found for /Users/pablomujica/school/assignment-2-ds2/akka-scala-mr/src/main/scala/mapreduce/mapreduceapp.scala. Using presentation compiler with project's scala-library version: 3.3.5
2025.04.20 22:40:02 INFO  no build target found for /Users/pablomujica/school/assignment-2-ds2/akka-scala-mr/src/main/scala/mapreduce/mapreduceapp.scala. Using presentation compiler with project's scala-library version: 3.3.5
2025.04.20 22:40:02 INFO  no build target found for /Users/pablomujica/school/assignment-2-ds2/akka-scala-mr/src/main/scala/mapreduce/mapreduceapp.scala. Using presentation compiler with project's scala-library version: 3.3.5
2025.04.20 22:40:02 INFO  no build target found for /Users/pablomujica/school/assignment-2-ds2/akka-scala-mr/src/main/scala/mapreduce/mapreduceapp.scala. Using presentation compiler with project's scala-library version: 3.3.5
2025.04.20 22:40:05 INFO  no build target found for /Users/pablomujica/school/assignment-2-ds2/akka-scala-mr/src/main/scala/mapreduce/mapreduceapp.scala. Using presentation compiler with project's scala-library version: 3.3.5
2025.04.20 22:40:05 INFO  no build target found for /Users/pablomujica/school/assignment-2-ds2/akka-scala-mr/src/main/scala/mapreduce/mapreduceapp.scala. Using presentation compiler with project's scala-library version: 3.3.5
2025.04.20 22:40:05 INFO  no build target found for /Users/pablomujica/school/assignment-2-ds2/akka-scala-mr/src/main/scala/mapreduce/mapreduceapp.scala. Using presentation compiler with project's scala-library version: 3.3.5
2025.04.20 22:40:05 INFO  no build target found for /Users/pablomujica/school/assignment-2-ds2/akka-scala-mr/src/main/scala/mapreduce/mapreduceapp.scala. Using presentation compiler with project's scala-library version: 3.3.5
2025.04.20 22:40:07 INFO  no build target found for /Users/pablomujica/school/assignment-2-ds2/akka-scala-mr/src/main/scala/mapreduce/mapreduceapp.scala. Using presentation compiler with project's scala-library version: 3.3.5
2025.04.20 22:40:07 INFO  no build target found for /Users/pablomujica/school/assignment-2-ds2/akka-scala-mr/src/main/scala/mapreduce/mapreduceapp.scala. Using presentation compiler with project's scala-library version: 3.3.5
2025.04.20 22:40:07 INFO  no build target found for /Users/pablomujica/school/assignment-2-ds2/akka-scala-mr/src/main/scala/mapreduce/mapreduceapp.scala. Using presentation compiler with project's scala-library version: 3.3.5
2025.04.20 22:40:07 INFO  no build target found for /Users/pablomujica/school/assignment-2-ds2/akka-scala-mr/src/main/scala/mapreduce/mapreduceapp.scala. Using presentation compiler with project's scala-library version: 3.3.5
2025.04.20 22:40:08 INFO  no build target found for /Users/pablomujica/school/assignment-2-ds2/akka-scala-mr/src/main/scala/mapreduce/mapreduceapp.scala. Using presentation compiler with project's scala-library version: 3.3.5
2025.04.20 22:40:11 INFO  no build target found for /Users/pablomujica/school/assignment-2-ds2/akka-scala-mr/src/main/scala/mapreduce/mapreduceapp.scala. Using presentation compiler with project's scala-library version: 3.3.5
2025.04.20 22:40:11 INFO  no build target found for /Users/pablomujica/school/assignment-2-ds2/akka-scala-mr/src/main/scala/mapreduce/mapreduceapp.scala. Using presentation compiler with project's scala-library version: 3.3.5
2025.04.20 22:40:11 INFO  no build target found for /Users/pablomujica/school/assignment-2-ds2/akka-scala-mr/src/main/scala/mapreduce/mapreduceapp.scala. Using presentation compiler with project's scala-library version: 3.3.5
2025.04.20 22:40:12 INFO  no build target found for /Users/pablomujica/school/assignment-2-ds2/akka-scala-mr/src/main/scala/mapreduce/mapreduceapp.scala. Using presentation compiler with project's scala-library version: 3.3.5
2025.04.20 22:40:11 INFO  no build target found for /Users/pablomujica/school/assignment-2-ds2/akka-scala-mr/src/main/scala/mapreduce/mapreduceapp.scala. Using presentation compiler with project's scala-library version: 3.3.5
2025.04.20 22:40:11 INFO  no build target found for /Users/pablomujica/school/assignment-2-ds2/akka-scala-mr/src/main/scala/mapreduce/mapreduceapp.scala. Using presentation compiler with project's scala-library version: 3.3.5
2025.04.20 22:40:12 INFO  no build target found for /Users/pablomujica/school/assignment-2-ds2/akka-scala-mr/src/main/scala/mapreduce/mapreduceapp.scala. Using presentation compiler with project's scala-library version: 3.3.5
2025.04.20 22:40:17 INFO  no build target found for /Users/pablomujica/school/assignment-2-ds2/akka-scala-mr/src/main/scala/mapreduce/mapreduceapp.scala. Using presentation compiler with project's scala-library version: 3.3.5
2025.04.20 22:40:17 INFO  no build target found for /Users/pablomujica/school/assignment-2-ds2/akka-scala-mr/src/main/scala/mapreduce/mapreduceapp.scala. Using presentation compiler with project's scala-library version: 3.3.5
2025.04.20 22:40:17 INFO  no build target found for /Users/pablomujica/school/assignment-2-ds2/akka-scala-mr/src/main/scala/mapreduce/mapreduceapp.scala. Using presentation compiler with project's scala-library version: 3.3.5
2025.04.20 22:41:00 INFO  no build target found for /Users/pablomujica/school/assignment-2-ds2/akka-scala-mr/src/main/scala/mapreduce/mapreduceapp.scala. Using presentation compiler with project's scala-library version: 3.3.5
2025.04.20 22:41:02 INFO  no build target found for /Users/pablomujica/school/assignment-2-ds2/akka-scala-mr/src/main/scala/mapreduce/mapreduceapp.scala. Using presentation compiler with project's scala-library version: 3.3.5
2025.04.20 22:41:02 INFO  no build target found for /Users/pablomujica/school/assignment-2-ds2/akka-scala-mr/src/main/scala/mapreduce/mapreduceapp.scala. Using presentation compiler with project's scala-library version: 3.3.5
2025.04.20 22:41:02 INFO  no build target found for /Users/pablomujica/school/assignment-2-ds2/akka-scala-mr/src/main/scala/mapreduce/mapreduceapp.scala. Using presentation compiler with project's scala-library version: 3.3.5
2025.04.20 22:41:04 INFO  no build target found for /Users/pablomujica/school/assignment-2-ds2/akka-scala-mr/src/main/scala/mapreduce/mapreduceapp.scala. Using presentation compiler with project's scala-library version: 3.3.5
2025.04.20 22:41:04 INFO  no build target found for /Users/pablomujica/school/assignment-2-ds2/akka-scala-mr/src/main/scala/mapreduce/mapreduceapp.scala. Using presentation compiler with project's scala-library version: 3.3.5
2025.04.20 22:41:04 INFO  no build target found for /Users/pablomujica/school/assignment-2-ds2/akka-scala-mr/src/main/scala/mapreduce/mapreduceapp.scala. Using presentation compiler with project's scala-library version: 3.3.5
2025.04.20 22:41:05 INFO  no build target found for /Users/pablomujica/school/assignment-2-ds2/akka-scala-mr/src/main/scala/mapreduce/mapreduceapp.scala. Using presentation compiler with project's scala-library version: 3.3.5
2025.04.20 22:41:05 INFO  no build target found for /Users/pablomujica/school/assignment-2-ds2/akka-scala-mr/src/main/scala/mapreduce/mapreduceapp.scala. Using presentation compiler with project's scala-library version: 3.3.5
2025.04.20 22:41:05 INFO  no build target found for /Users/pablomujica/school/assignment-2-ds2/akka-scala-mr/src/main/scala/mapreduce/mapreduceapp.scala. Using presentation compiler with project's scala-library version: 3.3.5
2025.04.20 22:41:06 INFO  no build target found for /Users/pablomujica/school/assignment-2-ds2/akka-scala-mr/src/main/scala/mapreduce/mapreduceapp.scala. Using presentation compiler with project's scala-library version: 3.3.5
2025.04.20 22:41:06 INFO  no build target found for /Users/pablomujica/school/assignment-2-ds2/akka-scala-mr/src/main/scala/mapreduce/mapreduceapp.scala. Using presentation compiler with project's scala-library version: 3.3.5
2025.04.20 22:41:06 INFO  no build target found for /Users/pablomujica/school/assignment-2-ds2/akka-scala-mr/src/main/scala/mapreduce/mapreduceapp.scala. Using presentation compiler with project's scala-library version: 3.3.5
2025.04.20 22:41:06 INFO  no build target found for /Users/pablomujica/school/assignment-2-ds2/akka-scala-mr/src/main/scala/mapreduce/mapreduceapp.scala. Using presentation compiler with project's scala-library version: 3.3.5
2025.04.20 22:41:06 INFO  no build target found for /Users/pablomujica/school/assignment-2-ds2/akka-scala-mr/src/main/scala/mapreduce/mapreduceapp.scala. Using presentation compiler with project's scala-library version: 3.3.5
2025.04.20 22:41:07 INFO  no build target found for /Users/pablomujica/school/assignment-2-ds2/akka-scala-mr/src/main/scala/mapreduce/mapreduceapp.scala. Using presentation compiler with project's scala-library version: 3.3.5
2025.04.20 22:41:06 INFO  no build target found for /Users/pablomujica/school/assignment-2-ds2/akka-scala-mr/src/main/scala/mapreduce/mapreduceapp.scala. Using presentation compiler with project's scala-library version: 3.3.5
2025.04.20 22:41:06 INFO  no build target found for /Users/pablomujica/school/assignment-2-ds2/akka-scala-mr/src/main/scala/mapreduce/mapreduceapp.scala. Using presentation compiler with project's scala-library version: 3.3.5
2025.04.20 22:41:06 INFO  no build target found for /Users/pablomujica/school/assignment-2-ds2/akka-scala-mr/src/main/scala/mapreduce/mapreduceapp.scala. Using presentation compiler with project's scala-library version: 3.3.5
2025.04.20 22:41:07 INFO  no build target found for /Users/pablomujica/school/assignment-2-ds2/akka-scala-mr/src/main/scala/mapreduce/mapreduceapp.scala. Using presentation compiler with project's scala-library version: 3.3.5
2025.04.20 22:41:12 INFO  no build target found for /Users/pablomujica/school/assignment-2-ds2/akka-scala-mr/src/main/scala/mapreduce/mapreduceapp.scala. Using presentation compiler with project's scala-library version: 3.3.5
2025.04.20 22:41:14 INFO  no build target found for /Users/pablomujica/school/assignment-2-ds2/akka-scala-mr/src/main/scala/mapreduce/mapreduceapp.scala. Using presentation compiler with project's scala-library version: 3.3.5
2025.04.20 22:41:14 INFO  no build target found for /Users/pablomujica/school/assignment-2-ds2/akka-scala-mr/src/main/scala/mapreduce/mapreduceapp.scala. Using presentation compiler with project's scala-library version: 3.3.5
2025.04.20 22:41:14 INFO  no build target found for /Users/pablomujica/school/assignment-2-ds2/akka-scala-mr/src/main/scala/mapreduce/mapreduceapp.scala. Using presentation compiler with project's scala-library version: 3.3.5
2025.04.20 22:41:14 INFO  no build target found for /Users/pablomujica/school/assignment-2-ds2/akka-scala-mr/src/main/scala/mapreduce/mapreduceapp.scala. Using presentation compiler with project's scala-library version: 3.3.5
2025.04.20 22:41:15 INFO  no build target found for /Users/pablomujica/school/assignment-2-ds2/akka-scala-mr/src/main/scala/mapreduce/mapreduceapp.scala. Using presentation compiler with project's scala-library version: 3.3.5
2025.04.20 22:41:15 INFO  no build target found for /Users/pablomujica/school/assignment-2-ds2/akka-scala-mr/src/main/scala/mapreduce/mapreduceapp.scala. Using presentation compiler with project's scala-library version: 3.3.5
2025.04.20 22:41:15 INFO  no build target found for /Users/pablomujica/school/assignment-2-ds2/akka-scala-mr/src/main/scala/mapreduce/mapreduceapp.scala. Using presentation compiler with project's scala-library version: 3.3.5
2025.04.20 22:41:15 INFO  no build target found for /Users/pablomujica/school/assignment-2-ds2/akka-scala-mr/src/main/scala/mapreduce/mapreduceapp.scala. Using presentation compiler with project's scala-library version: 3.3.5
2025.04.20 22:41:15 INFO  no build target found for /Users/pablomujica/school/assignment-2-ds2/akka-scala-mr/src/main/scala/mapreduce/mapreduceapp.scala. Using presentation compiler with project's scala-library version: 3.3.5
2025.04.20 22:41:15 INFO  no build target found for /Users/pablomujica/school/assignment-2-ds2/akka-scala-mr/src/main/scala/mapreduce/mapreduceapp.scala. Using presentation compiler with project's scala-library version: 3.3.5
2025.04.20 22:41:15 INFO  no build target found for /Users/pablomujica/school/assignment-2-ds2/akka-scala-mr/src/main/scala/mapreduce/mapreduceapp.scala. Using presentation compiler with project's scala-library version: 3.3.5
2025.04.20 22:41:16 INFO  no build target found for /Users/pablomujica/school/assignment-2-ds2/akka-scala-mr/src/main/scala/mapreduce/mapreduceapp.scala. Using presentation compiler with project's scala-library version: 3.3.5
2025.04.20 22:41:16 INFO  no build target found for /Users/pablomujica/school/assignment-2-ds2/akka-scala-mr/src/main/scala/mapreduce/mapreduceapp.scala. Using presentation compiler with project's scala-library version: 3.3.5
2025.04.20 22:41:16 INFO  no build target found for /Users/pablomujica/school/assignment-2-ds2/akka-scala-mr/src/main/scala/mapreduce/mapreduceapp.scala. Using presentation compiler with project's scala-library version: 3.3.5
2025.04.20 22:41:16 INFO  no build target found for /Users/pablomujica/school/assignment-2-ds2/akka-scala-mr/src/main/scala/mapreduce/mapreduceapp.scala. Using presentation compiler with project's scala-library version: 3.3.5
2025.04.20 22:41:16 INFO  no build target found for /Users/pablomujica/school/assignment-2-ds2/akka-scala-mr/src/main/scala/mapreduce/mapreduceapp.scala. Using presentation compiler with project's scala-library version: 3.3.5
2025.04.20 22:41:16 INFO  no build target found for /Users/pablomujica/school/assignment-2-ds2/akka-scala-mr/src/main/scala/mapreduce/mapreduceapp.scala. Using presentation compiler with project's scala-library version: 3.3.5
2025.04.20 22:41:16 INFO  no build target found for /Users/pablomujica/school/assignment-2-ds2/akka-scala-mr/src/main/scala/mapreduce/mapreduceapp.scala. Using presentation compiler with project's scala-library version: 3.3.5
2025.04.20 22:41:17 INFO  no build target found for /Users/pablomujica/school/assignment-2-ds2/akka-scala-mr/src/main/scala/mapreduce/mapreduceapp.scala. Using presentation compiler with project's scala-library version: 3.3.5
2025.04.20 22:41:16 INFO  no build target found for /Users/pablomujica/school/assignment-2-ds2/akka-scala-mr/src/main/scala/mapreduce/mapreduceapp.scala. Using presentation compiler with project's scala-library version: 3.3.5
2025.04.20 22:41:16 INFO  no build target found for /Users/pablomujica/school/assignment-2-ds2/akka-scala-mr/src/main/scala/mapreduce/mapreduceapp.scala. Using presentation compiler with project's scala-library version: 3.3.5
2025.04.20 22:41:17 INFO  no build target found for /Users/pablomujica/school/assignment-2-ds2/akka-scala-mr/src/main/scala/mapreduce/mapreduceapp.scala. Using presentation compiler with project's scala-library version: 3.3.5
2025.04.20 22:41:17 INFO  no build target found for /Users/pablomujica/school/assignment-2-ds2/akka-scala-mr/src/main/scala/mapreduce/mapreduceapp.scala. Using presentation compiler with project's scala-library version: 3.3.5
2025.04.20 22:41:17 INFO  no build target found for /Users/pablomujica/school/assignment-2-ds2/akka-scala-mr/src/main/scala/mapreduce/mapreduceapp.scala. Using presentation compiler with project's scala-library version: 3.3.5
2025.04.20 22:41:17 INFO  no build target found for /Users/pablomujica/school/assignment-2-ds2/akka-scala-mr/src/main/scala/mapreduce/mapreduceapp.scala. Using presentation compiler with project's scala-library version: 3.3.5
2025.04.20 22:41:17 INFO  no build target found for /Users/pablomujica/school/assignment-2-ds2/akka-scala-mr/src/main/scala/mapreduce/mapreduceapp.scala. Using presentation compiler with project's scala-library version: 3.3.5
2025.04.20 22:41:17 INFO  no build target found for /Users/pablomujica/school/assignment-2-ds2/akka-scala-mr/src/main/scala/mapreduce/mapreduceapp.scala. Using presentation compiler with project's scala-library version: 3.3.5
2025.04.20 22:41:17 INFO  no build target found for /Users/pablomujica/school/assignment-2-ds2/akka-scala-mr/src/main/scala/mapreduce/mapreduceapp.scala. Using presentation compiler with project's scala-library version: 3.3.5
2025.04.20 22:41:17 INFO  no build target found for /Users/pablomujica/school/assignment-2-ds2/akka-scala-mr/src/main/scala/mapreduce/mapreduceapp.scala. Using presentation compiler with project's scala-library version: 3.3.5
2025.04.20 22:41:18 INFO  no build target found for /Users/pablomujica/school/assignment-2-ds2/akka-scala-mr/src/main/scala/mapreduce/mapreduceapp.scala. Using presentation compiler with project's scala-library version: 3.3.5
2025.04.20 22:41:17 INFO  no build target found for /Users/pablomujica/school/assignment-2-ds2/akka-scala-mr/src/main/scala/mapreduce/mapreduceapp.scala. Using presentation compiler with project's scala-library version: 3.3.5
2025.04.20 22:41:19 INFO  no build target found for /Users/pablomujica/school/assignment-2-ds2/akka-scala-mr/src/main/scala/mapreduce/mapreduceapp.scala. Using presentation compiler with project's scala-library version: 3.3.5
2025.04.20 22:41:19 INFO  no build target found for /Users/pablomujica/school/assignment-2-ds2/akka-scala-mr/src/main/scala/mapreduce/mapreduceapp.scala. Using presentation compiler with project's scala-library version: 3.3.5
2025.04.20 22:41:20 INFO  no build target found for /Users/pablomujica/school/assignment-2-ds2/akka-scala-mr/src/main/scala/mapreduce/mapreduceapp.scala. Using presentation compiler with project's scala-library version: 3.3.5
2025.04.20 22:41:23 INFO  no build target found for /Users/pablomujica/school/assignment-2-ds2/akka-scala-mr/src/main/scala/mapreduce/mapreduceapp.scala. Using presentation compiler with project's scala-library version: 3.3.5
2025.04.20 22:41:23 INFO  no build target found for /Users/pablomujica/school/assignment-2-ds2/akka-scala-mr/src/main/scala/mapreduce/mapreduceapp.scala. Using presentation compiler with project's scala-library version: 3.3.5
2025.04.20 22:41:23 INFO  no build target found for /Users/pablomujica/school/assignment-2-ds2/akka-scala-mr/src/main/scala/mapreduce/mapreduceapp.scala. Using presentation compiler with project's scala-library version: 3.3.5
2025.04.20 22:41:23 INFO  no build target found for /Users/pablomujica/school/assignment-2-ds2/akka-scala-mr/src/main/scala/mapreduce/mapreduceapp.scala. Using presentation compiler with project's scala-library version: 3.3.5
2025.04.20 22:41:23 INFO  no build target found for /Users/pablomujica/school/assignment-2-ds2/akka-scala-mr/src/main/scala/mapreduce/mapreduceapp.scala. Using presentation compiler with project's scala-library version: 3.3.5
2025.04.20 22:41:23 INFO  no build target found for /Users/pablomujica/school/assignment-2-ds2/akka-scala-mr/src/main/scala/mapreduce/mapreduceapp.scala. Using presentation compiler with project's scala-library version: 3.3.5
2025.04.20 22:41:23 INFO  no build target found for /Users/pablomujica/school/assignment-2-ds2/akka-scala-mr/src/main/scala/mapreduce/mapreduceapp.scala. Using presentation compiler with project's scala-library version: 3.3.5
2025.04.20 22:41:24 INFO  no build target found for /Users/pablomujica/school/assignment-2-ds2/akka-scala-mr/src/main/scala/mapreduce/mapreduceapp.scala. Using presentation compiler with project's scala-library version: 3.3.5
2025.04.20 22:41:23 INFO  no build target found for /Users/pablomujica/school/assignment-2-ds2/akka-scala-mr/src/main/scala/mapreduce/mapreduceapp.scala. Using presentation compiler with project's scala-library version: 3.3.5
2025.04.20 22:41:23 INFO  no build target found for /Users/pablomujica/school/assignment-2-ds2/akka-scala-mr/src/main/scala/mapreduce/mapreduceapp.scala. Using presentation compiler with project's scala-library version: 3.3.5
2025.04.20 22:41:24 INFO  no build target found for /Users/pablomujica/school/assignment-2-ds2/akka-scala-mr/src/main/scala/mapreduce/mapreduceapp.scala. Using presentation compiler with project's scala-library version: 3.3.5
2025.04.20 22:41:26 INFO  no build target found for /Users/pablomujica/school/assignment-2-ds2/akka-scala-mr/src/main/scala/mapreduce/mapreduceapp.scala. Using presentation compiler with project's scala-library version: 3.3.5
2025.04.20 22:41:26 INFO  no build target found for /Users/pablomujica/school/assignment-2-ds2/akka-scala-mr/src/main/scala/mapreduce/mapreduceapp.scala. Using presentation compiler with project's scala-library version: 3.3.5
2025.04.20 22:41:26 INFO  no build target found for /Users/pablomujica/school/assignment-2-ds2/akka-scala-mr/src/main/scala/mapreduce/mapreduceapp.scala. Using presentation compiler with project's scala-library version: 3.3.5
2025.04.20 22:41:26 INFO  no build target found for /Users/pablomujica/school/assignment-2-ds2/akka-scala-mr/src/main/scala/mapreduce/mapreduceapp.scala. Using presentation compiler with project's scala-library version: 3.3.5
2025.04.20 22:41:26 INFO  no build target found for /Users/pablomujica/school/assignment-2-ds2/akka-scala-mr/src/main/scala/mapreduce/mapreduceapp.scala. Using presentation compiler with project's scala-library version: 3.3.5
2025.04.20 22:41:26 INFO  no build target found for /Users/pablomujica/school/assignment-2-ds2/akka-scala-mr/src/main/scala/mapreduce/mapreduceapp.scala. Using presentation compiler with project's scala-library version: 3.3.5
2025.04.20 22:41:26 INFO  no build target found for /Users/pablomujica/school/assignment-2-ds2/akka-scala-mr/src/main/scala/mapreduce/mapreduceapp.scala. Using presentation compiler with project's scala-library version: 3.3.5
2025.04.20 22:41:27 INFO  no build target found for /Users/pablomujica/school/assignment-2-ds2/akka-scala-mr/src/main/scala/mapreduce/mapreduceapp.scala. Using presentation compiler with project's scala-library version: 3.3.5
2025.04.20 22:41:27 INFO  no build target found for /Users/pablomujica/school/assignment-2-ds2/akka-scala-mr/src/main/scala/mapreduce/mapreduceapp.scala. Using presentation compiler with project's scala-library version: 3.3.5
2025.04.20 22:41:28 INFO  no build target found for /Users/pablomujica/school/assignment-2-ds2/akka-scala-mr/src/main/scala/mapreduce/mapreduceapp.scala. Using presentation compiler with project's scala-library version: 3.3.5
2025.04.20 22:41:28 INFO  no build target found for /Users/pablomujica/school/assignment-2-ds2/akka-scala-mr/src/main/scala/mapreduce/mapreduceapp.scala. Using presentation compiler with project's scala-library version: 3.3.5
2025.04.20 22:41:28 INFO  no build target found for /Users/pablomujica/school/assignment-2-ds2/akka-scala-mr/src/main/scala/mapreduce/mapreduceapp.scala. Using presentation compiler with project's scala-library version: 3.3.5
2025.04.20 22:41:28 INFO  no build target found for /Users/pablomujica/school/assignment-2-ds2/akka-scala-mr/src/main/scala/mapreduce/mapreduceapp.scala. Using presentation compiler with project's scala-library version: 3.3.5
2025.04.20 22:41:28 INFO  no build target found for /Users/pablomujica/school/assignment-2-ds2/akka-scala-mr/src/main/scala/mapreduce/mapreduceapp.scala. Using presentation compiler with project's scala-library version: 3.3.5
2025.04.20 22:41:28 INFO  no build target found for /Users/pablomujica/school/assignment-2-ds2/akka-scala-mr/src/main/scala/mapreduce/mapreduceapp.scala. Using presentation compiler with project's scala-library version: 3.3.5
2025.04.20 22:41:28 INFO  no build target found for /Users/pablomujica/school/assignment-2-ds2/akka-scala-mr/src/main/scala/mapreduce/mapreduceapp.scala. Using presentation compiler with project's scala-library version: 3.3.5
2025.04.20 22:41:28 INFO  no build target found for /Users/pablomujica/school/assignment-2-ds2/akka-scala-mr/src/main/scala/mapreduce/mapreduceapp.scala. Using presentation compiler with project's scala-library version: 3.3.5
2025.04.20 22:41:29 INFO  no build target found for /Users/pablomujica/school/assignment-2-ds2/akka-scala-mr/src/main/scala/mapreduce/mapreduceapp.scala. Using presentation compiler with project's scala-library version: 3.3.5
2025.04.20 22:41:28 INFO  no build target found for /Users/pablomujica/school/assignment-2-ds2/akka-scala-mr/src/main/scala/mapreduce/mapreduceapp.scala. Using presentation compiler with project's scala-library version: 3.3.5
2025.04.20 22:41:29 INFO  no build target found for /Users/pablomujica/school/assignment-2-ds2/akka-scala-mr/src/main/scala/mapreduce/mapreduceapp.scala. Using presentation compiler with project's scala-library version: 3.3.5
2025.04.20 22:41:29 INFO  no build target found for /Users/pablomujica/school/assignment-2-ds2/akka-scala-mr/src/main/scala/mapreduce/mapreduceapp.scala. Using presentation compiler with project's scala-library version: 3.3.5
2025.04.20 22:41:30 INFO  no build target found for /Users/pablomujica/school/assignment-2-ds2/akka-scala-mr/src/main/scala/mapreduce/mapreduceapp.scala. Using presentation compiler with project's scala-library version: 3.3.5
2025.04.20 22:41:29 INFO  no build target found for /Users/pablomujica/school/assignment-2-ds2/akka-scala-mr/src/main/scala/mapreduce/mapreduceapp.scala. Using presentation compiler with project's scala-library version: 3.3.5
2025.04.20 22:41:29 INFO  no build target found for /Users/pablomujica/school/assignment-2-ds2/akka-scala-mr/src/main/scala/mapreduce/mapreduceapp.scala. Using presentation compiler with project's scala-library version: 3.3.5
2025.04.20 22:41:29 INFO  no build target found for /Users/pablomujica/school/assignment-2-ds2/akka-scala-mr/src/main/scala/mapreduce/mapreduceapp.scala. Using presentation compiler with project's scala-library version: 3.3.5
2025.04.20 22:41:30 INFO  no build target found for /Users/pablomujica/school/assignment-2-ds2/akka-scala-mr/src/main/scala/mapreduce/mapreduceapp.scala. Using presentation compiler with project's scala-library version: 3.3.5
2025.04.20 22:41:37 INFO  no build target found for /Users/pablomujica/school/assignment-2-ds2/akka-scala-mr/src/main/scala/mapreduce/mapreduceapp.scala. Using presentation compiler with project's scala-library version: 3.3.5
2025.04.20 22:41:37 INFO  no build target found for /Users/pablomujica/school/assignment-2-ds2/akka-scala-mr/src/main/scala/mapreduce/mapreduceapp.scala. Using presentation compiler with project's scala-library version: 3.3.5
2025.04.20 22:41:37 INFO  no build target found for /Users/pablomujica/school/assignment-2-ds2/akka-scala-mr/src/main/scala/mapreduce/mapreduceapp.scala. Using presentation compiler with project's scala-library version: 3.3.5
2025.04.20 22:41:37 INFO  no build target found for /Users/pablomujica/school/assignment-2-ds2/akka-scala-mr/src/main/scala/mapreduce/mapreduceapp.scala. Using presentation compiler with project's scala-library version: 3.3.5
2025.04.20 22:41:37 WARN  no build target for: /Users/pablomujica/school/assignment-2-ds2/akka-scala-mr/src/main/scala/mapreduce/mapreduceapp.scala
2025.04.20 22:41:37 INFO  no build target found for /Users/pablomujica/school/assignment-2-ds2/akka-scala-mr/src/main/scala/mapreduce/mapreduceapp.scala. Using presentation compiler with project's scala-library version: 3.3.5
2025.04.20 22:41:40 WARN  no build target for: /Users/pablomujica/school/assignment-2-ds2/akka-scala-mr/src/main/scala/mapreduce/mapreduceapp.scala
2025.04.20 22:41:40 INFO  no build target found for /Users/pablomujica/school/assignment-2-ds2/akka-scala-mr/src/main/scala/mapreduce/mapreduceapp.scala. Using presentation compiler with project's scala-library version: 3.3.5
2025.04.20 22:41:55 INFO  no build target found for /Users/pablomujica/school/assignment-2-ds2/akka-scala-mr/src/main/scala/mapreduce/mapreduceapp.scala. Using presentation compiler with project's scala-library version: 3.3.5
2025.04.20 22:42:21 INFO  no build target found for /Users/pablomujica/school/assignment-2-ds2/akka-scala-mr/src/main/scala/mapreduce/mapreduceapp.scala. Using presentation compiler with project's scala-library version: 3.3.5
2025.04.20 22:42:21 INFO  no build target found for /Users/pablomujica/school/assignment-2-ds2/akka-scala-mr/src/main/scala/mapreduce/mapreduceapp.scala. Using presentation compiler with project's scala-library version: 3.3.5
2025.04.20 22:42:21 INFO  no build target found for /Users/pablomujica/school/assignment-2-ds2/akka-scala-mr/src/main/scala/mapreduce/mapreduceapp.scala. Using presentation compiler with project's scala-library version: 3.3.5
2025.04.20 22:42:21 INFO  no build target found for /Users/pablomujica/school/assignment-2-ds2/akka-scala-mr/src/main/scala/mapreduce/mapreduceapp.scala. Using presentation compiler with project's scala-library version: 3.3.5
2025.04.20 22:42:21 INFO  no build target found for /Users/pablomujica/school/assignment-2-ds2/akka-scala-mr/src/main/scala/mapreduce/mapreduceapp.scala. Using presentation compiler with project's scala-library version: 3.3.5
2025.04.20 22:42:22 INFO  no build target found for /Users/pablomujica/school/assignment-2-ds2/akka-scala-mr/src/main/scala/mapreduce/mapreduceapp.scala. Using presentation compiler with project's scala-library version: 3.3.5
2025.04.20 22:42:22 INFO  no build target found for /Users/pablomujica/school/assignment-2-ds2/akka-scala-mr/src/main/scala/mapreduce/mapreduceapp.scala. Using presentation compiler with project's scala-library version: 3.3.5
2025.04.20 22:42:22 INFO  no build target found for /Users/pablomujica/school/assignment-2-ds2/akka-scala-mr/src/main/scala/mapreduce/mapreduceapp.scala. Using presentation compiler with project's scala-library version: 3.3.5
2025.04.20 22:42:22 INFO  no build target found for /Users/pablomujica/school/assignment-2-ds2/akka-scala-mr/src/main/scala/mapreduce/mapreduceapp.scala. Using presentation compiler with project's scala-library version: 3.3.5
2025.04.20 22:42:23 INFO  no build target found for /Users/pablomujica/school/assignment-2-ds2/akka-scala-mr/src/main/scala/mapreduce/mapreduceapp.scala. Using presentation compiler with project's scala-library version: 3.3.5
2025.04.20 22:42:24 INFO  no build target found for /Users/pablomujica/school/assignment-2-ds2/akka-scala-mr/src/main/scala/mapreduce/mapreduceapp.scala. Using presentation compiler with project's scala-library version: 3.3.5
2025.04.20 22:42:24 INFO  no build target found for /Users/pablomujica/school/assignment-2-ds2/akka-scala-mr/src/main/scala/mapreduce/mapreduceapp.scala. Using presentation compiler with project's scala-library version: 3.3.5
2025.04.20 22:42:26 INFO  no build target found for /Users/pablomujica/school/assignment-2-ds2/akka-scala-mr/src/main/scala/mapreduce/mapreduceapp.scala. Using presentation compiler with project's scala-library version: 3.3.5
2025.04.20 22:42:26 INFO  no build target found for /Users/pablomujica/school/assignment-2-ds2/akka-scala-mr/src/main/scala/mapreduce/mapreduceapp.scala. Using presentation compiler with project's scala-library version: 3.3.5
2025.04.20 22:42:26 INFO  no build target found for /Users/pablomujica/school/assignment-2-ds2/akka-scala-mr/src/main/scala/mapreduce/mapreduceapp.scala. Using presentation compiler with project's scala-library version: 3.3.5
2025.04.20 22:42:26 INFO  no build target found for /Users/pablomujica/school/assignment-2-ds2/akka-scala-mr/src/main/scala/mapreduce/mapreduceapp.scala. Using presentation compiler with project's scala-library version: 3.3.5
2025.04.20 22:42:26 INFO  no build target found for /Users/pablomujica/school/assignment-2-ds2/akka-scala-mr/src/main/scala/mapreduce/mapreduceapp.scala. Using presentation compiler with project's scala-library version: 3.3.5
2025.04.20 22:42:26 INFO  no build target found for /Users/pablomujica/school/assignment-2-ds2/akka-scala-mr/src/main/scala/mapreduce/mapreduceapp.scala. Using presentation compiler with project's scala-library version: 3.3.5
2025.04.20 22:42:27 INFO  no build target found for /Users/pablomujica/school/assignment-2-ds2/akka-scala-mr/src/main/scala/mapreduce/mapreduceapp.scala. Using presentation compiler with project's scala-library version: 3.3.5
2025.04.20 22:42:27 INFO  no build target found for /Users/pablomujica/school/assignment-2-ds2/akka-scala-mr/src/main/scala/mapreduce/mapreduceapp.scala. Using presentation compiler with project's scala-library version: 3.3.5
2025.04.20 22:42:27 INFO  no build target found for /Users/pablomujica/school/assignment-2-ds2/akka-scala-mr/src/main/scala/mapreduce/mapreduceapp.scala. Using presentation compiler with project's scala-library version: 3.3.5
2025.04.20 22:42:27 INFO  no build target found for /Users/pablomujica/school/assignment-2-ds2/akka-scala-mr/src/main/scala/mapreduce/mapreduceapp.scala. Using presentation compiler with project's scala-library version: 3.3.5
2025.04.20 22:42:27 INFO  no build target found for /Users/pablomujica/school/assignment-2-ds2/akka-scala-mr/src/main/scala/mapreduce/mapreduceapp.scala. Using presentation compiler with project's scala-library version: 3.3.5
2025.04.20 22:42:27 INFO  no build target found for /Users/pablomujica/school/assignment-2-ds2/akka-scala-mr/src/main/scala/mapreduce/mapreduceapp.scala. Using presentation compiler with project's scala-library version: 3.3.5
2025.04.20 22:42:27 INFO  no build target found for /Users/pablomujica/school/assignment-2-ds2/akka-scala-mr/src/main/scala/mapreduce/mapreduceapp.scala. Using presentation compiler with project's scala-library version: 3.3.5
2025.04.20 22:42:27 INFO  no build target found for /Users/pablomujica/school/assignment-2-ds2/akka-scala-mr/src/main/scala/mapreduce/mapreduceapp.scala. Using presentation compiler with project's scala-library version: 3.3.5
2025.04.20 22:42:27 INFO  no build target found for /Users/pablomujica/school/assignment-2-ds2/akka-scala-mr/src/main/scala/mapreduce/mapreduceapp.scala. Using presentation compiler with project's scala-library version: 3.3.5
2025.04.20 22:42:28 INFO  no build target found for /Users/pablomujica/school/assignment-2-ds2/akka-scala-mr/src/main/scala/mapreduce/mapreduceapp.scala. Using presentation compiler with project's scala-library version: 3.3.5
2025.04.20 22:42:31 INFO  no build target found for /Users/pablomujica/school/assignment-2-ds2/akka-scala-mr/src/main/scala/mapreduce/mapreduceapp.scala. Using presentation compiler with project's scala-library version: 3.3.5
2025.04.20 22:42:31 INFO  no build target found for /Users/pablomujica/school/assignment-2-ds2/akka-scala-mr/src/main/scala/mapreduce/mapreduceapp.scala. Using presentation compiler with project's scala-library version: 3.3.5
2025.04.20 22:42:31 INFO  no build target found for /Users/pablomujica/school/assignment-2-ds2/akka-scala-mr/src/main/scala/mapreduce/mapreduceapp.scala. Using presentation compiler with project's scala-library version: 3.3.5
2025.04.20 22:42:42 INFO  no build target found for /Users/pablomujica/school/assignment-2-ds2/akka-scala-mr/src/main/scala/mapreduce/mapreduceapp.scala. Using presentation compiler with project's scala-library version: 3.3.5
2025.04.20 22:42:42 INFO  no build target found for /Users/pablomujica/school/assignment-2-ds2/akka-scala-mr/src/main/scala/mapreduce/mapreduceapp.scala. Using presentation compiler with project's scala-library version: 3.3.5
2025.04.20 22:42:42 INFO  no build target found for /Users/pablomujica/school/assignment-2-ds2/akka-scala-mr/src/main/scala/mapreduce/mapreduceapp.scala. Using presentation compiler with project's scala-library version: 3.3.5
2025.04.20 22:42:42 INFO  no build target found for /Users/pablomujica/school/assignment-2-ds2/akka-scala-mr/src/main/scala/mapreduce/mapreduceapp.scala. Using presentation compiler with project's scala-library version: 3.3.5
2025.04.20 22:42:42 INFO  no build target found for /Users/pablomujica/school/assignment-2-ds2/akka-scala-mr/src/main/scala/mapreduce/mapreduceapp.scala. Using presentation compiler with project's scala-library version: 3.3.5
2025.04.20 22:42:42 INFO  no build target found for /Users/pablomujica/school/assignment-2-ds2/akka-scala-mr/src/main/scala/mapreduce/mapreduceapp.scala. Using presentation compiler with project's scala-library version: 3.3.5
2025.04.20 22:42:43 INFO  no build target found for /Users/pablomujica/school/assignment-2-ds2/akka-scala-mr/src/main/scala/mapreduce/mapreduceapp.scala. Using presentation compiler with project's scala-library version: 3.3.5
2025.04.20 22:42:43 WARN  no build target for: /Users/pablomujica/school/assignment-2-ds2/akka-scala-mr/src/main/scala/mapreduce/mapreduceapp.scala
2025.04.20 22:42:43 INFO  no build target found for /Users/pablomujica/school/assignment-2-ds2/akka-scala-mr/src/main/scala/mapreduce/mapreduceapp.scala. Using presentation compiler with project's scala-library version: 3.3.5
2025.04.20 22:42:43 INFO  no build target found for /Users/pablomujica/school/assignment-2-ds2/akka-scala-mr/src/main/scala/mapreduce/mapreduceapp.scala. Using presentation compiler with project's scala-library version: 3.3.5
2025.04.20 22:42:45 INFO  no build target found for /Users/pablomujica/school/assignment-2-ds2/akka-scala-mr/src/main/scala/mapreduce/mapreduceapp.scala. Using presentation compiler with project's scala-library version: 3.3.5
2025.04.20 22:42:45 INFO  no build target found for /Users/pablomujica/school/assignment-2-ds2/akka-scala-mr/src/main/scala/mapreduce/mapreduceapp.scala. Using presentation compiler with project's scala-library version: 3.3.5
2025.04.20 22:42:45 INFO  no build target found for /Users/pablomujica/school/assignment-2-ds2/akka-scala-mr/src/main/scala/mapreduce/mapreduceapp.scala. Using presentation compiler with project's scala-library version: 3.3.5
2025.04.20 22:42:45 INFO  no build target found for /Users/pablomujica/school/assignment-2-ds2/akka-scala-mr/src/main/scala/mapreduce/mapreduceapp.scala. Using presentation compiler with project's scala-library version: 3.3.5
2025.04.20 22:42:45 INFO  no build target found for /Users/pablomujica/school/assignment-2-ds2/akka-scala-mr/src/main/scala/mapreduce/mapreduceapp.scala. Using presentation compiler with project's scala-library version: 3.3.5
2025.04.20 22:42:45 INFO  no build target found for /Users/pablomujica/school/assignment-2-ds2/akka-scala-mr/src/main/scala/mapreduce/mapreduceapp.scala. Using presentation compiler with project's scala-library version: 3.3.5
2025.04.20 22:42:45 INFO  no build target found for /Users/pablomujica/school/assignment-2-ds2/akka-scala-mr/src/main/scala/mapreduce/mapreduceapp.scala. Using presentation compiler with project's scala-library version: 3.3.5
2025.04.20 22:42:46 INFO  no build target found for /Users/pablomujica/school/assignment-2-ds2/akka-scala-mr/src/main/scala/mapreduce/mapreduceapp.scala. Using presentation compiler with project's scala-library version: 3.3.5
2025.04.20 22:42:46 INFO  no build target found for /Users/pablomujica/school/assignment-2-ds2/akka-scala-mr/src/main/scala/mapreduce/mapreduceapp.scala. Using presentation compiler with project's scala-library version: 3.3.5
2025.04.20 22:42:46 INFO  no build target found for /Users/pablomujica/school/assignment-2-ds2/akka-scala-mr/src/main/scala/mapreduce/mapreduceapp.scala. Using presentation compiler with project's scala-library version: 3.3.5
2025.04.20 22:42:46 INFO  no build target found for /Users/pablomujica/school/assignment-2-ds2/akka-scala-mr/src/main/scala/mapreduce/mapreduceapp.scala. Using presentation compiler with project's scala-library version: 3.3.5
2025.04.20 22:42:46 INFO  no build target found for /Users/pablomujica/school/assignment-2-ds2/akka-scala-mr/src/main/scala/mapreduce/mapreduceapp.scala. Using presentation compiler with project's scala-library version: 3.3.5
2025.04.20 22:42:46 INFO  no build target found for /Users/pablomujica/school/assignment-2-ds2/akka-scala-mr/src/main/scala/mapreduce/mapreduceapp.scala. Using presentation compiler with project's scala-library version: 3.3.5
2025.04.20 22:42:46 INFO  no build target found for /Users/pablomujica/school/assignment-2-ds2/akka-scala-mr/src/main/scala/mapreduce/mapreduceapp.scala. Using presentation compiler with project's scala-library version: 3.3.5
2025.04.20 22:42:46 INFO  no build target found for /Users/pablomujica/school/assignment-2-ds2/akka-scala-mr/src/main/scala/mapreduce/mapreduceapp.scala. Using presentation compiler with project's scala-library version: 3.3.5
2025.04.20 22:42:46 INFO  no build target found for /Users/pablomujica/school/assignment-2-ds2/akka-scala-mr/src/main/scala/mapreduce/mapreduceapp.scala. Using presentation compiler with project's scala-library version: 3.3.5
2025.04.20 22:42:46 INFO  no build target found for /Users/pablomujica/school/assignment-2-ds2/akka-scala-mr/src/main/scala/mapreduce/mapreduceapp.scala. Using presentation compiler with project's scala-library version: 3.3.5
2025.04.20 22:42:47 INFO  no build target found for /Users/pablomujica/school/assignment-2-ds2/akka-scala-mr/src/main/scala/mapreduce/mapreduceapp.scala. Using presentation compiler with project's scala-library version: 3.3.5
2025.04.20 22:42:47 WARN  no build target for: /Users/pablomujica/school/assignment-2-ds2/akka-scala-mr/src/main/scala/mapreduce/mapreduceapp.scala
2025.04.20 22:42:47 INFO  no build target found for /Users/pablomujica/school/assignment-2-ds2/akka-scala-mr/src/main/scala/mapreduce/mapreduceapp.scala. Using presentation compiler with project's scala-library version: 3.3.5
2025.04.20 22:42:47 INFO  no build target found for /Users/pablomujica/school/assignment-2-ds2/akka-scala-mr/src/main/scala/mapreduce/mapreduceapp.scala. Using presentation compiler with project's scala-library version: 3.3.5
2025.04.20 22:42:56 WARN  no build target for: /Users/pablomujica/school/assignment-2-ds2/akka-scala-mr/src/main/scala/mapreduce/mapreduceapp.scala
2025.04.20 22:42:56 INFO  no build target found for /Users/pablomujica/school/assignment-2-ds2/akka-scala-mr/src/main/scala/mapreduce/mapreduceapp.scala. Using presentation compiler with project's scala-library version: 3.3.5
2025.04.20 22:43:05 INFO  no build target found for /Users/pablomujica/school/assignment-2-ds2/akka-scala-mr/src/main/scala/mapreduce/mapreduceapp.scala. Using presentation compiler with project's scala-library version: 3.3.5
2025.04.20 22:43:05 INFO  no build target found for /Users/pablomujica/school/assignment-2-ds2/akka-scala-mr/src/main/scala/mapreduce/mapreduceapp.scala. Using presentation compiler with project's scala-library version: 3.3.5
2025.04.20 22:43:06 INFO  no build target found for /Users/pablomujica/school/assignment-2-ds2/akka-scala-mr/src/main/scala/mapreduce/mapreduceapp.scala. Using presentation compiler with project's scala-library version: 3.3.5
2025.04.20 22:43:19 INFO  no build target found for /Users/pablomujica/school/assignment-2-ds2/akka-scala-mr/src/main/scala/mapreduce/mapreduceapp.scala. Using presentation compiler with project's scala-library version: 3.3.5
2025.04.20 22:43:19 INFO  no build target found for /Users/pablomujica/school/assignment-2-ds2/akka-scala-mr/src/main/scala/mapreduce/mapreduceapp.scala. Using presentation compiler with project's scala-library version: 3.3.5
2025.04.20 22:43:19 INFO  no build target found for /Users/pablomujica/school/assignment-2-ds2/akka-scala-mr/src/main/scala/mapreduce/mapreduceapp.scala. Using presentation compiler with project's scala-library version: 3.3.5
2025.04.20 22:43:19 INFO  no build target found for /Users/pablomujica/school/assignment-2-ds2/akka-scala-mr/src/main/scala/mapreduce/mapreduceapp.scala. Using presentation compiler with project's scala-library version: 3.3.5
2025.04.20 22:43:19 INFO  no build target found for /Users/pablomujica/school/assignment-2-ds2/akka-scala-mr/src/main/scala/mapreduce/mapreduceapp.scala. Using presentation compiler with project's scala-library version: 3.3.5
2025.04.20 22:43:19 INFO  no build target found for /Users/pablomujica/school/assignment-2-ds2/akka-scala-mr/src/main/scala/mapreduce/mapreduceapp.scala. Using presentation compiler with project's scala-library version: 3.3.5
2025.04.20 22:43:19 INFO  no build target found for /Users/pablomujica/school/assignment-2-ds2/akka-scala-mr/src/main/scala/mapreduce/mapreduceapp.scala. Using presentation compiler with project's scala-library version: 3.3.5
2025.04.20 22:43:19 INFO  no build target found for /Users/pablomujica/school/assignment-2-ds2/akka-scala-mr/src/main/scala/mapreduce/mapreduceapp.scala. Using presentation compiler with project's scala-library version: 3.3.5
2025.04.20 22:43:19 INFO  no build target found for /Users/pablomujica/school/assignment-2-ds2/akka-scala-mr/src/main/scala/mapreduce/mapreduceapp.scala. Using presentation compiler with project's scala-library version: 3.3.5
2025.04.20 22:43:20 INFO  no build target found for /Users/pablomujica/school/assignment-2-ds2/akka-scala-mr/src/main/scala/mapreduce/mapreduceapp.scala. Using presentation compiler with project's scala-library version: 3.3.5
2025.04.20 22:43:19 INFO  no build target found for /Users/pablomujica/school/assignment-2-ds2/akka-scala-mr/src/main/scala/mapreduce/mapreduceapp.scala. Using presentation compiler with project's scala-library version: 3.3.5
2025.04.20 22:43:20 WARN  no build target for: /Users/pablomujica/school/assignment-2-ds2/akka-scala-mr/src/main/scala/mapreduce/mapreduceapp.scala
2025.04.20 22:43:20 INFO  no build target found for /Users/pablomujica/school/assignment-2-ds2/akka-scala-mr/src/main/scala/mapreduce/mapreduceapp.scala. Using presentation compiler with project's scala-library version: 3.3.5
2025.04.20 22:43:40 INFO  no build target found for /Users/pablomujica/school/assignment-2-ds2/akka-scala-mr/src/main/scala/mapreduce/mapreduceapp.scala. Using presentation compiler with project's scala-library version: 3.3.5
2025.04.20 22:43:40 INFO  no build target found for /Users/pablomujica/school/assignment-2-ds2/akka-scala-mr/src/main/scala/mapreduce/mapreduceapp.scala. Using presentation compiler with project's scala-library version: 3.3.5
2025.04.20 22:43:40 INFO  no build target found for /Users/pablomujica/school/assignment-2-ds2/akka-scala-mr/src/main/scala/mapreduce/mapreduceapp.scala. Using presentation compiler with project's scala-library version: 3.3.5
2025.04.20 22:43:41 INFO  no build target found for /Users/pablomujica/school/assignment-2-ds2/akka-scala-mr/src/main/scala/mapreduce/mapreduceapp.scala. Using presentation compiler with project's scala-library version: 3.3.5
2025.04.20 22:43:41 INFO  no build target found for /Users/pablomujica/school/assignment-2-ds2/akka-scala-mr/src/main/scala/mapreduce/mapreduceapp.scala. Using presentation compiler with project's scala-library version: 3.3.5
2025.04.20 22:43:41 INFO  no build target found for /Users/pablomujica/school/assignment-2-ds2/akka-scala-mr/src/main/scala/mapreduce/mapreduceapp.scala. Using presentation compiler with project's scala-library version: 3.3.5
2025.04.20 22:43:41 WARN  no build target for: /Users/pablomujica/school/assignment-2-ds2/akka-scala-mr/src/main/scala/mapreduce/mapreduceapp.scala
2025.04.20 22:43:42 INFO  no build target found for /Users/pablomujica/school/assignment-2-ds2/akka-scala-mr/src/main/scala/mapreduce/mapreduceapp.scala. Using presentation compiler with project's scala-library version: 3.3.5
2025.04.20 22:47:35 INFO  no build target found for /Users/pablomujica/school/assignment-2-ds2/akka-scala-mr/src/main/scala/mapreduce/mapreduceapp.scala. Using presentation compiler with project's scala-library version: 3.3.5
2025.04.20 22:47:37 INFO  no build target found for /Users/pablomujica/school/assignment-2-ds2/akka-scala-mr/src/main/scala/mapreduce/mapreduceapp.scala. Using presentation compiler with project's scala-library version: 3.3.5
2025.04.20 22:47:37 INFO  no build target found for /Users/pablomujica/school/assignment-2-ds2/akka-scala-mr/src/main/scala/mapreduce/mapreduceapp.scala. Using presentation compiler with project's scala-library version: 3.3.5
2025.04.20 22:47:37 INFO  no build target found for /Users/pablomujica/school/assignment-2-ds2/akka-scala-mr/src/main/scala/mapreduce/mapreduceapp.scala. Using presentation compiler with project's scala-library version: 3.3.5
2025.04.20 22:47:37 INFO  no build target found for /Users/pablomujica/school/assignment-2-ds2/akka-scala-mr/src/main/scala/mapreduce/mapreduceapp.scala. Using presentation compiler with project's scala-library version: 3.3.5
2025.04.20 22:47:38 INFO  no build target found for /Users/pablomujica/school/assignment-2-ds2/akka-scala-mr/src/main/scala/mapreduce/mapreduceapp.scala. Using presentation compiler with project's scala-library version: 3.3.5
2025.04.20 22:47:38 INFO  no build target found for /Users/pablomujica/school/assignment-2-ds2/akka-scala-mr/src/main/scala/mapreduce/mapreduceapp.scala. Using presentation compiler with project's scala-library version: 3.3.5
2025.04.20 22:47:38 INFO  no build target found for /Users/pablomujica/school/assignment-2-ds2/akka-scala-mr/src/main/scala/mapreduce/mapreduceapp.scala. Using presentation compiler with project's scala-library version: 3.3.5
2025.04.20 22:47:38 INFO  no build target found for /Users/pablomujica/school/assignment-2-ds2/akka-scala-mr/src/main/scala/mapreduce/mapreduceapp.scala. Using presentation compiler with project's scala-library version: 3.3.5
2025.04.20 22:47:39 INFO  no build target found for /Users/pablomujica/school/assignment-2-ds2/akka-scala-mr/src/main/scala/mapreduce/mapreduceapp.scala. Using presentation compiler with project's scala-library version: 3.3.5
2025.04.20 22:47:39 INFO  no build target found for /Users/pablomujica/school/assignment-2-ds2/akka-scala-mr/src/main/scala/mapreduce/mapreduceapp.scala. Using presentation compiler with project's scala-library version: 3.3.5
2025.04.20 22:47:39 INFO  no build target found for /Users/pablomujica/school/assignment-2-ds2/akka-scala-mr/src/main/scala/mapreduce/mapreduceapp.scala. Using presentation compiler with project's scala-library version: 3.3.5
2025.04.20 22:47:39 INFO  no build target found for /Users/pablomujica/school/assignment-2-ds2/akka-scala-mr/src/main/scala/mapreduce/mapreduceapp.scala. Using presentation compiler with project's scala-library version: 3.3.5
2025.04.20 22:47:41 INFO  no build target found for /Users/pablomujica/school/assignment-2-ds2/akka-scala-mr/src/main/scala/mapreduce/mapreduceapp.scala. Using presentation compiler with project's scala-library version: 3.3.5
2025.04.20 22:47:41 INFO  no build target found for /Users/pablomujica/school/assignment-2-ds2/akka-scala-mr/src/main/scala/mapreduce/mapreduceapp.scala. Using presentation compiler with project's scala-library version: 3.3.5
2025.04.20 22:47:42 INFO  no build target found for /Users/pablomujica/school/assignment-2-ds2/akka-scala-mr/src/main/scala/mapreduce/mapreduceapp.scala. Using presentation compiler with project's scala-library version: 3.3.5
2025.04.20 22:47:42 INFO  no build target found for /Users/pablomujica/school/assignment-2-ds2/akka-scala-mr/src/main/scala/mapreduce/mapreduceapp.scala. Using presentation compiler with project's scala-library version: 3.3.5
2025.04.20 22:47:42 INFO  no build target found for /Users/pablomujica/school/assignment-2-ds2/akka-scala-mr/src/main/scala/mapreduce/mapreduceapp.scala. Using presentation compiler with project's scala-library version: 3.3.5
2025.04.20 22:47:42 INFO  no build target found for /Users/pablomujica/school/assignment-2-ds2/akka-scala-mr/src/main/scala/mapreduce/mapreduceapp.scala. Using presentation compiler with project's scala-library version: 3.3.5
2025.04.20 22:47:42 INFO  no build target found for /Users/pablomujica/school/assignment-2-ds2/akka-scala-mr/src/main/scala/mapreduce/mapreduceapp.scala. Using presentation compiler with project's scala-library version: 3.3.5
2025.04.20 22:47:43 INFO  no build target found for /Users/pablomujica/school/assignment-2-ds2/akka-scala-mr/src/main/scala/mapreduce/mapreduceapp.scala. Using presentation compiler with project's scala-library version: 3.3.5
2025.04.20 22:47:42 INFO  no build target found for /Users/pablomujica/school/assignment-2-ds2/akka-scala-mr/src/main/scala/mapreduce/mapreduceapp.scala. Using presentation compiler with project's scala-library version: 3.3.5
2025.04.20 22:47:42 INFO  no build target found for /Users/pablomujica/school/assignment-2-ds2/akka-scala-mr/src/main/scala/mapreduce/mapreduceapp.scala. Using presentation compiler with project's scala-library version: 3.3.5
2025.04.20 22:47:43 INFO  no build target found for /Users/pablomujica/school/assignment-2-ds2/akka-scala-mr/src/main/scala/mapreduce/mapreduceapp.scala. Using presentation compiler with project's scala-library version: 3.3.5
2025.04.20 22:47:44 INFO  no build target found for /Users/pablomujica/school/assignment-2-ds2/akka-scala-mr/src/main/scala/mapreduce/mapreduceapp.scala. Using presentation compiler with project's scala-library version: 3.3.5
2025.04.20 22:47:43 INFO  no build target found for /Users/pablomujica/school/assignment-2-ds2/akka-scala-mr/src/main/scala/mapreduce/mapreduceapp.scala. Using presentation compiler with project's scala-library version: 3.3.5
2025.04.20 22:47:43 INFO  no build target found for /Users/pablomujica/school/assignment-2-ds2/akka-scala-mr/src/main/scala/mapreduce/mapreduceapp.scala. Using presentation compiler with project's scala-library version: 3.3.5
2025.04.20 22:47:43 INFO  no build target found for /Users/pablomujica/school/assignment-2-ds2/akka-scala-mr/src/main/scala/mapreduce/mapreduceapp.scala. Using presentation compiler with project's scala-library version: 3.3.5
2025.04.20 22:47:44 INFO  no build target found for /Users/pablomujica/school/assignment-2-ds2/akka-scala-mr/src/main/scala/mapreduce/mapreduceapp.scala. Using presentation compiler with project's scala-library version: 3.3.5
2025.04.20 22:47:45 INFO  no build target found for /Users/pablomujica/school/assignment-2-ds2/akka-scala-mr/src/main/scala/mapreduce/mapreduceapp.scala. Using presentation compiler with project's scala-library version: 3.3.5
2025.04.20 22:47:46 INFO  no build target found for /Users/pablomujica/school/assignment-2-ds2/akka-scala-mr/src/main/scala/mapreduce/mapreduceapp.scala. Using presentation compiler with project's scala-library version: 3.3.5
2025.04.20 22:47:46 INFO  no build target found for /Users/pablomujica/school/assignment-2-ds2/akka-scala-mr/src/main/scala/mapreduce/mapreduceapp.scala. Using presentation compiler with project's scala-library version: 3.3.5
2025.04.20 22:47:46 INFO  no build target found for /Users/pablomujica/school/assignment-2-ds2/akka-scala-mr/src/main/scala/mapreduce/mapreduceapp.scala. Using presentation compiler with project's scala-library version: 3.3.5
2025.04.20 22:47:46 INFO  no build target found for /Users/pablomujica/school/assignment-2-ds2/akka-scala-mr/src/main/scala/mapreduce/mapreduceapp.scala. Using presentation compiler with project's scala-library version: 3.3.5
2025.04.20 22:47:47 INFO  no build target found for /Users/pablomujica/school/assignment-2-ds2/akka-scala-mr/src/main/scala/mapreduce/mapreduceapp.scala. Using presentation compiler with project's scala-library version: 3.3.5
2025.04.20 22:47:47 INFO  no build target found for /Users/pablomujica/school/assignment-2-ds2/akka-scala-mr/src/main/scala/mapreduce/mapreduceapp.scala. Using presentation compiler with project's scala-library version: 3.3.5
2025.04.20 22:47:47 INFO  no build target found for /Users/pablomujica/school/assignment-2-ds2/akka-scala-mr/src/main/scala/mapreduce/mapreduceapp.scala. Using presentation compiler with project's scala-library version: 3.3.5
2025.04.20 22:47:47 INFO  no build target found for /Users/pablomujica/school/assignment-2-ds2/akka-scala-mr/src/main/scala/mapreduce/mapreduceapp.scala. Using presentation compiler with project's scala-library version: 3.3.5
2025.04.20 22:47:47 WARN  no build target for: /Users/pablomujica/school/assignment-2-ds2/akka-scala-mr/src/main/scala/mapreduce/mapreduceapp.scala
2025.04.20 22:47:47 INFO  no build target found for /Users/pablomujica/school/assignment-2-ds2/akka-scala-mr/src/main/scala/mapreduce/mapreduceapp.scala. Using presentation compiler with project's scala-library version: 3.3.5
2025.04.20 22:47:47 INFO  no build target found for /Users/pablomujica/school/assignment-2-ds2/akka-scala-mr/src/main/scala/mapreduce/mapreduceapp.scala. Using presentation compiler with project's scala-library version: 3.3.5
Apr 20, 2025 10:47:48 PM scala.meta.internal.metals.StdReporter $anonfun$create$1
WARNING: empty definition using pc, found symbol in pc: `<none>`. (full report at: /Users/pablomujica/school/assignment-2-ds2/.metals/.reports/metals-full/2025-04-20/r_empty-definition_22-29-47-274.md)
2025.04.20 22:47:48 INFO  no build target found for /Users/pablomujica/school/assignment-2-ds2/akka-scala-mr/src/main/scala/mapreduce/mapreduceapp.scala. Using presentation compiler with project's scala-library version: 3.3.5
Apr 20, 2025 10:47:48 PM scala.meta.internal.metals.StdReporter $anonfun$create$1
WARNING: empty definition using pc, found symbol in pc: scala/io/Source. (full report at: /Users/pablomujica/school/assignment-2-ds2/.metals/.reports/metals-full/2025-04-20/r_empty-definition_22-31-18-912.md)
2025.04.20 22:47:48 INFO  no build target found for /Users/pablomujica/school/assignment-2-ds2/akka-scala-mr/src/main/scala/mapreduce/mapreduceapp.scala. Using presentation compiler with project's scala-library version: 3.3.5
Apr 20, 2025 10:47:48 PM scala.meta.internal.metals.StdReporter $anonfun$create$1
WARNING: empty definition using pc, found symbol in pc: `<none>`. (full report at: /Users/pablomujica/school/assignment-2-ds2/.metals/.reports/metals-full/2025-04-20/r_empty-definition_22-29-47-274.md)
2025.04.20 22:47:49 INFO  no build target found for /Users/pablomujica/school/assignment-2-ds2/akka-scala-mr/src/main/scala/mapreduce/mapreduceapp.scala. Using presentation compiler with project's scala-library version: 3.3.5
2025.04.20 22:47:49 INFO  no build target found for /Users/pablomujica/school/assignment-2-ds2/akka-scala-mr/src/main/scala/mapreduce/mapreduceapp.scala. Using presentation compiler with project's scala-library version: 3.3.5
2025.04.20 22:47:49 INFO  no build target found for /Users/pablomujica/school/assignment-2-ds2/akka-scala-mr/src/main/scala/mapreduce/mapreduceapp.scala. Using presentation compiler with project's scala-library version: 3.3.5
Apr 20, 2025 10:47:49 PM scala.meta.internal.metals.StdReporter $anonfun$create$1
WARNING: empty definition using pc, found symbol in pc: `<none>`. (full report at: /Users/pablomujica/school/assignment-2-ds2/.metals/.reports/metals-full/2025-04-20/r_empty-definition_22-29-47-274.md)
2025.04.20 22:47:49 INFO  no build target found for /Users/pablomujica/school/assignment-2-ds2/akka-scala-mr/src/main/scala/mapreduce/mapreduceapp.scala. Using presentation compiler with project's scala-library version: 3.3.5
2025.04.20 22:47:49 INFO  no build target found for /Users/pablomujica/school/assignment-2-ds2/akka-scala-mr/src/main/scala/mapreduce/mapreduceapp.scala. Using presentation compiler with project's scala-library version: 3.3.5
2025.04.20 22:47:50 INFO  no build target found for /Users/pablomujica/school/assignment-2-ds2/akka-scala-mr/src/main/scala/mapreduce/mapreduceapp.scala. Using presentation compiler with project's scala-library version: 3.3.5
2025.04.20 22:47:50 INFO  no build target found for /Users/pablomujica/school/assignment-2-ds2/akka-scala-mr/src/main/scala/mapreduce/mapreduceapp.scala. Using presentation compiler with project's scala-library version: 3.3.5
2025.04.20 22:47:51 INFO  no build target found for /Users/pablomujica/school/assignment-2-ds2/akka-scala-mr/src/main/scala/mapreduce/mapreduceapp.scala. Using presentation compiler with project's scala-library version: 3.3.5
Apr 20, 2025 10:47:51 PM scala.meta.internal.metals.StdReporter $anonfun$create$1
WARNING: empty definition using pc, found symbol in pc: `<none>`. (full report at: /Users/pablomujica/school/assignment-2-ds2/.metals/.reports/metals-full/2025-04-20/r_empty-definition_22-29-47-274.md)
2025.04.20 22:47:52 INFO  no build target found for /Users/pablomujica/school/assignment-2-ds2/akka-scala-mr/src/main/scala/mapreduce/mapreduceapp.scala. Using presentation compiler with project's scala-library version: 3.3.5
Apr 20, 2025 10:47:52 PM scala.meta.internal.metals.StdReporter $anonfun$create$1
WARNING: empty definition using pc, found symbol in pc: actor. (full report at: /Users/pablomujica/school/assignment-2-ds2/.metals/.reports/metals-full/2025-04-20/r_empty-definition_22-47-52-289.md)
2025.04.20 22:47:53 INFO  no build target found for /Users/pablomujica/school/assignment-2-ds2/akka-scala-mr/src/main/scala/mapreduce/mapreduceapp.scala. Using presentation compiler with project's scala-library version: 3.3.5
2025.04.20 22:47:52 INFO  no build target found for /Users/pablomujica/school/assignment-2-ds2/akka-scala-mr/src/main/scala/mapreduce/mapreduceapp.scala. Using presentation compiler with project's scala-library version: 3.3.5
2025.04.20 22:47:53 INFO  no build target found for /Users/pablomujica/school/assignment-2-ds2/akka-scala-mr/src/main/scala/mapreduce/mapreduceapp.scala. Using presentation compiler with project's scala-library version: 3.3.5
2025.04.20 22:47:53 INFO  no build target found for /Users/pablomujica/school/assignment-2-ds2/akka-scala-mr/src/main/scala/mapreduce/mapreduceapp.scala. Using presentation compiler with project's scala-library version: 3.3.5
2025.04.20 22:47:53 INFO  no build target found for /Users/pablomujica/school/assignment-2-ds2/akka-scala-mr/src/main/scala/mapreduce/mapreduceapp.scala. Using presentation compiler with project's scala-library version: 3.3.5
2025.04.20 22:47:54 WARN  no build target for: /Users/pablomujica/school/assignment-2-ds2/akka-scala-mr/src/main/scala/mapreduce/mapreduceapp.scala
2025.04.20 22:47:54 INFO  no build target found for /Users/pablomujica/school/assignment-2-ds2/akka-scala-mr/src/main/scala/mapreduce/mapreduceapp.scala. Using presentation compiler with project's scala-library version: 3.3.5
2025.04.20 22:48:06 INFO  no build target found for /Users/pablomujica/school/assignment-2-ds2/akka-scala-mr/src/main/scala/mapreduce/mapreduceapp.scala. Using presentation compiler with project's scala-library version: 3.3.5
2025.04.20 22:48:06 INFO  no build target found for /Users/pablomujica/school/assignment-2-ds2/akka-scala-mr/src/main/scala/mapreduce/mapreduceapp.scala. Using presentation compiler with project's scala-library version: 3.3.5
2025.04.20 22:48:06 INFO  no build target found for /Users/pablomujica/school/assignment-2-ds2/akka-scala-mr/src/main/scala/mapreduce/mapreduceapp.scala. Using presentation compiler with project's scala-library version: 3.3.5
2025.04.20 22:48:07 INFO  no build target found for /Users/pablomujica/school/assignment-2-ds2/akka-scala-mr/src/main/scala/mapreduce/mapreduceapp.scala. Using presentation compiler with project's scala-library version: 3.3.5
2025.04.20 22:48:07 INFO  no build target found for /Users/pablomujica/school/assignment-2-ds2/akka-scala-mr/src/main/scala/mapreduce/mapreduceapp.scala. Using presentation compiler with project's scala-library version: 3.3.5
2025.04.20 22:48:07 INFO  no build target found for /Users/pablomujica/school/assignment-2-ds2/akka-scala-mr/src/main/scala/mapreduce/mapreduceapp.scala. Using presentation compiler with project's scala-library version: 3.3.5
2025.04.20 22:48:07 INFO  no build target found for /Users/pablomujica/school/assignment-2-ds2/akka-scala-mr/src/main/scala/mapreduce/mapreduceapp.scala. Using presentation compiler with project's scala-library version: 3.3.5
2025.04.20 22:48:07 INFO  no build target found for /Users/pablomujica/school/assignment-2-ds2/akka-scala-mr/src/main/scala/mapreduce/mapreduceapp.scala. Using presentation compiler with project's scala-library version: 3.3.5
2025.04.20 22:48:07 INFO  no build target found for /Users/pablomujica/school/assignment-2-ds2/akka-scala-mr/src/main/scala/mapreduce/mapreduceapp.scala. Using presentation compiler with project's scala-library version: 3.3.5
2025.04.20 22:48:07 INFO  no build target found for /Users/pablomujica/school/assignment-2-ds2/akka-scala-mr/src/main/scala/mapreduce/mapreduceapp.scala. Using presentation compiler with project's scala-library version: 3.3.5
2025.04.20 22:48:08 INFO  no build target found for /Users/pablomujica/school/assignment-2-ds2/akka-scala-mr/src/main/scala/mapreduce/mapreduceapp.scala. Using presentation compiler with project's scala-library version: 3.3.5
2025.04.20 22:48:07 INFO  no build target found for /Users/pablomujica/school/assignment-2-ds2/akka-scala-mr/src/main/scala/mapreduce/mapreduceapp.scala. Using presentation compiler with project's scala-library version: 3.3.5
2025.04.20 22:48:08 INFO  no build target found for /Users/pablomujica/school/assignment-2-ds2/akka-scala-mr/src/main/scala/mapreduce/mapreduceapp.scala. Using presentation compiler with project's scala-library version: 3.3.5
2025.04.20 22:48:08 INFO  no build target found for /Users/pablomujica/school/assignment-2-ds2/akka-scala-mr/src/main/scala/mapreduce/mapreduceapp.scala. Using presentation compiler with project's scala-library version: 3.3.5
2025.04.20 22:48:09 INFO  no build target found for /Users/pablomujica/school/assignment-2-ds2/akka-scala-mr/src/main/scala/mapreduce/mapreduceapp.scala. Using presentation compiler with project's scala-library version: 3.3.5
2025.04.20 22:48:08 INFO  no build target found for /Users/pablomujica/school/assignment-2-ds2/akka-scala-mr/src/main/scala/mapreduce/mapreduceapp.scala. Using presentation compiler with project's scala-library version: 3.3.5
2025.04.20 22:48:08 INFO  no build target found for /Users/pablomujica/school/assignment-2-ds2/akka-scala-mr/src/main/scala/mapreduce/mapreduceapp.scala. Using presentation compiler with project's scala-library version: 3.3.5
2025.04.20 22:48:10 INFO  no build target found for /Users/pablomujica/school/assignment-2-ds2/akka-scala-mr/src/main/scala/mapreduce/mapreduceapp.scala. Using presentation compiler with project's scala-library version: 3.3.5
2025.04.20 22:48:09 INFO  no build target found for /Users/pablomujica/school/assignment-2-ds2/akka-scala-mr/src/main/scala/mapreduce/mapreduceapp.scala. Using presentation compiler with project's scala-library version: 3.3.5
2025.04.20 22:48:10 INFO  no build target found for /Users/pablomujica/school/assignment-2-ds2/akka-scala-mr/src/main/scala/mapreduce/mapreduceapp.scala. Using presentation compiler with project's scala-library version: 3.3.5
2025.04.20 22:48:10 INFO  no build target found for /Users/pablomujica/school/assignment-2-ds2/akka-scala-mr/src/main/scala/mapreduce/mapreduceapp.scala. Using presentation compiler with project's scala-library version: 3.3.5
2025.04.20 22:48:10 INFO  no build target found for /Users/pablomujica/school/assignment-2-ds2/akka-scala-mr/src/main/scala/mapreduce/mapreduceapp.scala. Using presentation compiler with project's scala-library version: 3.3.5
2025.04.20 22:48:10 INFO  no build target found for /Users/pablomujica/school/assignment-2-ds2/akka-scala-mr/src/main/scala/mapreduce/mapreduceapp.scala. Using presentation compiler with project's scala-library version: 3.3.5
2025.04.20 22:48:10 INFO  no build target found for /Users/pablomujica/school/assignment-2-ds2/akka-scala-mr/src/main/scala/mapreduce/mapreduceapp.scala. Using presentation compiler with project's scala-library version: 3.3.5
2025.04.20 22:48:10 INFO  no build target found for /Users/pablomujica/school/assignment-2-ds2/akka-scala-mr/src/main/scala/mapreduce/mapreduceapp.scala. Using presentation compiler with project's scala-library version: 3.3.5
2025.04.20 22:48:10 INFO  no build target found for /Users/pablomujica/school/assignment-2-ds2/akka-scala-mr/src/main/scala/mapreduce/mapreduceapp.scala. Using presentation compiler with project's scala-library version: 3.3.5
2025.04.20 22:48:11 INFO  no build target found for /Users/pablomujica/school/assignment-2-ds2/akka-scala-mr/src/main/scala/mapreduce/mapreduceapp.scala. Using presentation compiler with project's scala-library version: 3.3.5
2025.04.20 22:48:11 INFO  no build target found for /Users/pablomujica/school/assignment-2-ds2/akka-scala-mr/src/main/scala/mapreduce/mapreduceapp.scala. Using presentation compiler with project's scala-library version: 3.3.5
2025.04.20 22:48:11 INFO  no build target found for /Users/pablomujica/school/assignment-2-ds2/akka-scala-mr/src/main/scala/mapreduce/mapreduceapp.scala. Using presentation compiler with project's scala-library version: 3.3.5
2025.04.20 22:48:11 INFO  no build target found for /Users/pablomujica/school/assignment-2-ds2/akka-scala-mr/src/main/scala/mapreduce/mapreduceapp.scala. Using presentation compiler with project's scala-library version: 3.3.5
2025.04.20 22:48:11 INFO  no build target found for /Users/pablomujica/school/assignment-2-ds2/akka-scala-mr/src/main/scala/mapreduce/mapreduceapp.scala. Using presentation compiler with project's scala-library version: 3.3.5
2025.04.20 22:48:11 INFO  no build target found for /Users/pablomujica/school/assignment-2-ds2/akka-scala-mr/src/main/scala/mapreduce/mapreduceapp.scala. Using presentation compiler with project's scala-library version: 3.3.5
2025.04.20 22:48:11 INFO  no build target found for /Users/pablomujica/school/assignment-2-ds2/akka-scala-mr/src/main/scala/mapreduce/mapreduceapp.scala. Using presentation compiler with project's scala-library version: 3.3.5
2025.04.20 22:48:11 WARN  no build target for: /Users/pablomujica/school/assignment-2-ds2/akka-scala-mr/src/main/scala/mapreduce/mapreduceapp.scala
2025.04.20 22:48:11 INFO  no build target found for /Users/pablomujica/school/assignment-2-ds2/akka-scala-mr/src/main/scala/mapreduce/mapreduceapp.scala. Using presentation compiler with project's scala-library version: 3.3.5
2025.04.20 22:50:55 INFO  no build target found for /Users/pablomujica/school/assignment-2-ds2/akka-scala-mr/src/main/scala/mapreduce/mapreduceapp.scala. Using presentation compiler with project's scala-library version: 3.3.5
2025.04.20 22:50:56 INFO  no build target found for /Users/pablomujica/school/assignment-2-ds2/akka-scala-mr/src/main/scala/mapreduce/mapreduceapp.scala. Using presentation compiler with project's scala-library version: 3.3.5
2025.04.20 22:50:56 INFO  no build target found for /Users/pablomujica/school/assignment-2-ds2/akka-scala-mr/src/main/scala/mapreduce/mapreduceapp.scala. Using presentation compiler with project's scala-library version: 3.3.5
2025.04.20 22:50:56 INFO  no build target found for /Users/pablomujica/school/assignment-2-ds2/akka-scala-mr/src/main/scala/mapreduce/mapreduceapp.scala. Using presentation compiler with project's scala-library version: 3.3.5
2025.04.20 22:50:56 INFO  no build target found for /Users/pablomujica/school/assignment-2-ds2/akka-scala-mr/src/main/scala/mapreduce/mapreduceapp.scala. Using presentation compiler with project's scala-library version: 3.3.5
2025.04.20 22:50:57 INFO  no build target found for /Users/pablomujica/school/assignment-2-ds2/akka-scala-mr/src/main/scala/mapreduce/mapreduceapp.scala. Using presentation compiler with project's scala-library version: 3.3.5
2025.04.20 22:50:57 INFO  no build target found for /Users/pablomujica/school/assignment-2-ds2/akka-scala-mr/src/main/scala/mapreduce/mapreduceapp.scala. Using presentation compiler with project's scala-library version: 3.3.5
2025.04.20 22:50:57 INFO  no build target found for /Users/pablomujica/school/assignment-2-ds2/akka-scala-mr/src/main/scala/mapreduce/mapreduceapp.scala. Using presentation compiler with project's scala-library version: 3.3.5
2025.04.20 22:50:57 INFO  no build target found for /Users/pablomujica/school/assignment-2-ds2/akka-scala-mr/src/main/scala/mapreduce/mapreduceapp.scala. Using presentation compiler with project's scala-library version: 3.3.5
2025.04.20 22:50:57 INFO  no build target found for /Users/pablomujica/school/assignment-2-ds2/akka-scala-mr/src/main/scala/mapreduce/mapreduceapp.scala. Using presentation compiler with project's scala-library version: 3.3.5
2025.04.20 22:50:58 INFO  no build target found for /Users/pablomujica/school/assignment-2-ds2/akka-scala-mr/src/main/scala/mapreduce/mapreduceapp.scala. Using presentation compiler with project's scala-library version: 3.3.5
2025.04.20 22:50:59 INFO  no build target found for /Users/pablomujica/school/assignment-2-ds2/akka-scala-mr/src/main/scala/mapreduce/mapreduceapp.scala. Using presentation compiler with project's scala-library version: 3.3.5
2025.04.20 22:50:59 INFO  no build target found for /Users/pablomujica/school/assignment-2-ds2/akka-scala-mr/src/main/scala/mapreduce/mapreduceapp.scala. Using presentation compiler with project's scala-library version: 3.3.5
2025.04.20 22:50:59 INFO  no build target found for /Users/pablomujica/school/assignment-2-ds2/akka-scala-mr/src/main/scala/mapreduce/mapreduceapp.scala. Using presentation compiler with project's scala-library version: 3.3.5
2025.04.20 22:50:59 INFO  no build target found for /Users/pablomujica/school/assignment-2-ds2/akka-scala-mr/src/main/scala/mapreduce/mapreduceapp.scala. Using presentation compiler with project's scala-library version: 3.3.5
2025.04.20 22:50:58 INFO  no build target found for /Users/pablomujica/school/assignment-2-ds2/akka-scala-mr/src/main/scala/mapreduce/mapreduceapp.scala. Using presentation compiler with project's scala-library version: 3.3.5
2025.04.20 22:50:59 INFO  no build target found for /Users/pablomujica/school/assignment-2-ds2/akka-scala-mr/src/main/scala/mapreduce/mapreduceapp.scala. Using presentation compiler with project's scala-library version: 3.3.5
2025.04.20 22:50:59 INFO  no build target found for /Users/pablomujica/school/assignment-2-ds2/akka-scala-mr/src/main/scala/mapreduce/mapreduceapp.scala. Using presentation compiler with project's scala-library version: 3.3.5
2025.04.20 22:51:00 INFO  no build target found for /Users/pablomujica/school/assignment-2-ds2/akka-scala-mr/src/main/scala/mapreduce/mapreduceapp.scala. Using presentation compiler with project's scala-library version: 3.3.5
2025.04.20 22:51:00 INFO  no build target found for /Users/pablomujica/school/assignment-2-ds2/akka-scala-mr/src/main/scala/mapreduce/mapreduceapp.scala. Using presentation compiler with project's scala-library version: 3.3.5
2025.04.20 22:51:00 INFO  no build target found for /Users/pablomujica/school/assignment-2-ds2/akka-scala-mr/src/main/scala/mapreduce/mapreduceapp.scala. Using presentation compiler with project's scala-library version: 3.3.5
2025.04.20 22:51:00 INFO  no build target found for /Users/pablomujica/school/assignment-2-ds2/akka-scala-mr/src/main/scala/mapreduce/mapreduceapp.scala. Using presentation compiler with project's scala-library version: 3.3.5
2025.04.20 22:51:00 INFO  no build target found for /Users/pablomujica/school/assignment-2-ds2/akka-scala-mr/src/main/scala/mapreduce/mapreduceapp.scala. Using presentation compiler with project's scala-library version: 3.3.5
2025.04.20 22:51:00 INFO  no build target found for /Users/pablomujica/school/assignment-2-ds2/akka-scala-mr/src/main/scala/mapreduce/mapreduceapp.scala. Using presentation compiler with project's scala-library version: 3.3.5
2025.04.20 22:51:00 INFO  no build target found for /Users/pablomujica/school/assignment-2-ds2/akka-scala-mr/src/main/scala/mapreduce/mapreduceapp.scala. Using presentation compiler with project's scala-library version: 3.3.5
2025.04.20 22:51:00 INFO  no build target found for /Users/pablomujica/school/assignment-2-ds2/akka-scala-mr/src/main/scala/mapreduce/mapreduceapp.scala. Using presentation compiler with project's scala-library version: 3.3.5
2025.04.20 22:51:00 INFO  no build target found for /Users/pablomujica/school/assignment-2-ds2/akka-scala-mr/src/main/scala/mapreduce/mapreduceapp.scala. Using presentation compiler with project's scala-library version: 3.3.5
2025.04.20 22:51:00 INFO  no build target found for /Users/pablomujica/school/assignment-2-ds2/akka-scala-mr/src/main/scala/mapreduce/mapreduceapp.scala. Using presentation compiler with project's scala-library version: 3.3.5
2025.04.20 22:51:00 INFO  no build target found for /Users/pablomujica/school/assignment-2-ds2/akka-scala-mr/src/main/scala/mapreduce/mapreduceapp.scala. Using presentation compiler with project's scala-library version: 3.3.5
2025.04.20 22:51:00 INFO  no build target found for /Users/pablomujica/school/assignment-2-ds2/akka-scala-mr/src/main/scala/mapreduce/mapreduceapp.scala. Using presentation compiler with project's scala-library version: 3.3.5
2025.04.20 22:51:02 INFO  no build target found for /Users/pablomujica/school/assignment-2-ds2/akka-scala-mr/src/main/scala/mapreduce/mapreduceapp.scala. Using presentation compiler with project's scala-library version: 3.3.5
2025.04.20 22:51:02 INFO  no build target found for /Users/pablomujica/school/assignment-2-ds2/akka-scala-mr/src/main/scala/mapreduce/mapreduceapp.scala. Using presentation compiler with project's scala-library version: 3.3.5
2025.04.20 22:51:02 INFO  no build target found for /Users/pablomujica/school/assignment-2-ds2/akka-scala-mr/src/main/scala/mapreduce/mapreduceapp.scala. Using presentation compiler with project's scala-library version: 3.3.5
2025.04.20 22:51:02 INFO  no build target found for /Users/pablomujica/school/assignment-2-ds2/akka-scala-mr/src/main/scala/mapreduce/mapreduceapp.scala. Using presentation compiler with project's scala-library version: 3.3.5
2025.04.20 22:51:02 INFO  no build target found for /Users/pablomujica/school/assignment-2-ds2/akka-scala-mr/src/main/scala/mapreduce/mapreduceapp.scala. Using presentation compiler with project's scala-library version: 3.3.5
2025.04.20 22:51:03 INFO  no build target found for /Users/pablomujica/school/assignment-2-ds2/akka-scala-mr/src/main/scala/mapreduce/mapreduceapp.scala. Using presentation compiler with project's scala-library version: 3.3.5
2025.04.20 22:51:03 INFO  no build target found for /Users/pablomujica/school/assignment-2-ds2/akka-scala-mr/src/main/scala/mapreduce/mapreduceapp.scala. Using presentation compiler with project's scala-library version: 3.3.5
2025.04.20 22:51:03 INFO  no build target found for /Users/pablomujica/school/assignment-2-ds2/akka-scala-mr/src/main/scala/mapreduce/mapreduceapp.scala. Using presentation compiler with project's scala-library version: 3.3.5
2025.04.20 22:51:03 INFO  no build target found for /Users/pablomujica/school/assignment-2-ds2/akka-scala-mr/src/main/scala/mapreduce/mapreduceapp.scala. Using presentation compiler with project's scala-library version: 3.3.5
2025.04.20 22:51:04 INFO  no build target found for /Users/pablomujica/school/assignment-2-ds2/akka-scala-mr/src/main/scala/mapreduce/mapreduceapp.scala. Using presentation compiler with project's scala-library version: 3.3.5
2025.04.20 22:51:04 INFO  no build target found for /Users/pablomujica/school/assignment-2-ds2/akka-scala-mr/src/main/scala/mapreduce/mapreduceapp.scala. Using presentation compiler with project's scala-library version: 3.3.5
2025.04.20 22:51:04 INFO  no build target found for /Users/pablomujica/school/assignment-2-ds2/akka-scala-mr/src/main/scala/mapreduce/mapreduceapp.scala. Using presentation compiler with project's scala-library version: 3.3.5
2025.04.20 22:51:06 INFO  no build target found for /Users/pablomujica/school/assignment-2-ds2/akka-scala-mr/src/main/scala/mapreduce/mapreduceapp.scala. Using presentation compiler with project's scala-library version: 3.3.5
2025.04.20 22:51:07 INFO  no build target found for /Users/pablomujica/school/assignment-2-ds2/akka-scala-mr/src/main/scala/mapreduce/mapreduceapp.scala. Using presentation compiler with project's scala-library version: 3.3.5
2025.04.20 22:51:07 INFO  no build target found for /Users/pablomujica/school/assignment-2-ds2/akka-scala-mr/src/main/scala/mapreduce/mapreduceapp.scala. Using presentation compiler with project's scala-library version: 3.3.5
2025.04.20 22:51:07 INFO  no build target found for /Users/pablomujica/school/assignment-2-ds2/akka-scala-mr/src/main/scala/mapreduce/mapreduceapp.scala. Using presentation compiler with project's scala-library version: 3.3.5
2025.04.20 22:51:07 INFO  no build target found for /Users/pablomujica/school/assignment-2-ds2/akka-scala-mr/src/main/scala/mapreduce/mapreduceapp.scala. Using presentation compiler with project's scala-library version: 3.3.5
2025.04.20 22:51:07 INFO  no build target found for /Users/pablomujica/school/assignment-2-ds2/akka-scala-mr/src/main/scala/mapreduce/mapreduceapp.scala. Using presentation compiler with project's scala-library version: 3.3.5
2025.04.20 22:51:07 INFO  no build target found for /Users/pablomujica/school/assignment-2-ds2/akka-scala-mr/src/main/scala/mapreduce/mapreduceapp.scala. Using presentation compiler with project's scala-library version: 3.3.5
2025.04.20 22:51:08 INFO  no build target found for /Users/pablomujica/school/assignment-2-ds2/akka-scala-mr/src/main/scala/mapreduce/mapreduceapp.scala. Using presentation compiler with project's scala-library version: 3.3.5
2025.04.20 22:51:08 INFO  no build target found for /Users/pablomujica/school/assignment-2-ds2/akka-scala-mr/src/main/scala/mapreduce/mapreduceapp.scala. Using presentation compiler with project's scala-library version: 3.3.5
2025.04.20 22:51:09 INFO  no build target found for /Users/pablomujica/school/assignment-2-ds2/akka-scala-mr/src/main/scala/mapreduce/mapreduceapp.scala. Using presentation compiler with project's scala-library version: 3.3.5
2025.04.20 22:51:08 INFO  no build target found for /Users/pablomujica/school/assignment-2-ds2/akka-scala-mr/src/main/scala/mapreduce/mapreduceapp.scala. Using presentation compiler with project's scala-library version: 3.3.5
2025.04.20 22:51:08 INFO  no build target found for /Users/pablomujica/school/assignment-2-ds2/akka-scala-mr/src/main/scala/mapreduce/mapreduceapp.scala. Using presentation compiler with project's scala-library version: 3.3.5
2025.04.20 22:51:08 INFO  no build target found for /Users/pablomujica/school/assignment-2-ds2/akka-scala-mr/src/main/scala/mapreduce/mapreduceapp.scala. Using presentation compiler with project's scala-library version: 3.3.5
2025.04.20 22:51:09 INFO  no build target found for /Users/pablomujica/school/assignment-2-ds2/akka-scala-mr/src/main/scala/mapreduce/mapreduceapp.scala. Using presentation compiler with project's scala-library version: 3.3.5
2025.04.20 22:51:09 INFO  no build target found for /Users/pablomujica/school/assignment-2-ds2/akka-scala-mr/src/main/scala/mapreduce/mapreduceapp.scala. Using presentation compiler with project's scala-library version: 3.3.5
2025.04.20 22:51:09 INFO  no build target found for /Users/pablomujica/school/assignment-2-ds2/akka-scala-mr/src/main/scala/mapreduce/mapreduceapp.scala. Using presentation compiler with project's scala-library version: 3.3.5
2025.04.20 22:51:10 INFO  no build target found for /Users/pablomujica/school/assignment-2-ds2/akka-scala-mr/src/main/scala/mapreduce/mapreduceapp.scala. Using presentation compiler with project's scala-library version: 3.3.5
2025.04.20 22:51:09 INFO  no build target found for /Users/pablomujica/school/assignment-2-ds2/akka-scala-mr/src/main/scala/mapreduce/mapreduceapp.scala. Using presentation compiler with project's scala-library version: 3.3.5
2025.04.20 22:51:09 INFO  no build target found for /Users/pablomujica/school/assignment-2-ds2/akka-scala-mr/src/main/scala/mapreduce/mapreduceapp.scala. Using presentation compiler with project's scala-library version: 3.3.5
2025.04.20 22:51:10 INFO  no build target found for /Users/pablomujica/school/assignment-2-ds2/akka-scala-mr/src/main/scala/mapreduce/mapreduceapp.scala. Using presentation compiler with project's scala-library version: 3.3.5
2025.04.20 22:51:11 INFO  no build target found for /Users/pablomujica/school/assignment-2-ds2/akka-scala-mr/src/main/scala/mapreduce/mapreduceapp.scala. Using presentation compiler with project's scala-library version: 3.3.5
2025.04.20 22:51:11 INFO  no build target found for /Users/pablomujica/school/assignment-2-ds2/akka-scala-mr/src/main/scala/mapreduce/mapreduceapp.scala. Using presentation compiler with project's scala-library version: 3.3.5
2025.04.20 22:51:11 INFO  no build target found for /Users/pablomujica/school/assignment-2-ds2/akka-scala-mr/src/main/scala/mapreduce/mapreduceapp.scala. Using presentation compiler with project's scala-library version: 3.3.5
2025.04.20 22:51:11 INFO  no build target found for /Users/pablomujica/school/assignment-2-ds2/akka-scala-mr/src/main/scala/mapreduce/mapreduceapp.scala. Using presentation compiler with project's scala-library version: 3.3.5
2025.04.20 22:51:10 INFO  no build target found for /Users/pablomujica/school/assignment-2-ds2/akka-scala-mr/src/main/scala/mapreduce/mapreduceapp.scala. Using presentation compiler with project's scala-library version: 3.3.5
2025.04.20 22:51:11 INFO  no build target found for /Users/pablomujica/school/assignment-2-ds2/akka-scala-mr/src/main/scala/mapreduce/mapreduceapp.scala. Using presentation compiler with project's scala-library version: 3.3.5
2025.04.20 22:51:11 INFO  no build target found for /Users/pablomujica/school/assignment-2-ds2/akka-scala-mr/src/main/scala/mapreduce/mapreduceapp.scala. Using presentation compiler with project's scala-library version: 3.3.5
2025.04.20 22:51:12 INFO  no build target found for /Users/pablomujica/school/assignment-2-ds2/akka-scala-mr/src/main/scala/mapreduce/mapreduceapp.scala. Using presentation compiler with project's scala-library version: 3.3.5
2025.04.20 22:51:12 INFO  no build target found for /Users/pablomujica/school/assignment-2-ds2/akka-scala-mr/src/main/scala/mapreduce/mapreduceapp.scala. Using presentation compiler with project's scala-library version: 3.3.5
2025.04.20 22:51:12 INFO  no build target found for /Users/pablomujica/school/assignment-2-ds2/akka-scala-mr/src/main/scala/mapreduce/mapreduceapp.scala. Using presentation compiler with project's scala-library version: 3.3.5
2025.04.20 22:51:12 INFO  no build target found for /Users/pablomujica/school/assignment-2-ds2/akka-scala-mr/src/main/scala/mapreduce/mapreduceapp.scala. Using presentation compiler with project's scala-library version: 3.3.5
2025.04.20 22:51:12 INFO  no build target found for /Users/pablomujica/school/assignment-2-ds2/akka-scala-mr/src/main/scala/mapreduce/mapreduceapp.scala. Using presentation compiler with project's scala-library version: 3.3.5
2025.04.20 22:51:12 INFO  no build target found for /Users/pablomujica/school/assignment-2-ds2/akka-scala-mr/src/main/scala/mapreduce/mapreduceapp.scala. Using presentation compiler with project's scala-library version: 3.3.5
2025.04.20 22:51:12 INFO  no build target found for /Users/pablomujica/school/assignment-2-ds2/akka-scala-mr/src/main/scala/mapreduce/mapreduceapp.scala. Using presentation compiler with project's scala-library version: 3.3.5
2025.04.20 22:51:12 INFO  no build target found for /Users/pablomujica/school/assignment-2-ds2/akka-scala-mr/src/main/scala/mapreduce/mapreduceapp.scala. Using presentation compiler with project's scala-library version: 3.3.5
2025.04.20 22:51:12 INFO  no build target found for /Users/pablomujica/school/assignment-2-ds2/akka-scala-mr/src/main/scala/mapreduce/mapreduceapp.scala. Using presentation compiler with project's scala-library version: 3.3.5
2025.04.20 22:51:12 INFO  no build target found for /Users/pablomujica/school/assignment-2-ds2/akka-scala-mr/src/main/scala/mapreduce/mapreduceapp.scala. Using presentation compiler with project's scala-library version: 3.3.5
2025.04.20 22:51:13 INFO  no build target found for /Users/pablomujica/school/assignment-2-ds2/akka-scala-mr/src/main/scala/mapreduce/mapreduceapp.scala. Using presentation compiler with project's scala-library version: 3.3.5
2025.04.20 22:51:13 INFO  no build target found for /Users/pablomujica/school/assignment-2-ds2/akka-scala-mr/src/main/scala/mapreduce/mapreduceapp.scala. Using presentation compiler with project's scala-library version: 3.3.5
2025.04.20 22:51:13 INFO  no build target found for /Users/pablomujica/school/assignment-2-ds2/akka-scala-mr/src/main/scala/mapreduce/mapreduceapp.scala. Using presentation compiler with project's scala-library version: 3.3.5
2025.04.20 22:51:12 WARN  no build target for: /Users/pablomujica/school/assignment-2-ds2/akka-scala-mr/src/main/scala/mapreduce/mapreduceapp.scala
2025.04.20 22:51:13 INFO  no build target found for /Users/pablomujica/school/assignment-2-ds2/akka-scala-mr/src/main/scala/mapreduce/mapreduceapp.scala. Using presentation compiler with project's scala-library version: 3.3.5
2025.04.20 22:51:13 INFO  no build target found for /Users/pablomujica/school/assignment-2-ds2/akka-scala-mr/src/main/scala/mapreduce/mapreduceapp.scala. Using presentation compiler with project's scala-library version: 3.3.5
2025.04.20 22:51:19 INFO  no build target found for /Users/pablomujica/school/assignment-2-ds2/akka-scala-mr/src/main/scala/mapreduce/mapreduceapp.scala. Using presentation compiler with project's scala-library version: 3.3.5
2025.04.20 22:51:37 INFO  no build target found for /Users/pablomujica/school/assignment-2-ds2/akka-scala-mr/src/main/scala/mapreduce/mapreduceapp.scala. Using presentation compiler with project's scala-library version: 3.3.5
2025.04.20 22:51:37 INFO  no build target found for /Users/pablomujica/school/assignment-2-ds2/akka-scala-mr/src/main/scala/mapreduce/mapreduceapp.scala. Using presentation compiler with project's scala-library version: 3.3.5
2025.04.20 22:51:37 INFO  no build target found for /Users/pablomujica/school/assignment-2-ds2/akka-scala-mr/src/main/scala/mapreduce/mapreduceapp.scala. Using presentation compiler with project's scala-library version: 3.3.5
2025.04.20 22:51:38 INFO  no build target found for /Users/pablomujica/school/assignment-2-ds2/akka-scala-mr/src/main/scala/mapreduce/mapreduceapp.scala. Using presentation compiler with project's scala-library version: 3.3.5
2025.04.20 22:51:38 INFO  no build target found for /Users/pablomujica/school/assignment-2-ds2/akka-scala-mr/src/main/scala/mapreduce/mapreduceapp.scala. Using presentation compiler with project's scala-library version: 3.3.5
2025.04.20 22:51:38 INFO  no build target found for /Users/pablomujica/school/assignment-2-ds2/akka-scala-mr/src/main/scala/mapreduce/mapreduceapp.scala. Using presentation compiler with project's scala-library version: 3.3.5
2025.04.20 22:51:38 INFO  no build target found for /Users/pablomujica/school/assignment-2-ds2/akka-scala-mr/src/main/scala/mapreduce/mapreduceapp.scala. Using presentation compiler with project's scala-library version: 3.3.5
2025.04.20 22:51:39 INFO  no build target found for /Users/pablomujica/school/assignment-2-ds2/akka-scala-mr/src/main/scala/mapreduce/mapreduceapp.scala. Using presentation compiler with project's scala-library version: 3.3.5
2025.04.20 22:51:40 INFO  no build target found for /Users/pablomujica/school/assignment-2-ds2/akka-scala-mr/src/main/scala/mapreduce/mapreduceapp.scala. Using presentation compiler with project's scala-library version: 3.3.5
2025.04.20 22:51:40 INFO  no build target found for /Users/pablomujica/school/assignment-2-ds2/akka-scala-mr/src/main/scala/mapreduce/mapreduceapp.scala. Using presentation compiler with project's scala-library version: 3.3.5
2025.04.20 22:51:40 INFO  no build target found for /Users/pablomujica/school/assignment-2-ds2/akka-scala-mr/src/main/scala/mapreduce/mapreduceapp.scala. Using presentation compiler with project's scala-library version: 3.3.5
2025.04.20 22:51:40 INFO  no build target found for /Users/pablomujica/school/assignment-2-ds2/akka-scala-mr/src/main/scala/mapreduce/mapreduceapp.scala. Using presentation compiler with project's scala-library version: 3.3.5
2025.04.20 22:51:40 INFO  no build target found for /Users/pablomujica/school/assignment-2-ds2/akka-scala-mr/src/main/scala/mapreduce/mapreduceapp.scala. Using presentation compiler with project's scala-library version: 3.3.5
2025.04.20 22:51:40 INFO  no build target found for /Users/pablomujica/school/assignment-2-ds2/akka-scala-mr/src/main/scala/mapreduce/mapreduceapp.scala. Using presentation compiler with project's scala-library version: 3.3.5
2025.04.20 22:51:40 INFO  no build target found for /Users/pablomujica/school/assignment-2-ds2/akka-scala-mr/src/main/scala/mapreduce/mapreduceapp.scala. Using presentation compiler with project's scala-library version: 3.3.5
2025.04.20 22:51:41 INFO  no build target found for /Users/pablomujica/school/assignment-2-ds2/akka-scala-mr/src/main/scala/mapreduce/mapreduceapp.scala. Using presentation compiler with project's scala-library version: 3.3.5
2025.04.20 22:51:41 INFO  no build target found for /Users/pablomujica/school/assignment-2-ds2/akka-scala-mr/src/main/scala/mapreduce/mapreduceapp.scala. Using presentation compiler with project's scala-library version: 3.3.5
2025.04.20 22:51:41 INFO  no build target found for /Users/pablomujica/school/assignment-2-ds2/akka-scala-mr/src/main/scala/mapreduce/mapreduceapp.scala. Using presentation compiler with project's scala-library version: 3.3.5
2025.04.20 22:51:42 INFO  no build target found for /Users/pablomujica/school/assignment-2-ds2/akka-scala-mr/src/main/scala/mapreduce/mapreduceapp.scala. Using presentation compiler with project's scala-library version: 3.3.5
2025.04.20 22:51:42 INFO  no build target found for /Users/pablomujica/school/assignment-2-ds2/akka-scala-mr/src/main/scala/mapreduce/mapreduceapp.scala. Using presentation compiler with project's scala-library version: 3.3.5
2025.04.20 22:51:43 INFO  no build target found for /Users/pablomujica/school/assignment-2-ds2/akka-scala-mr/src/main/scala/mapreduce/mapreduceapp.scala. Using presentation compiler with project's scala-library version: 3.3.5
2025.04.20 22:51:43 WARN  no build target for: /Users/pablomujica/school/assignment-2-ds2/akka-scala-mr/src/main/scala/mapreduce/mapreduceapp.scala
2025.04.20 22:51:43 INFO  no build target found for /Users/pablomujica/school/assignment-2-ds2/akka-scala-mr/src/main/scala/mapreduce/mapreduceapp.scala. Using presentation compiler with project's scala-library version: 3.3.5
2025.04.20 22:51:43 INFO  no build target found for /Users/pablomujica/school/assignment-2-ds2/akka-scala-mr/src/main/scala/mapreduce/mapreduceapp.scala. Using presentation compiler with project's scala-library version: 3.3.5
2025.04.20 22:51:44 INFO  no build target found for /Users/pablomujica/school/assignment-2-ds2/akka-scala-mr/src/main/scala/mapreduce/mapreduceapp.scala. Using presentation compiler with project's scala-library version: 3.3.5
2025.04.20 22:51:44 INFO  no build target found for /Users/pablomujica/school/assignment-2-ds2/akka-scala-mr/src/main/scala/mapreduce/mapreduceapp.scala. Using presentation compiler with project's scala-library version: 3.3.5
Apr 20, 2025 10:51:44 PM scala.meta.internal.metals.StdReporter $anonfun$create$1
WARNING: empty definition using pc, found symbol in pc: scala/io/BufferedSource#reader(). (full report at: /Users/pablomujica/school/assignment-2-ds2/.metals/.reports/metals-full/2025-04-20/r_empty-definition_22-51-44-889.md)
2025.04.20 22:51:44 INFO  no build target found for /Users/pablomujica/school/assignment-2-ds2/akka-scala-mr/src/main/scala/mapreduce/mapreduceapp.scala. Using presentation compiler with project's scala-library version: 3.3.5
2025.04.20 22:51:45 INFO  no build target found for /Users/pablomujica/school/assignment-2-ds2/akka-scala-mr/src/main/scala/mapreduce/mapreduceapp.scala. Using presentation compiler with project's scala-library version: 3.3.5
Apr 20, 2025 10:51:45 PM scala.meta.internal.metals.StdReporter $anonfun$create$1
WARNING: empty definition using pc, found symbol in pc: scala/io/BufferedSource#reader(). (full report at: /Users/pablomujica/school/assignment-2-ds2/.metals/.reports/metals-full/2025-04-20/r_empty-definition_22-51-44-889.md)
2025.04.20 22:51:44 INFO  no build target found for /Users/pablomujica/school/assignment-2-ds2/akka-scala-mr/src/main/scala/mapreduce/mapreduceapp.scala. Using presentation compiler with project's scala-library version: 3.3.5
2025.04.20 22:51:44 INFO  no build target found for /Users/pablomujica/school/assignment-2-ds2/akka-scala-mr/src/main/scala/mapreduce/mapreduceapp.scala. Using presentation compiler with project's scala-library version: 3.3.5
2025.04.20 22:51:46 WARN  no build target for: /Users/pablomujica/school/assignment-2-ds2/akka-scala-mr/src/main/scala/mapreduce/mapreduceapp.scala
2025.04.20 22:51:46 INFO  no build target found for /Users/pablomujica/school/assignment-2-ds2/akka-scala-mr/src/main/scala/mapreduce/mapreduceapp.scala. Using presentation compiler with project's scala-library version: 3.3.5
2025.04.20 22:52:19 INFO  no build target found for /Users/pablomujica/school/assignment-2-ds2/akka-scala-mr/src/main/scala/mapreduce/mapreduceapp.scala. Using presentation compiler with project's scala-library version: 3.3.5
2025.04.20 22:52:19 INFO  no build target found for /Users/pablomujica/school/assignment-2-ds2/akka-scala-mr/src/main/scala/mapreduce/mapreduceapp.scala. Using presentation compiler with project's scala-library version: 3.3.5
2025.04.20 22:52:19 INFO  no build target found for /Users/pablomujica/school/assignment-2-ds2/akka-scala-mr/src/main/scala/mapreduce/mapreduceapp.scala. Using presentation compiler with project's scala-library version: 3.3.5
2025.04.20 22:52:21 INFO  no build target found for /Users/pablomujica/school/assignment-2-ds2/akka-scala-mr/src/main/scala/mapreduce/mapreduceapp.scala. Using presentation compiler with project's scala-library version: 3.3.5
2025.04.20 22:52:21 INFO  no build target found for /Users/pablomujica/school/assignment-2-ds2/akka-scala-mr/src/main/scala/mapreduce/mapreduceapp.scala. Using presentation compiler with project's scala-library version: 3.3.5
2025.04.20 22:52:22 INFO  no build target found for /Users/pablomujica/school/assignment-2-ds2/akka-scala-mr/src/main/scala/mapreduce/mapreduceapp.scala. Using presentation compiler with project's scala-library version: 3.3.5
2025.04.20 22:52:22 INFO  no build target found for /Users/pablomujica/school/assignment-2-ds2/akka-scala-mr/src/main/scala/mapreduce/mapreduceapp.scala. Using presentation compiler with project's scala-library version: 3.3.5
2025.04.20 22:52:23 INFO  no build target found for /Users/pablomujica/school/assignment-2-ds2/akka-scala-mr/src/main/scala/mapreduce/mapreduceapp.scala. Using presentation compiler with project's scala-library version: 3.3.5
2025.04.20 22:52:29 INFO  no build target found for /Users/pablomujica/school/assignment-2-ds2/akka-scala-mr/src/main/scala/mapreduce/mapreduceapp.scala. Using presentation compiler with project's scala-library version: 3.3.5
2025.04.20 22:52:29 INFO  no build target found for /Users/pablomujica/school/assignment-2-ds2/akka-scala-mr/src/main/scala/mapreduce/mapreduceapp.scala. Using presentation compiler with project's scala-library version: 3.3.5
2025.04.20 22:52:29 INFO  no build target found for /Users/pablomujica/school/assignment-2-ds2/akka-scala-mr/src/main/scala/mapreduce/mapreduceapp.scala. Using presentation compiler with project's scala-library version: 3.3.5
2025.04.20 22:52:30 INFO  no build target found for /Users/pablomujica/school/assignment-2-ds2/akka-scala-mr/src/main/scala/mapreduce/mapreduceapp.scala. Using presentation compiler with project's scala-library version: 3.3.5
2025.04.20 22:52:30 INFO  no build target found for /Users/pablomujica/school/assignment-2-ds2/akka-scala-mr/src/main/scala/mapreduce/mapreduceapp.scala. Using presentation compiler with project's scala-library version: 3.3.5
2025.04.20 22:52:30 INFO  no build target found for /Users/pablomujica/school/assignment-2-ds2/akka-scala-mr/src/main/scala/mapreduce/mapreduceapp.scala. Using presentation compiler with project's scala-library version: 3.3.5
2025.04.20 22:52:32 INFO  no build target found for /Users/pablomujica/school/assignment-2-ds2/akka-scala-mr/src/main/scala/mapreduce/mapreduceapp.scala. Using presentation compiler with project's scala-library version: 3.3.5
2025.04.20 22:52:32 INFO  no build target found for /Users/pablomujica/school/assignment-2-ds2/akka-scala-mr/src/main/scala/mapreduce/mapreduceapp.scala. Using presentation compiler with project's scala-library version: 3.3.5
2025.04.20 22:52:32 INFO  no build target found for /Users/pablomujica/school/assignment-2-ds2/akka-scala-mr/src/main/scala/mapreduce/mapreduceapp.scala. Using presentation compiler with project's scala-library version: 3.3.5
2025.04.20 22:52:32 INFO  no build target found for /Users/pablomujica/school/assignment-2-ds2/akka-scala-mr/src/main/scala/mapreduce/mapreduceapp.scala. Using presentation compiler with project's scala-library version: 3.3.5
2025.04.20 22:52:32 INFO  no build target found for /Users/pablomujica/school/assignment-2-ds2/akka-scala-mr/src/main/scala/mapreduce/mapreduceapp.scala. Using presentation compiler with project's scala-library version: 3.3.5
2025.04.20 22:52:32 INFO  no build target found for /Users/pablomujica/school/assignment-2-ds2/akka-scala-mr/src/main/scala/mapreduce/mapreduceapp.scala. Using presentation compiler with project's scala-library version: 3.3.5
2025.04.20 22:52:33 INFO  no build target found for /Users/pablomujica/school/assignment-2-ds2/akka-scala-mr/src/main/scala/mapreduce/mapreduceapp.scala. Using presentation compiler with project's scala-library version: 3.3.5
2025.04.20 22:52:33 INFO  no build target found for /Users/pablomujica/school/assignment-2-ds2/akka-scala-mr/src/main/scala/mapreduce/mapreduceapp.scala. Using presentation compiler with project's scala-library version: 3.3.5
2025.04.20 22:52:33 INFO  no build target found for /Users/pablomujica/school/assignment-2-ds2/akka-scala-mr/src/main/scala/mapreduce/mapreduceapp.scala. Using presentation compiler with project's scala-library version: 3.3.5
2025.04.20 22:52:34 INFO  no build target found for /Users/pablomujica/school/assignment-2-ds2/akka-scala-mr/src/main/scala/mapreduce/mapreduceapp.scala. Using presentation compiler with project's scala-library version: 3.3.5
2025.04.20 22:52:34 INFO  no build target found for /Users/pablomujica/school/assignment-2-ds2/akka-scala-mr/src/main/scala/mapreduce/mapreduceapp.scala. Using presentation compiler with project's scala-library version: 3.3.5
2025.04.20 22:52:34 INFO  no build target found for /Users/pablomujica/school/assignment-2-ds2/akka-scala-mr/src/main/scala/mapreduce/mapreduceapp.scala. Using presentation compiler with project's scala-library version: 3.3.5
2025.04.20 22:52:34 INFO  no build target found for /Users/pablomujica/school/assignment-2-ds2/akka-scala-mr/src/main/scala/mapreduce/mapreduceapp.scala. Using presentation compiler with project's scala-library version: 3.3.5
2025.04.20 22:52:35 INFO  no build target found for /Users/pablomujica/school/assignment-2-ds2/akka-scala-mr/src/main/scala/mapreduce/mapreduceapp.scala. Using presentation compiler with project's scala-library version: 3.3.5
2025.04.20 22:52:36 INFO  no build target found for /Users/pablomujica/school/assignment-2-ds2/akka-scala-mr/src/main/scala/mapreduce/mapreduceapp.scala. Using presentation compiler with project's scala-library version: 3.3.5
2025.04.20 22:52:36 INFO  no build target found for /Users/pablomujica/school/assignment-2-ds2/akka-scala-mr/src/main/scala/mapreduce/mapreduceapp.scala. Using presentation compiler with project's scala-library version: 3.3.5
Apr 20, 2025 10:52:36 PM scala.meta.internal.metals.StdReporter $anonfun$create$1
WARNING: empty definition using pc, found symbol in pc: `<none>`. (full report at: /Users/pablomujica/school/assignment-2-ds2/.metals/.reports/metals-full/2025-04-20/r_empty-definition_22-29-47-274.md)
2025.04.20 22:52:36 INFO  no build target found for /Users/pablomujica/school/assignment-2-ds2/akka-scala-mr/src/main/scala/mapreduce/mapreduceapp.scala. Using presentation compiler with project's scala-library version: 3.3.5
2025.04.20 22:52:37 INFO  no build target found for /Users/pablomujica/school/assignment-2-ds2/akka-scala-mr/src/main/scala/mapreduce/mapreduceapp.scala. Using presentation compiler with project's scala-library version: 3.3.5
2025.04.20 22:52:37 INFO  no build target found for /Users/pablomujica/school/assignment-2-ds2/akka-scala-mr/src/main/scala/mapreduce/mapreduceapp.scala. Using presentation compiler with project's scala-library version: 3.3.5
2025.04.20 22:52:37 INFO  no build target found for /Users/pablomujica/school/assignment-2-ds2/akka-scala-mr/src/main/scala/mapreduce/mapreduceapp.scala. Using presentation compiler with project's scala-library version: 3.3.5
2025.04.20 22:52:41 INFO  no build target found for /Users/pablomujica/school/assignment-2-ds2/akka-scala-mr/src/main/scala/mapreduce/mapreduceapp.scala. Using presentation compiler with project's scala-library version: 3.3.5
2025.04.20 22:52:41 INFO  no build target found for /Users/pablomujica/school/assignment-2-ds2/akka-scala-mr/src/main/scala/mapreduce/mapreduceapp.scala. Using presentation compiler with project's scala-library version: 3.3.5
2025.04.20 22:52:41 INFO  no build target found for /Users/pablomujica/school/assignment-2-ds2/akka-scala-mr/src/main/scala/mapreduce/mapreduceapp.scala. Using presentation compiler with project's scala-library version: 3.3.5
2025.04.20 22:52:41 INFO  no build target found for /Users/pablomujica/school/assignment-2-ds2/akka-scala-mr/src/main/scala/mapreduce/mapreduceapp.scala. Using presentation compiler with project's scala-library version: 3.3.5
2025.04.20 22:52:42 WARN  no build target for: /Users/pablomujica/school/assignment-2-ds2/akka-scala-mr/src/main/scala/mapreduce/mapreduceapp.scala
2025.04.20 22:52:42 INFO  no build target found for /Users/pablomujica/school/assignment-2-ds2/akka-scala-mr/src/main/scala/mapreduce/mapreduceapp.scala. Using presentation compiler with project's scala-library version: 3.3.5
2025.04.20 22:52:42 INFO  no build target found for /Users/pablomujica/school/assignment-2-ds2/akka-scala-mr/src/main/scala/mapreduce/mapreduceapp.scala. Using presentation compiler with project's scala-library version: 3.3.5
2025.04.20 22:53:49 WARN  no build target for: /Users/pablomujica/school/assignment-2-ds2/akka-scala-mr/src/main/scala/mapreduce/mapreduceapp.scala
2025.04.20 22:53:49 INFO  no build target found for /Users/pablomujica/school/assignment-2-ds2/akka-scala-mr/src/main/scala/mapreduce/mapreduceapp.scala. Using presentation compiler with project's scala-library version: 3.3.5
2025.04.20 22:53:49 INFO  no build target found for /Users/pablomujica/school/assignment-2-ds2/akka-scala-mr/src/main/scala/mapreduce/mapreduceapp.scala. Using presentation compiler with project's scala-library version: 3.3.5
2025.04.20 22:53:49 INFO  no build target found for /Users/pablomujica/school/assignment-2-ds2/akka-scala-mr/src/main/scala/mapreduce/mapreduceapp.scala. Using presentation compiler with project's scala-library version: 3.3.5
2025.04.20 22:53:49 INFO  no build target found for /Users/pablomujica/school/assignment-2-ds2/akka-scala-mr/src/main/scala/mapreduce/mapreduceapp.scala. Using presentation compiler with project's scala-library version: 3.3.5
2025.04.20 22:53:49 INFO  no build target found for /Users/pablomujica/school/assignment-2-ds2/akka-scala-mr/src/main/scala/mapreduce/mapreduceapp.scala. Using presentation compiler with project's scala-library version: 3.3.5
2025.04.20 22:53:49 INFO  no build target found for /Users/pablomujica/school/assignment-2-ds2/akka-scala-mr/src/main/scala/mapreduce/mapreduceapp.scala. Using presentation compiler with project's scala-library version: 3.3.5
2025.04.20 22:53:49 INFO  no build target found for /Users/pablomujica/school/assignment-2-ds2/akka-scala-mr/src/main/scala/mapreduce/mapreduceapp.scala. Using presentation compiler with project's scala-library version: 3.3.5
2025.04.20 22:53:51 INFO  no build target found for /Users/pablomujica/school/assignment-2-ds2/akka-scala-mr/src/main/scala/mapreduce/mapreduceapp.scala. Using presentation compiler with project's scala-library version: 3.3.5
2025.04.20 22:53:52 INFO  no build target found for /Users/pablomujica/school/assignment-2-ds2/akka-scala-mr/src/main/scala/mapreduce/mapreduceapp.scala. Using presentation compiler with project's scala-library version: 3.3.5
2025.04.20 22:53:52 INFO  no build target found for /Users/pablomujica/school/assignment-2-ds2/akka-scala-mr/src/main/scala/mapreduce/mapreduceapp.scala. Using presentation compiler with project's scala-library version: 3.3.5
2025.04.20 22:53:52 INFO  no build target found for /Users/pablomujica/school/assignment-2-ds2/akka-scala-mr/src/main/scala/mapreduce/mapreduceapp.scala. Using presentation compiler with project's scala-library version: 3.3.5
2025.04.20 22:53:53 INFO  no build target found for /Users/pablomujica/school/assignment-2-ds2/akka-scala-mr/src/main/scala/mapreduce/mapreduceapp.scala. Using presentation compiler with project's scala-library version: 3.3.5
2025.04.20 22:53:52 INFO  no build target found for /Users/pablomujica/school/assignment-2-ds2/akka-scala-mr/src/main/scala/mapreduce/mapreduceapp.scala. Using presentation compiler with project's scala-library version: 3.3.5
2025.04.20 22:53:52 INFO  no build target found for /Users/pablomujica/school/assignment-2-ds2/akka-scala-mr/src/main/scala/mapreduce/mapreduceapp.scala. Using presentation compiler with project's scala-library version: 3.3.5
2025.04.20 22:53:53 INFO  no build target found for /Users/pablomujica/school/assignment-2-ds2/akka-scala-mr/src/main/scala/mapreduce/mapreduceapp.scala. Using presentation compiler with project's scala-library version: 3.3.5
2025.04.20 22:53:53 INFO  no build target found for /Users/pablomujica/school/assignment-2-ds2/akka-scala-mr/src/main/scala/mapreduce/mapreduceapp.scala. Using presentation compiler with project's scala-library version: 3.3.5
2025.04.20 22:53:53 INFO  no build target found for /Users/pablomujica/school/assignment-2-ds2/akka-scala-mr/src/main/scala/mapreduce/mapreduceapp.scala. Using presentation compiler with project's scala-library version: 3.3.5
2025.04.20 22:53:53 INFO  no build target found for /Users/pablomujica/school/assignment-2-ds2/akka-scala-mr/src/main/scala/mapreduce/mapreduceapp.scala. Using presentation compiler with project's scala-library version: 3.3.5
2025.04.20 22:53:53 INFO  no build target found for /Users/pablomujica/school/assignment-2-ds2/akka-scala-mr/src/main/scala/mapreduce/mapreduceapp.scala. Using presentation compiler with project's scala-library version: 3.3.5
2025.04.20 22:53:53 INFO  no build target found for /Users/pablomujica/school/assignment-2-ds2/akka-scala-mr/src/main/scala/mapreduce/mapreduceapp.scala. Using presentation compiler with project's scala-library version: 3.3.5
2025.04.20 22:53:54 INFO  no build target found for /Users/pablomujica/school/assignment-2-ds2/akka-scala-mr/src/main/scala/mapreduce/mapreduceapp.scala. Using presentation compiler with project's scala-library version: 3.3.5
2025.04.20 22:53:53 INFO  no build target found for /Users/pablomujica/school/assignment-2-ds2/akka-scala-mr/src/main/scala/mapreduce/mapreduceapp.scala. Using presentation compiler with project's scala-library version: 3.3.5
2025.04.20 22:53:54 INFO  no build target found for /Users/pablomujica/school/assignment-2-ds2/akka-scala-mr/src/main/scala/mapreduce/mapreduceapp.scala. Using presentation compiler with project's scala-library version: 3.3.5
2025.04.20 22:53:54 INFO  no build target found for /Users/pablomujica/school/assignment-2-ds2/akka-scala-mr/src/main/scala/mapreduce/mapreduceapp.scala. Using presentation compiler with project's scala-library version: 3.3.5
2025.04.20 22:53:54 INFO  no build target found for /Users/pablomujica/school/assignment-2-ds2/akka-scala-mr/src/main/scala/mapreduce/mapreduceapp.scala. Using presentation compiler with project's scala-library version: 3.3.5
2025.04.20 22:53:55 INFO  no build target found for /Users/pablomujica/school/assignment-2-ds2/akka-scala-mr/src/main/scala/mapreduce/mapreduceapp.scala. Using presentation compiler with project's scala-library version: 3.3.5
2025.04.20 22:53:54 INFO  no build target found for /Users/pablomujica/school/assignment-2-ds2/akka-scala-mr/src/main/scala/mapreduce/mapreduceapp.scala. Using presentation compiler with project's scala-library version: 3.3.5
2025.04.20 22:53:54 INFO  no build target found for /Users/pablomujica/school/assignment-2-ds2/akka-scala-mr/src/main/scala/mapreduce/mapreduceapp.scala. Using presentation compiler with project's scala-library version: 3.3.5
2025.04.20 22:53:54 INFO  no build target found for /Users/pablomujica/school/assignment-2-ds2/akka-scala-mr/src/main/scala/mapreduce/mapreduceapp.scala. Using presentation compiler with project's scala-library version: 3.3.5
2025.04.20 22:53:54 INFO  no build target found for /Users/pablomujica/school/assignment-2-ds2/akka-scala-mr/src/main/scala/mapreduce/mapreduceapp.scala. Using presentation compiler with project's scala-library version: 3.3.5
2025.04.20 22:53:55 INFO  no build target found for /Users/pablomujica/school/assignment-2-ds2/akka-scala-mr/src/main/scala/mapreduce/mapreduceapp.scala. Using presentation compiler with project's scala-library version: 3.3.5
2025.04.20 22:54:05 INFO  no build target found for /Users/pablomujica/school/assignment-2-ds2/akka-scala-mr/src/main/scala/mapreduce/mapreduceapp.scala. Using presentation compiler with project's scala-library version: 3.3.5
2025.04.20 22:54:05 INFO  no build target found for /Users/pablomujica/school/assignment-2-ds2/akka-scala-mr/src/main/scala/mapreduce/mapreduceapp.scala. Using presentation compiler with project's scala-library version: 3.3.5
2025.04.20 22:54:05 INFO  no build target found for /Users/pablomujica/school/assignment-2-ds2/akka-scala-mr/src/main/scala/mapreduce/mapreduceapp.scala. Using presentation compiler with project's scala-library version: 3.3.5
2025.04.20 22:54:05 INFO  no build target found for /Users/pablomujica/school/assignment-2-ds2/akka-scala-mr/src/main/scala/mapreduce/mapreduceapp.scala. Using presentation compiler with project's scala-library version: 3.3.5
2025.04.20 22:54:05 INFO  no build target found for /Users/pablomujica/school/assignment-2-ds2/akka-scala-mr/src/main/scala/mapreduce/mapreduceapp.scala. Using presentation compiler with project's scala-library version: 3.3.5
2025.04.20 22:54:06 INFO  no build target found for /Users/pablomujica/school/assignment-2-ds2/akka-scala-mr/src/main/scala/mapreduce/mapreduceapp.scala. Using presentation compiler with project's scala-library version: 3.3.5
2025.04.20 22:54:06 INFO  no build target found for /Users/pablomujica/school/assignment-2-ds2/akka-scala-mr/src/main/scala/mapreduce/mapreduceapp.scala. Using presentation compiler with project's scala-library version: 3.3.5
2025.04.20 22:54:08 INFO  no build target found for /Users/pablomujica/school/assignment-2-ds2/akka-scala-mr/src/main/scala/mapreduce/mapreduceapp.scala. Using presentation compiler with project's scala-library version: 3.3.5
2025.04.20 22:54:08 INFO  no build target found for /Users/pablomujica/school/assignment-2-ds2/akka-scala-mr/src/main/scala/mapreduce/mapreduceapp.scala. Using presentation compiler with project's scala-library version: 3.3.5
2025.04.20 22:54:09 INFO  no build target found for /Users/pablomujica/school/assignment-2-ds2/akka-scala-mr/src/main/scala/mapreduce/mapreduceapp.scala. Using presentation compiler with project's scala-library version: 3.3.5
2025.04.20 22:54:08 INFO  no build target found for /Users/pablomujica/school/assignment-2-ds2/akka-scala-mr/src/main/scala/mapreduce/mapreduceapp.scala. Using presentation compiler with project's scala-library version: 3.3.5
2025.04.20 22:54:08 INFO  no build target found for /Users/pablomujica/school/assignment-2-ds2/akka-scala-mr/src/main/scala/mapreduce/mapreduceapp.scala. Using presentation compiler with project's scala-library version: 3.3.5
2025.04.20 22:54:09 INFO  no build target found for /Users/pablomujica/school/assignment-2-ds2/akka-scala-mr/src/main/scala/mapreduce/mapreduceapp.scala. Using presentation compiler with project's scala-library version: 3.3.5
2025.04.20 22:54:10 INFO  no build target found for /Users/pablomujica/school/assignment-2-ds2/akka-scala-mr/src/main/scala/mapreduce/mapreduceapp.scala. Using presentation compiler with project's scala-library version: 3.3.5
2025.04.20 22:54:10 INFO  no build target found for /Users/pablomujica/school/assignment-2-ds2/akka-scala-mr/src/main/scala/mapreduce/mapreduceapp.scala. Using presentation compiler with project's scala-library version: 3.3.5
2025.04.20 22:54:10 INFO  no build target found for /Users/pablomujica/school/assignment-2-ds2/akka-scala-mr/src/main/scala/mapreduce/mapreduceapp.scala. Using presentation compiler with project's scala-library version: 3.3.5
2025.04.20 22:54:10 INFO  no build target found for /Users/pablomujica/school/assignment-2-ds2/akka-scala-mr/src/main/scala/mapreduce/mapreduceapp.scala. Using presentation compiler with project's scala-library version: 3.3.5
2025.04.20 22:54:10 INFO  no build target found for /Users/pablomujica/school/assignment-2-ds2/akka-scala-mr/src/main/scala/mapreduce/mapreduceapp.scala. Using presentation compiler with project's scala-library version: 3.3.5
2025.04.20 22:54:10 INFO  no build target found for /Users/pablomujica/school/assignment-2-ds2/akka-scala-mr/src/main/scala/mapreduce/mapreduceapp.scala. Using presentation compiler with project's scala-library version: 3.3.5
2025.04.20 22:54:10 INFO  no build target found for /Users/pablomujica/school/assignment-2-ds2/akka-scala-mr/src/main/scala/mapreduce/mapreduceapp.scala. Using presentation compiler with project's scala-library version: 3.3.5
2025.04.20 22:54:10 INFO  no build target found for /Users/pablomujica/school/assignment-2-ds2/akka-scala-mr/src/main/scala/mapreduce/mapreduceapp.scala. Using presentation compiler with project's scala-library version: 3.3.5
2025.04.20 22:54:11 INFO  no build target found for /Users/pablomujica/school/assignment-2-ds2/akka-scala-mr/src/main/scala/mapreduce/mapreduceapp.scala. Using presentation compiler with project's scala-library version: 3.3.5
2025.04.20 22:54:11 INFO  no build target found for /Users/pablomujica/school/assignment-2-ds2/akka-scala-mr/src/main/scala/mapreduce/mapreduceapp.scala. Using presentation compiler with project's scala-library version: 3.3.5
2025.04.20 22:54:11 INFO  no build target found for /Users/pablomujica/school/assignment-2-ds2/akka-scala-mr/src/main/scala/mapreduce/mapreduceapp.scala. Using presentation compiler with project's scala-library version: 3.3.5
2025.04.20 22:54:12 INFO  no build target found for /Users/pablomujica/school/assignment-2-ds2/akka-scala-mr/src/main/scala/mapreduce/mapreduceapp.scala. Using presentation compiler with project's scala-library version: 3.3.5
2025.04.20 22:54:13 INFO  no build target found for /Users/pablomujica/school/assignment-2-ds2/akka-scala-mr/src/main/scala/mapreduce/mapreduceapp.scala. Using presentation compiler with project's scala-library version: 3.3.5
2025.04.20 22:54:14 INFO  no build target found for /Users/pablomujica/school/assignment-2-ds2/akka-scala-mr/src/main/scala/mapreduce/mapreduceapp.scala. Using presentation compiler with project's scala-library version: 3.3.5
2025.04.20 22:54:13 INFO  no build target found for /Users/pablomujica/school/assignment-2-ds2/akka-scala-mr/src/main/scala/mapreduce/mapreduceapp.scala. Using presentation compiler with project's scala-library version: 3.3.5
2025.04.20 22:54:14 INFO  no build target found for /Users/pablomujica/school/assignment-2-ds2/akka-scala-mr/src/main/scala/mapreduce/mapreduceapp.scala. Using presentation compiler with project's scala-library version: 3.3.5
2025.04.20 22:54:15 INFO  no build target found for /Users/pablomujica/school/assignment-2-ds2/akka-scala-mr/src/main/scala/mapreduce/mapreduceapp.scala. Using presentation compiler with project's scala-library version: 3.3.5
2025.04.20 22:54:15 INFO  no build target found for /Users/pablomujica/school/assignment-2-ds2/akka-scala-mr/src/main/scala/mapreduce/mapreduceapp.scala. Using presentation compiler with project's scala-library version: 3.3.5
2025.04.20 22:54:15 INFO  no build target found for /Users/pablomujica/school/assignment-2-ds2/akka-scala-mr/src/main/scala/mapreduce/mapreduceapp.scala. Using presentation compiler with project's scala-library version: 3.3.5
2025.04.20 22:54:15 INFO  no build target found for /Users/pablomujica/school/assignment-2-ds2/akka-scala-mr/src/main/scala/mapreduce/mapreduceapp.scala. Using presentation compiler with project's scala-library version: 3.3.5
2025.04.20 22:54:15 INFO  no build target found for /Users/pablomujica/school/assignment-2-ds2/akka-scala-mr/src/main/scala/mapreduce/mapreduceapp.scala. Using presentation compiler with project's scala-library version: 3.3.5
2025.04.20 22:54:15 INFO  no build target found for /Users/pablomujica/school/assignment-2-ds2/akka-scala-mr/src/main/scala/mapreduce/mapreduceapp.scala. Using presentation compiler with project's scala-library version: 3.3.5
2025.04.20 22:54:15 INFO  no build target found for /Users/pablomujica/school/assignment-2-ds2/akka-scala-mr/src/main/scala/mapreduce/mapreduceapp.scala. Using presentation compiler with project's scala-library version: 3.3.5
2025.04.20 22:54:15 INFO  no build target found for /Users/pablomujica/school/assignment-2-ds2/akka-scala-mr/src/main/scala/mapreduce/mapreduceapp.scala. Using presentation compiler with project's scala-library version: 3.3.5
2025.04.20 22:54:17 INFO  no build target found for /Users/pablomujica/school/assignment-2-ds2/akka-scala-mr/src/main/scala/mapreduce/mapreduceapp.scala. Using presentation compiler with project's scala-library version: 3.3.5
2025.04.20 22:54:17 INFO  no build target found for /Users/pablomujica/school/assignment-2-ds2/akka-scala-mr/src/main/scala/mapreduce/mapreduceapp.scala. Using presentation compiler with project's scala-library version: 3.3.5
2025.04.20 22:54:17 INFO  no build target found for /Users/pablomujica/school/assignment-2-ds2/akka-scala-mr/src/main/scala/mapreduce/mapreduceapp.scala. Using presentation compiler with project's scala-library version: 3.3.5
2025.04.20 22:54:17 INFO  no build target found for /Users/pablomujica/school/assignment-2-ds2/akka-scala-mr/src/main/scala/mapreduce/mapreduceapp.scala. Using presentation compiler with project's scala-library version: 3.3.5
2025.04.20 22:54:17 INFO  no build target found for /Users/pablomujica/school/assignment-2-ds2/akka-scala-mr/src/main/scala/mapreduce/mapreduceapp.scala. Using presentation compiler with project's scala-library version: 3.3.5
2025.04.20 22:54:17 INFO  no build target found for /Users/pablomujica/school/assignment-2-ds2/akka-scala-mr/src/main/scala/mapreduce/mapreduceapp.scala. Using presentation compiler with project's scala-library version: 3.3.5
2025.04.20 22:54:17 INFO  no build target found for /Users/pablomujica/school/assignment-2-ds2/akka-scala-mr/src/main/scala/mapreduce/mapreduceapp.scala. Using presentation compiler with project's scala-library version: 3.3.5
2025.04.20 22:54:17 INFO  no build target found for /Users/pablomujica/school/assignment-2-ds2/akka-scala-mr/src/main/scala/mapreduce/mapreduceapp.scala. Using presentation compiler with project's scala-library version: 3.3.5
2025.04.20 22:54:18 INFO  no build target found for /Users/pablomujica/school/assignment-2-ds2/akka-scala-mr/src/main/scala/mapreduce/mapreduceapp.scala. Using presentation compiler with project's scala-library version: 3.3.5
2025.04.20 22:54:38 INFO  no build target found for /Users/pablomujica/school/assignment-2-ds2/akka-scala-mr/src/main/scala/mapreduce/mapreduceapp.scala. Using presentation compiler with project's scala-library version: 3.3.5
2025.04.20 22:54:42 INFO  no build target found for /Users/pablomujica/school/assignment-2-ds2/akka-scala-mr/src/main/scala/mapreduce/mapreduceapp.scala. Using presentation compiler with project's scala-library version: 3.3.5
2025.04.20 22:54:42 INFO  no build target found for /Users/pablomujica/school/assignment-2-ds2/akka-scala-mr/src/main/scala/mapreduce/mapreduceapp.scala. Using presentation compiler with project's scala-library version: 3.3.5
2025.04.20 22:54:42 INFO  no build target found for /Users/pablomujica/school/assignment-2-ds2/akka-scala-mr/src/main/scala/mapreduce/mapreduceapp.scala. Using presentation compiler with project's scala-library version: 3.3.5
2025.04.20 22:54:42 INFO  no build target found for /Users/pablomujica/school/assignment-2-ds2/akka-scala-mr/src/main/scala/mapreduce/mapreduceapp.scala. Using presentation compiler with project's scala-library version: 3.3.5
2025.04.20 22:54:43 INFO  no build target found for /Users/pablomujica/school/assignment-2-ds2/akka-scala-mr/src/main/scala/mapreduce/mapreduceapp.scala. Using presentation compiler with project's scala-library version: 3.3.5
2025.04.20 22:54:44 INFO  no build target found for /Users/pablomujica/school/assignment-2-ds2/akka-scala-mr/src/main/scala/mapreduce/mapreduceapp.scala. Using presentation compiler with project's scala-library version: 3.3.5
2025.04.20 22:54:44 INFO  no build target found for /Users/pablomujica/school/assignment-2-ds2/akka-scala-mr/src/main/scala/mapreduce/mapreduceapp.scala. Using presentation compiler with project's scala-library version: 3.3.5
2025.04.20 22:54:44 INFO  no build target found for /Users/pablomujica/school/assignment-2-ds2/akka-scala-mr/src/main/scala/mapreduce/mapreduceapp.scala. Using presentation compiler with project's scala-library version: 3.3.5
2025.04.20 22:54:44 INFO  no build target found for /Users/pablomujica/school/assignment-2-ds2/akka-scala-mr/src/main/scala/mapreduce/mapreduceapp.scala. Using presentation compiler with project's scala-library version: 3.3.5
2025.04.20 22:54:44 INFO  no build target found for /Users/pablomujica/school/assignment-2-ds2/akka-scala-mr/src/main/scala/mapreduce/mapreduceapp.scala. Using presentation compiler with project's scala-library version: 3.3.5
2025.04.20 22:54:44 INFO  no build target found for /Users/pablomujica/school/assignment-2-ds2/akka-scala-mr/src/main/scala/mapreduce/mapreduceapp.scala. Using presentation compiler with project's scala-library version: 3.3.5
2025.04.20 22:54:43 INFO  no build target found for /Users/pablomujica/school/assignment-2-ds2/akka-scala-mr/src/main/scala/mapreduce/mapreduceapp.scala. Using presentation compiler with project's scala-library version: 3.3.5
2025.04.20 22:54:44 INFO  no build target found for /Users/pablomujica/school/assignment-2-ds2/akka-scala-mr/src/main/scala/mapreduce/mapreduceapp.scala. Using presentation compiler with project's scala-library version: 3.3.5
2025.04.20 22:54:44 INFO  no build target found for /Users/pablomujica/school/assignment-2-ds2/akka-scala-mr/src/main/scala/mapreduce/mapreduceapp.scala. Using presentation compiler with project's scala-library version: 3.3.5
2025.04.20 22:54:45 INFO  no build target found for /Users/pablomujica/school/assignment-2-ds2/akka-scala-mr/src/main/scala/mapreduce/mapreduceapp.scala. Using presentation compiler with project's scala-library version: 3.3.5
2025.04.20 22:54:45 INFO  no build target found for /Users/pablomujica/school/assignment-2-ds2/akka-scala-mr/src/main/scala/mapreduce/mapreduceapp.scala. Using presentation compiler with project's scala-library version: 3.3.5
2025.04.20 22:54:45 INFO  no build target found for /Users/pablomujica/school/assignment-2-ds2/akka-scala-mr/src/main/scala/mapreduce/mapreduceapp.scala. Using presentation compiler with project's scala-library version: 3.3.5
2025.04.20 22:54:45 INFO  no build target found for /Users/pablomujica/school/assignment-2-ds2/akka-scala-mr/src/main/scala/mapreduce/mapreduceapp.scala. Using presentation compiler with project's scala-library version: 3.3.5
2025.04.20 22:54:45 INFO  no build target found for /Users/pablomujica/school/assignment-2-ds2/akka-scala-mr/src/main/scala/mapreduce/mapreduceapp.scala. Using presentation compiler with project's scala-library version: 3.3.5
2025.04.20 22:54:45 INFO  no build target found for /Users/pablomujica/school/assignment-2-ds2/akka-scala-mr/src/main/scala/mapreduce/mapreduceapp.scala. Using presentation compiler with project's scala-library version: 3.3.5
2025.04.20 22:54:45 INFO  no build target found for /Users/pablomujica/school/assignment-2-ds2/akka-scala-mr/src/main/scala/mapreduce/mapreduceapp.scala. Using presentation compiler with project's scala-library version: 3.3.5
2025.04.20 22:54:45 INFO  no build target found for /Users/pablomujica/school/assignment-2-ds2/akka-scala-mr/src/main/scala/mapreduce/mapreduceapp.scala. Using presentation compiler with project's scala-library version: 3.3.5
2025.04.20 22:54:46 INFO  no build target found for /Users/pablomujica/school/assignment-2-ds2/akka-scala-mr/src/main/scala/mapreduce/mapreduceapp.scala. Using presentation compiler with project's scala-library version: 3.3.5
2025.04.20 22:54:47 INFO  no build target found for /Users/pablomujica/school/assignment-2-ds2/akka-scala-mr/src/main/scala/mapreduce/mapreduceapp.scala. Using presentation compiler with project's scala-library version: 3.3.5
2025.04.20 22:54:47 INFO  no build target found for /Users/pablomujica/school/assignment-2-ds2/akka-scala-mr/src/main/scala/mapreduce/mapreduceapp.scala. Using presentation compiler with project's scala-library version: 3.3.5
2025.04.20 22:54:47 INFO  no build target found for /Users/pablomujica/school/assignment-2-ds2/akka-scala-mr/src/main/scala/mapreduce/mapreduceapp.scala. Using presentation compiler with project's scala-library version: 3.3.5
2025.04.20 22:54:48 INFO  no build target found for /Users/pablomujica/school/assignment-2-ds2/akka-scala-mr/src/main/scala/mapreduce/mapreduceapp.scala. Using presentation compiler with project's scala-library version: 3.3.5
2025.04.20 22:54:49 INFO  no build target found for /Users/pablomujica/school/assignment-2-ds2/akka-scala-mr/src/main/scala/mapreduce/mapreduceapp.scala. Using presentation compiler with project's scala-library version: 3.3.5
2025.04.20 22:54:49 INFO  no build target found for /Users/pablomujica/school/assignment-2-ds2/akka-scala-mr/src/main/scala/mapreduce/mapreduceapp.scala. Using presentation compiler with project's scala-library version: 3.3.5
2025.04.20 22:54:50 INFO  no build target found for /Users/pablomujica/school/assignment-2-ds2/akka-scala-mr/src/main/scala/mapreduce/mapreduceapp.scala. Using presentation compiler with project's scala-library version: 3.3.5
2025.04.20 22:54:49 INFO  no build target found for /Users/pablomujica/school/assignment-2-ds2/akka-scala-mr/src/main/scala/mapreduce/mapreduceapp.scala. Using presentation compiler with project's scala-library version: 3.3.5
2025.04.20 22:54:49 INFO  no build target found for /Users/pablomujica/school/assignment-2-ds2/akka-scala-mr/src/main/scala/mapreduce/mapreduceapp.scala. Using presentation compiler with project's scala-library version: 3.3.5
2025.04.20 22:54:50 INFO  no build target found for /Users/pablomujica/school/assignment-2-ds2/akka-scala-mr/src/main/scala/mapreduce/mapreduceapp.scala. Using presentation compiler with project's scala-library version: 3.3.5
2025.04.20 22:54:51 INFO  no build target found for /Users/pablomujica/school/assignment-2-ds2/akka-scala-mr/src/main/scala/mapreduce/mapreduceapp.scala. Using presentation compiler with project's scala-library version: 3.3.5
2025.04.20 22:54:51 INFO  no build target found for /Users/pablomujica/school/assignment-2-ds2/akka-scala-mr/src/main/scala/mapreduce/mapreduceapp.scala. Using presentation compiler with project's scala-library version: 3.3.5
2025.04.20 22:54:53 INFO  no build target found for /Users/pablomujica/school/assignment-2-ds2/akka-scala-mr/src/main/scala/mapreduce/mapreduceapp.scala. Using presentation compiler with project's scala-library version: 3.3.5
2025.04.20 22:54:53 INFO  no build target found for /Users/pablomujica/school/assignment-2-ds2/akka-scala-mr/src/main/scala/mapreduce/mapreduceapp.scala. Using presentation compiler with project's scala-library version: 3.3.5
2025.04.20 22:54:53 INFO  no build target found for /Users/pablomujica/school/assignment-2-ds2/akka-scala-mr/src/main/scala/mapreduce/mapreduceapp.scala. Using presentation compiler with project's scala-library version: 3.3.5
2025.04.20 22:54:53 INFO  no build target found for /Users/pablomujica/school/assignment-2-ds2/akka-scala-mr/src/main/scala/mapreduce/mapreduceapp.scala. Using presentation compiler with project's scala-library version: 3.3.5
2025.04.20 22:54:53 INFO  no build target found for /Users/pablomujica/school/assignment-2-ds2/akka-scala-mr/src/main/scala/mapreduce/mapreduceapp.scala. Using presentation compiler with project's scala-library version: 3.3.5
2025.04.20 22:54:53 INFO  no build target found for /Users/pablomujica/school/assignment-2-ds2/akka-scala-mr/src/main/scala/mapreduce/mapreduceapp.scala. Using presentation compiler with project's scala-library version: 3.3.5
2025.04.20 22:54:53 INFO  no build target found for /Users/pablomujica/school/assignment-2-ds2/akka-scala-mr/src/main/scala/mapreduce/mapreduceapp.scala. Using presentation compiler with project's scala-library version: 3.3.5
2025.04.20 22:54:53 INFO  no build target found for /Users/pablomujica/school/assignment-2-ds2/akka-scala-mr/src/main/scala/mapreduce/mapreduceapp.scala. Using presentation compiler with project's scala-library version: 3.3.5
2025.04.20 22:54:54 INFO  no build target found for /Users/pablomujica/school/assignment-2-ds2/akka-scala-mr/src/main/scala/mapreduce/mapreduceapp.scala. Using presentation compiler with project's scala-library version: 3.3.5
2025.04.20 22:54:54 INFO  no build target found for /Users/pablomujica/school/assignment-2-ds2/akka-scala-mr/src/main/scala/mapreduce/mapreduceapp.scala. Using presentation compiler with project's scala-library version: 3.3.5
2025.04.20 22:54:54 INFO  no build target found for /Users/pablomujica/school/assignment-2-ds2/akka-scala-mr/src/main/scala/mapreduce/mapreduceapp.scala. Using presentation compiler with project's scala-library version: 3.3.5
2025.04.20 22:54:54 INFO  no build target found for /Users/pablomujica/school/assignment-2-ds2/akka-scala-mr/src/main/scala/mapreduce/mapreduceapp.scala. Using presentation compiler with project's scala-library version: 3.3.5
2025.04.20 22:54:54 INFO  no build target found for /Users/pablomujica/school/assignment-2-ds2/akka-scala-mr/src/main/scala/mapreduce/mapreduceapp.scala. Using presentation compiler with project's scala-library version: 3.3.5
2025.04.20 22:54:54 INFO  no build target found for /Users/pablomujica/school/assignment-2-ds2/akka-scala-mr/src/main/scala/mapreduce/mapreduceapp.scala. Using presentation compiler with project's scala-library version: 3.3.5
2025.04.20 22:54:55 INFO  no build target found for /Users/pablomujica/school/assignment-2-ds2/akka-scala-mr/src/main/scala/mapreduce/mapreduceapp.scala. Using presentation compiler with project's scala-library version: 3.3.5
2025.04.20 22:54:56 INFO  no build target found for /Users/pablomujica/school/assignment-2-ds2/akka-scala-mr/src/main/scala/mapreduce/mapreduceapp.scala. Using presentation compiler with project's scala-library version: 3.3.5
2025.04.20 22:54:56 INFO  no build target found for /Users/pablomujica/school/assignment-2-ds2/akka-scala-mr/src/main/scala/mapreduce/mapreduceapp.scala. Using presentation compiler with project's scala-library version: 3.3.5
2025.04.20 22:54:56 INFO  no build target found for /Users/pablomujica/school/assignment-2-ds2/akka-scala-mr/src/main/scala/mapreduce/mapreduceapp.scala. Using presentation compiler with project's scala-library version: 3.3.5
2025.04.20 22:54:57 INFO  no build target found for /Users/pablomujica/school/assignment-2-ds2/akka-scala-mr/src/main/scala/mapreduce/mapreduceapp.scala. Using presentation compiler with project's scala-library version: 3.3.5
2025.04.20 22:54:56 INFO  no build target found for /Users/pablomujica/school/assignment-2-ds2/akka-scala-mr/src/main/scala/mapreduce/mapreduceapp.scala. Using presentation compiler with project's scala-library version: 3.3.5
2025.04.20 22:54:56 INFO  no build target found for /Users/pablomujica/school/assignment-2-ds2/akka-scala-mr/src/main/scala/mapreduce/mapreduceapp.scala. Using presentation compiler with project's scala-library version: 3.3.5
2025.04.20 22:54:56 INFO  no build target found for /Users/pablomujica/school/assignment-2-ds2/akka-scala-mr/src/main/scala/mapreduce/mapreduceapp.scala. Using presentation compiler with project's scala-library version: 3.3.5
2025.04.20 22:54:56 INFO  no build target found for /Users/pablomujica/school/assignment-2-ds2/akka-scala-mr/src/main/scala/mapreduce/mapreduceapp.scala. Using presentation compiler with project's scala-library version: 3.3.5
2025.04.20 22:54:56 INFO  no build target found for /Users/pablomujica/school/assignment-2-ds2/akka-scala-mr/src/main/scala/mapreduce/mapreduceapp.scala. Using presentation compiler with project's scala-library version: 3.3.5
2025.04.20 22:54:57 INFO  no build target found for /Users/pablomujica/school/assignment-2-ds2/akka-scala-mr/src/main/scala/mapreduce/mapreduceapp.scala. Using presentation compiler with project's scala-library version: 3.3.5
2025.04.20 22:54:58 INFO  no build target found for /Users/pablomujica/school/assignment-2-ds2/akka-scala-mr/src/main/scala/mapreduce/mapreduceapp.scala. Using presentation compiler with project's scala-library version: 3.3.5
2025.04.20 22:54:58 INFO  no build target found for /Users/pablomujica/school/assignment-2-ds2/akka-scala-mr/src/main/scala/mapreduce/mapreduceapp.scala. Using presentation compiler with project's scala-library version: 3.3.5
2025.04.20 22:54:58 INFO  no build target found for /Users/pablomujica/school/assignment-2-ds2/akka-scala-mr/src/main/scala/mapreduce/mapreduceapp.scala. Using presentation compiler with project's scala-library version: 3.3.5
2025.04.20 22:54:58 INFO  no build target found for /Users/pablomujica/school/assignment-2-ds2/akka-scala-mr/src/main/scala/mapreduce/mapreduceapp.scala. Using presentation compiler with project's scala-library version: 3.3.5
2025.04.20 22:54:58 INFO  no build target found for /Users/pablomujica/school/assignment-2-ds2/akka-scala-mr/src/main/scala/mapreduce/mapreduceapp.scala. Using presentation compiler with project's scala-library version: 3.3.5
2025.04.20 22:54:58 INFO  no build target found for /Users/pablomujica/school/assignment-2-ds2/akka-scala-mr/src/main/scala/mapreduce/mapreduceapp.scala. Using presentation compiler with project's scala-library version: 3.3.5
2025.04.20 22:54:58 INFO  no build target found for /Users/pablomujica/school/assignment-2-ds2/akka-scala-mr/src/main/scala/mapreduce/mapreduceapp.scala. Using presentation compiler with project's scala-library version: 3.3.5
2025.04.20 22:54:58 INFO  no build target found for /Users/pablomujica/school/assignment-2-ds2/akka-scala-mr/src/main/scala/mapreduce/mapreduceapp.scala. Using presentation compiler with project's scala-library version: 3.3.5
2025.04.20 22:54:59 INFO  no build target found for /Users/pablomujica/school/assignment-2-ds2/akka-scala-mr/src/main/scala/mapreduce/mapreduceapp.scala. Using presentation compiler with project's scala-library version: 3.3.5
2025.04.20 22:54:59 INFO  no build target found for /Users/pablomujica/school/assignment-2-ds2/akka-scala-mr/src/main/scala/mapreduce/mapreduceapp.scala. Using presentation compiler with project's scala-library version: 3.3.5
2025.04.20 22:54:59 INFO  no build target found for /Users/pablomujica/school/assignment-2-ds2/akka-scala-mr/src/main/scala/mapreduce/mapreduceapp.scala. Using presentation compiler with project's scala-library version: 3.3.5
2025.04.20 22:55:00 INFO  no build target found for /Users/pablomujica/school/assignment-2-ds2/akka-scala-mr/src/main/scala/mapreduce/mapreduceapp.scala. Using presentation compiler with project's scala-library version: 3.3.5
2025.04.20 22:55:00 INFO  no build target found for /Users/pablomujica/school/assignment-2-ds2/akka-scala-mr/src/main/scala/mapreduce/mapreduceapp.scala. Using presentation compiler with project's scala-library version: 3.3.5
2025.04.20 22:55:01 INFO  no build target found for /Users/pablomujica/school/assignment-2-ds2/akka-scala-mr/src/main/scala/mapreduce/mapreduceapp.scala. Using presentation compiler with project's scala-library version: 3.3.5
2025.04.20 22:55:07 INFO  no build target found for /Users/pablomujica/school/assignment-2-ds2/akka-scala-mr/src/main/scala/mapreduce/mapreduceapp.scala. Using presentation compiler with project's scala-library version: 3.3.5
2025.04.20 22:55:07 INFO  no build target found for /Users/pablomujica/school/assignment-2-ds2/akka-scala-mr/src/main/scala/mapreduce/mapreduceapp.scala. Using presentation compiler with project's scala-library version: 3.3.5
2025.04.20 22:55:07 INFO  no build target found for /Users/pablomujica/school/assignment-2-ds2/akka-scala-mr/src/main/scala/mapreduce/mapreduceapp.scala. Using presentation compiler with project's scala-library version: 3.3.5
2025.04.20 22:55:07 INFO  no build target found for /Users/pablomujica/school/assignment-2-ds2/akka-scala-mr/src/main/scala/mapreduce/mapreduceapp.scala. Using presentation compiler with project's scala-library version: 3.3.5
2025.04.20 22:55:07 INFO  no build target found for /Users/pablomujica/school/assignment-2-ds2/akka-scala-mr/src/main/scala/mapreduce/mapreduceapp.scala. Using presentation compiler with project's scala-library version: 3.3.5
2025.04.20 22:55:07 INFO  no build target found for /Users/pablomujica/school/assignment-2-ds2/akka-scala-mr/src/main/scala/mapreduce/mapreduceapp.scala. Using presentation compiler with project's scala-library version: 3.3.5
2025.04.20 22:55:07 INFO  no build target found for /Users/pablomujica/school/assignment-2-ds2/akka-scala-mr/src/main/scala/mapreduce/mapreduceapp.scala. Using presentation compiler with project's scala-library version: 3.3.5
2025.04.20 22:55:08 INFO  no build target found for /Users/pablomujica/school/assignment-2-ds2/akka-scala-mr/src/main/scala/mapreduce/mapreduceapp.scala. Using presentation compiler with project's scala-library version: 3.3.5
2025.04.20 22:55:09 INFO  no build target found for /Users/pablomujica/school/assignment-2-ds2/akka-scala-mr/src/main/scala/mapreduce/mapreduceapp.scala. Using presentation compiler with project's scala-library version: 3.3.5
2025.04.20 22:55:09 INFO  no build target found for /Users/pablomujica/school/assignment-2-ds2/akka-scala-mr/src/main/scala/mapreduce/mapreduceapp.scala. Using presentation compiler with project's scala-library version: 3.3.5
2025.04.20 22:55:09 INFO  no build target found for /Users/pablomujica/school/assignment-2-ds2/akka-scala-mr/src/main/scala/mapreduce/mapreduceapp.scala. Using presentation compiler with project's scala-library version: 3.3.5
2025.04.20 22:55:11 INFO  no build target found for /Users/pablomujica/school/assignment-2-ds2/akka-scala-mr/src/main/scala/mapreduce/mapreduceapp.scala. Using presentation compiler with project's scala-library version: 3.3.5
2025.04.20 22:55:11 INFO  no build target found for /Users/pablomujica/school/assignment-2-ds2/akka-scala-mr/src/main/scala/mapreduce/mapreduceapp.scala. Using presentation compiler with project's scala-library version: 3.3.5
2025.04.20 22:55:11 INFO  no build target found for /Users/pablomujica/school/assignment-2-ds2/akka-scala-mr/src/main/scala/mapreduce/mapreduceapp.scala. Using presentation compiler with project's scala-library version: 3.3.5
2025.04.20 22:55:11 INFO  no build target found for /Users/pablomujica/school/assignment-2-ds2/akka-scala-mr/src/main/scala/mapreduce/mapreduceapp.scala. Using presentation compiler with project's scala-library version: 3.3.5
2025.04.20 22:55:12 INFO  no build target found for /Users/pablomujica/school/assignment-2-ds2/akka-scala-mr/src/main/scala/mapreduce/mapreduceapp.scala. Using presentation compiler with project's scala-library version: 3.3.5
2025.04.20 22:55:12 INFO  no build target found for /Users/pablomujica/school/assignment-2-ds2/akka-scala-mr/src/main/scala/mapreduce/mapreduceapp.scala. Using presentation compiler with project's scala-library version: 3.3.5
2025.04.20 22:55:12 INFO  no build target found for /Users/pablomujica/school/assignment-2-ds2/akka-scala-mr/src/main/scala/mapreduce/mapreduceapp.scala. Using presentation compiler with project's scala-library version: 3.3.5
2025.04.20 22:55:12 INFO  no build target found for /Users/pablomujica/school/assignment-2-ds2/akka-scala-mr/src/main/scala/mapreduce/mapreduceapp.scala. Using presentation compiler with project's scala-library version: 3.3.5
2025.04.20 22:55:12 INFO  no build target found for /Users/pablomujica/school/assignment-2-ds2/akka-scala-mr/src/main/scala/mapreduce/mapreduceapp.scala. Using presentation compiler with project's scala-library version: 3.3.5
2025.04.20 22:55:12 INFO  no build target found for /Users/pablomujica/school/assignment-2-ds2/akka-scala-mr/src/main/scala/mapreduce/mapreduceapp.scala. Using presentation compiler with project's scala-library version: 3.3.5
2025.04.20 22:55:12 INFO  no build target found for /Users/pablomujica/school/assignment-2-ds2/akka-scala-mr/src/main/scala/mapreduce/mapreduceapp.scala. Using presentation compiler with project's scala-library version: 3.3.5
2025.04.20 22:55:11 INFO  no build target found for /Users/pablomujica/school/assignment-2-ds2/akka-scala-mr/src/main/scala/mapreduce/mapreduceapp.scala. Using presentation compiler with project's scala-library version: 3.3.5
2025.04.20 22:55:12 INFO  no build target found for /Users/pablomujica/school/assignment-2-ds2/akka-scala-mr/src/main/scala/mapreduce/mapreduceapp.scala. Using presentation compiler with project's scala-library version: 3.3.5
2025.04.20 22:55:12 INFO  no build target found for /Users/pablomujica/school/assignment-2-ds2/akka-scala-mr/src/main/scala/mapreduce/mapreduceapp.scala. Using presentation compiler with project's scala-library version: 3.3.5
2025.04.20 22:55:13 INFO  no build target found for /Users/pablomujica/school/assignment-2-ds2/akka-scala-mr/src/main/scala/mapreduce/mapreduceapp.scala. Using presentation compiler with project's scala-library version: 3.3.5
2025.04.20 22:55:13 INFO  no build target found for /Users/pablomujica/school/assignment-2-ds2/akka-scala-mr/src/main/scala/mapreduce/mapreduceapp.scala. Using presentation compiler with project's scala-library version: 3.3.5
2025.04.20 22:55:13 INFO  no build target found for /Users/pablomujica/school/assignment-2-ds2/akka-scala-mr/src/main/scala/mapreduce/mapreduceapp.scala. Using presentation compiler with project's scala-library version: 3.3.5
2025.04.20 22:55:13 INFO  no build target found for /Users/pablomujica/school/assignment-2-ds2/akka-scala-mr/src/main/scala/mapreduce/mapreduceapp.scala. Using presentation compiler with project's scala-library version: 3.3.5
2025.04.20 22:55:14 INFO  no build target found for /Users/pablomujica/school/assignment-2-ds2/akka-scala-mr/src/main/scala/mapreduce/mapreduceapp.scala. Using presentation compiler with project's scala-library version: 3.3.5
2025.04.20 22:55:14 INFO  no build target found for /Users/pablomujica/school/assignment-2-ds2/akka-scala-mr/src/main/scala/mapreduce/mapreduceapp.scala. Using presentation compiler with project's scala-library version: 3.3.5
2025.04.20 22:55:14 INFO  no build target found for /Users/pablomujica/school/assignment-2-ds2/akka-scala-mr/src/main/scala/mapreduce/mapreduceapp.scala. Using presentation compiler with project's scala-library version: 3.3.5
2025.04.20 22:55:14 INFO  no build target found for /Users/pablomujica/school/assignment-2-ds2/akka-scala-mr/src/main/scala/mapreduce/mapreduceapp.scala. Using presentation compiler with project's scala-library version: 3.3.5
2025.04.20 22:55:14 INFO  no build target found for /Users/pablomujica/school/assignment-2-ds2/akka-scala-mr/src/main/scala/mapreduce/mapreduceapp.scala. Using presentation compiler with project's scala-library version: 3.3.5
2025.04.20 22:55:14 INFO  no build target found for /Users/pablomujica/school/assignment-2-ds2/akka-scala-mr/src/main/scala/mapreduce/mapreduceapp.scala. Using presentation compiler with project's scala-library version: 3.3.5
2025.04.20 22:55:14 INFO  no build target found for /Users/pablomujica/school/assignment-2-ds2/akka-scala-mr/src/main/scala/mapreduce/mapreduceapp.scala. Using presentation compiler with project's scala-library version: 3.3.5
2025.04.20 22:55:14 INFO  no build target found for /Users/pablomujica/school/assignment-2-ds2/akka-scala-mr/src/main/scala/mapreduce/mapreduceapp.scala. Using presentation compiler with project's scala-library version: 3.3.5
2025.04.20 22:55:14 INFO  no build target found for /Users/pablomujica/school/assignment-2-ds2/akka-scala-mr/src/main/scala/mapreduce/mapreduceapp.scala. Using presentation compiler with project's scala-library version: 3.3.5
2025.04.20 22:55:14 INFO  no build target found for /Users/pablomujica/school/assignment-2-ds2/akka-scala-mr/src/main/scala/mapreduce/mapreduceapp.scala. Using presentation compiler with project's scala-library version: 3.3.5
2025.04.20 22:55:17 INFO  no build target found for /Users/pablomujica/school/assignment-2-ds2/akka-scala-mr/src/main/scala/mapreduce/mapreduceapp.scala. Using presentation compiler with project's scala-library version: 3.3.5
2025.04.20 22:55:17 INFO  no build target found for /Users/pablomujica/school/assignment-2-ds2/akka-scala-mr/src/main/scala/mapreduce/mapreduceapp.scala. Using presentation compiler with project's scala-library version: 3.3.5
2025.04.20 22:55:17 INFO  no build target found for /Users/pablomujica/school/assignment-2-ds2/akka-scala-mr/src/main/scala/mapreduce/mapreduceapp.scala. Using presentation compiler with project's scala-library version: 3.3.5
2025.04.20 22:55:17 INFO  no build target found for /Users/pablomujica/school/assignment-2-ds2/akka-scala-mr/src/main/scala/mapreduce/mapreduceapp.scala. Using presentation compiler with project's scala-library version: 3.3.5
2025.04.20 22:55:18 INFO  no build target found for /Users/pablomujica/school/assignment-2-ds2/akka-scala-mr/src/main/scala/mapreduce/mapreduceapp.scala. Using presentation compiler with project's scala-library version: 3.3.5
2025.04.20 22:55:17 INFO  no build target found for /Users/pablomujica/school/assignment-2-ds2/akka-scala-mr/src/main/scala/mapreduce/mapreduceapp.scala. Using presentation compiler with project's scala-library version: 3.3.5
2025.04.20 22:55:18 INFO  no build target found for /Users/pablomujica/school/assignment-2-ds2/akka-scala-mr/src/main/scala/mapreduce/mapreduceapp.scala. Using presentation compiler with project's scala-library version: 3.3.5
2025.04.20 22:55:18 INFO  no build target found for /Users/pablomujica/school/assignment-2-ds2/akka-scala-mr/src/main/scala/mapreduce/mapreduceapp.scala. Using presentation compiler with project's scala-library version: 3.3.5
2025.04.20 22:55:18 INFO  no build target found for /Users/pablomujica/school/assignment-2-ds2/akka-scala-mr/src/main/scala/mapreduce/mapreduceapp.scala. Using presentation compiler with project's scala-library version: 3.3.5
2025.04.20 22:55:19 INFO  no build target found for /Users/pablomujica/school/assignment-2-ds2/akka-scala-mr/src/main/scala/mapreduce/mapreduceapp.scala. Using presentation compiler with project's scala-library version: 3.3.5
2025.04.20 22:55:18 INFO  no build target found for /Users/pablomujica/school/assignment-2-ds2/akka-scala-mr/src/main/scala/mapreduce/mapreduceapp.scala. Using presentation compiler with project's scala-library version: 3.3.5
2025.04.20 22:55:18 INFO  no build target found for /Users/pablomujica/school/assignment-2-ds2/akka-scala-mr/src/main/scala/mapreduce/mapreduceapp.scala. Using presentation compiler with project's scala-library version: 3.3.5
2025.04.20 22:55:20 INFO  no build target found for /Users/pablomujica/school/assignment-2-ds2/akka-scala-mr/src/main/scala/mapreduce/mapreduceapp.scala. Using presentation compiler with project's scala-library version: 3.3.5
2025.04.20 22:55:20 INFO  no build target found for /Users/pablomujica/school/assignment-2-ds2/akka-scala-mr/src/main/scala/mapreduce/mapreduceapp.scala. Using presentation compiler with project's scala-library version: 3.3.5
2025.04.20 22:55:20 WARN  no build target for: /Users/pablomujica/school/assignment-2-ds2/akka-scala-mr/src/main/scala/mapreduce/mapreduceapp.scala
2025.04.20 22:55:20 INFO  no build target found for /Users/pablomujica/school/assignment-2-ds2/akka-scala-mr/src/main/scala/mapreduce/mapreduceapp.scala. Using presentation compiler with project's scala-library version: 3.3.5
2025.04.20 22:55:21 INFO  no build target found for /Users/pablomujica/school/assignment-2-ds2/akka-scala-mr/src/main/scala/mapreduce/mapreduceapp.scala. Using presentation compiler with project's scala-library version: 3.3.5
2025.04.20 22:55:22 INFO  no build target found for /Users/pablomujica/school/assignment-2-ds2/akka-scala-mr/src/main/scala/mapreduce/mapreduceapp.scala. Using presentation compiler with project's scala-library version: 3.3.5
2025.04.20 22:55:23 INFO  no build target found for /Users/pablomujica/school/assignment-2-ds2/akka-scala-mr/src/main/scala/mapreduce/mapreduceapp.scala. Using presentation compiler with project's scala-library version: 3.3.5
2025.04.20 22:55:23 INFO  no build target found for /Users/pablomujica/school/assignment-2-ds2/akka-scala-mr/src/main/scala/mapreduce/mapreduceapp.scala. Using presentation compiler with project's scala-library version: 3.3.5
2025.04.20 22:55:23 INFO  no build target found for /Users/pablomujica/school/assignment-2-ds2/akka-scala-mr/src/main/scala/mapreduce/mapreduceapp.scala. Using presentation compiler with project's scala-library version: 3.3.5
2025.04.20 22:55:23 INFO  no build target found for /Users/pablomujica/school/assignment-2-ds2/akka-scala-mr/src/main/scala/mapreduce/mapreduceapp.scala. Using presentation compiler with project's scala-library version: 3.3.5
2025.04.20 22:55:25 INFO  no build target found for /Users/pablomujica/school/assignment-2-ds2/akka-scala-mr/src/main/scala/mapreduce/mapreduceapp.scala. Using presentation compiler with project's scala-library version: 3.3.5
2025.04.20 22:55:25 INFO  no build target found for /Users/pablomujica/school/assignment-2-ds2/akka-scala-mr/src/main/scala/mapreduce/mapreduceapp.scala. Using presentation compiler with project's scala-library version: 3.3.5
2025.04.20 22:55:25 INFO  no build target found for /Users/pablomujica/school/assignment-2-ds2/akka-scala-mr/src/main/scala/mapreduce/mapreduceapp.scala. Using presentation compiler with project's scala-library version: 3.3.5
2025.04.20 22:55:25 INFO  no build target found for /Users/pablomujica/school/assignment-2-ds2/akka-scala-mr/src/main/scala/mapreduce/mapreduceapp.scala. Using presentation compiler with project's scala-library version: 3.3.5
2025.04.20 22:55:25 INFO  no build target found for /Users/pablomujica/school/assignment-2-ds2/akka-scala-mr/src/main/scala/mapreduce/mapreduceapp.scala. Using presentation compiler with project's scala-library version: 3.3.5
2025.04.20 22:55:26 INFO  no build target found for /Users/pablomujica/school/assignment-2-ds2/akka-scala-mr/src/main/scala/mapreduce/mapreduceapp.scala. Using presentation compiler with project's scala-library version: 3.3.5
2025.04.20 22:55:26 INFO  no build target found for /Users/pablomujica/school/assignment-2-ds2/akka-scala-mr/src/main/scala/mapreduce/mapreduceapp.scala. Using presentation compiler with project's scala-library version: 3.3.5
2025.04.20 22:55:26 INFO  no build target found for /Users/pablomujica/school/assignment-2-ds2/akka-scala-mr/src/main/scala/mapreduce/mapreduceapp.scala. Using presentation compiler with project's scala-library version: 3.3.5
2025.04.20 22:55:26 INFO  no build target found for /Users/pablomujica/school/assignment-2-ds2/akka-scala-mr/src/main/scala/mapreduce/mapreduceapp.scala. Using presentation compiler with project's scala-library version: 3.3.5
2025.04.20 22:55:26 INFO  no build target found for /Users/pablomujica/school/assignment-2-ds2/akka-scala-mr/src/main/scala/mapreduce/mapreduceapp.scala. Using presentation compiler with project's scala-library version: 3.3.5
2025.04.20 22:55:26 WARN  no build target for: /Users/pablomujica/school/assignment-2-ds2/akka-scala-mr/src/main/scala/mapreduce/mapreduceapp.scala
2025.04.20 22:55:26 INFO  no build target found for /Users/pablomujica/school/assignment-2-ds2/akka-scala-mr/src/main/scala/mapreduce/mapreduceapp.scala. Using presentation compiler with project's scala-library version: 3.3.5
2025.04.20 22:55:26 INFO  no build target found for /Users/pablomujica/school/assignment-2-ds2/akka-scala-mr/src/main/scala/mapreduce/mapreduceapp.scala. Using presentation compiler with project's scala-library version: 3.3.5
2025.04.20 22:55:33 INFO  no build target found for /Users/pablomujica/school/assignment-2-ds2/akka-scala-mr/src/main/scala/mapreduce/mapreduceapp.scala. Using presentation compiler with project's scala-library version: 3.3.5
2025.04.20 22:55:33 INFO  no build target found for /Users/pablomujica/school/assignment-2-ds2/akka-scala-mr/src/main/scala/mapreduce/mapreduceapp.scala. Using presentation compiler with project's scala-library version: 3.3.5
2025.04.20 22:55:34 INFO  no build target found for /Users/pablomujica/school/assignment-2-ds2/akka-scala-mr/src/main/scala/mapreduce/mapreduceapp.scala. Using presentation compiler with project's scala-library version: 3.3.5
2025.04.20 22:55:34 INFO  no build target found for /Users/pablomujica/school/assignment-2-ds2/akka-scala-mr/src/main/scala/mapreduce/mapreduceapp.scala. Using presentation compiler with project's scala-library version: 3.3.5
2025.04.20 22:55:34 INFO  no build target found for /Users/pablomujica/school/assignment-2-ds2/akka-scala-mr/src/main/scala/mapreduce/mapreduceapp.scala. Using presentation compiler with project's scala-library version: 3.3.5
2025.04.20 22:55:34 INFO  no build target found for /Users/pablomujica/school/assignment-2-ds2/akka-scala-mr/src/main/scala/mapreduce/mapreduceapp.scala. Using presentation compiler with project's scala-library version: 3.3.5
2025.04.20 22:55:34 INFO  no build target found for /Users/pablomujica/school/assignment-2-ds2/akka-scala-mr/src/main/scala/mapreduce/mapreduceapp.scala. Using presentation compiler with project's scala-library version: 3.3.5
2025.04.20 22:55:34 INFO  no build target found for /Users/pablomujica/school/assignment-2-ds2/akka-scala-mr/src/main/scala/mapreduce/mapreduceapp.scala. Using presentation compiler with project's scala-library version: 3.3.5
2025.04.20 22:55:40 INFO  no build target found for /Users/pablomujica/school/assignment-2-ds2/akka-scala-mr/src/main/scala/mapreduce/mapreduceapp.scala. Using presentation compiler with project's scala-library version: 3.3.5
2025.04.20 22:55:40 INFO  no build target found for /Users/pablomujica/school/assignment-2-ds2/akka-scala-mr/src/main/scala/mapreduce/mapreduceapp.scala. Using presentation compiler with project's scala-library version: 3.3.5
2025.04.20 22:55:41 INFO  no build target found for /Users/pablomujica/school/assignment-2-ds2/akka-scala-mr/src/main/scala/mapreduce/mapreduceapp.scala. Using presentation compiler with project's scala-library version: 3.3.5
2025.04.20 22:55:41 INFO  no build target found for /Users/pablomujica/school/assignment-2-ds2/akka-scala-mr/src/main/scala/mapreduce/mapreduceapp.scala. Using presentation compiler with project's scala-library version: 3.3.5
2025.04.20 22:55:41 INFO  no build target found for /Users/pablomujica/school/assignment-2-ds2/akka-scala-mr/src/main/scala/mapreduce/mapreduceapp.scala. Using presentation compiler with project's scala-library version: 3.3.5
2025.04.20 22:55:41 INFO  no build target found for /Users/pablomujica/school/assignment-2-ds2/akka-scala-mr/src/main/scala/mapreduce/mapreduceapp.scala. Using presentation compiler with project's scala-library version: 3.3.5
2025.04.20 22:55:41 INFO  no build target found for /Users/pablomujica/school/assignment-2-ds2/akka-scala-mr/src/main/scala/mapreduce/mapreduceapp.scala. Using presentation compiler with project's scala-library version: 3.3.5
2025.04.20 22:55:41 INFO  no build target found for /Users/pablomujica/school/assignment-2-ds2/akka-scala-mr/src/main/scala/mapreduce/mapreduceapp.scala. Using presentation compiler with project's scala-library version: 3.3.5
2025.04.20 22:55:42 INFO  no build target found for /Users/pablomujica/school/assignment-2-ds2/akka-scala-mr/src/main/scala/mapreduce/mapreduceapp.scala. Using presentation compiler with project's scala-library version: 3.3.5
2025.04.20 22:55:42 INFO  no build target found for /Users/pablomujica/school/assignment-2-ds2/akka-scala-mr/src/main/scala/mapreduce/mapreduceapp.scala. Using presentation compiler with project's scala-library version: 3.3.5
2025.04.20 22:55:42 INFO  no build target found for /Users/pablomujica/school/assignment-2-ds2/akka-scala-mr/src/main/scala/mapreduce/mapreduceapp.scala. Using presentation compiler with project's scala-library version: 3.3.5
2025.04.20 22:55:42 INFO  no build target found for /Users/pablomujica/school/assignment-2-ds2/akka-scala-mr/src/main/scala/mapreduce/mapreduceapp.scala. Using presentation compiler with project's scala-library version: 3.3.5
2025.04.20 22:55:42 WARN  no build target for: /Users/pablomujica/school/assignment-2-ds2/akka-scala-mr/src/main/scala/mapreduce/mapreduceapp.scala
2025.04.20 22:55:42 INFO  no build target found for /Users/pablomujica/school/assignment-2-ds2/akka-scala-mr/src/main/scala/mapreduce/mapreduceapp.scala. Using presentation compiler with project's scala-library version: 3.3.5
2025.04.20 22:55:50 INFO  no build target found for /Users/pablomujica/school/assignment-2-ds2/akka-scala-mr/src/main/scala/mapreduce/mapreduceapp.scala. Using presentation compiler with project's scala-library version: 3.3.5
2025.04.20 22:55:50 INFO  no build target found for /Users/pablomujica/school/assignment-2-ds2/akka-scala-mr/src/main/scala/mapreduce/mapreduceapp.scala. Using presentation compiler with project's scala-library version: 3.3.5
2025.04.20 22:55:50 INFO  no build target found for /Users/pablomujica/school/assignment-2-ds2/akka-scala-mr/src/main/scala/mapreduce/mapreduceapp.scala. Using presentation compiler with project's scala-library version: 3.3.5
2025.04.20 22:55:50 INFO  no build target found for /Users/pablomujica/school/assignment-2-ds2/akka-scala-mr/src/main/scala/mapreduce/mapreduceapp.scala. Using presentation compiler with project's scala-library version: 3.3.5
2025.04.20 22:55:52 INFO  no build target found for /Users/pablomujica/school/assignment-2-ds2/akka-scala-mr/src/main/scala/mapreduce/mapreduceapp.scala. Using presentation compiler with project's scala-library version: 3.3.5
2025.04.20 22:55:52 INFO  no build target found for /Users/pablomujica/school/assignment-2-ds2/akka-scala-mr/src/main/scala/mapreduce/mapreduceapp.scala. Using presentation compiler with project's scala-library version: 3.3.5
2025.04.20 22:55:52 INFO  no build target found for /Users/pablomujica/school/assignment-2-ds2/akka-scala-mr/src/main/scala/mapreduce/mapreduceapp.scala. Using presentation compiler with project's scala-library version: 3.3.5
2025.04.20 22:55:52 INFO  no build target found for /Users/pablomujica/school/assignment-2-ds2/akka-scala-mr/src/main/scala/mapreduce/mapreduceapp.scala. Using presentation compiler with project's scala-library version: 3.3.5
2025.04.20 22:55:53 INFO  no build target found for /Users/pablomujica/school/assignment-2-ds2/akka-scala-mr/src/main/scala/mapreduce/mapreduceapp.scala. Using presentation compiler with project's scala-library version: 3.3.5
2025.04.20 22:55:53 INFO  no build target found for /Users/pablomujica/school/assignment-2-ds2/akka-scala-mr/src/main/scala/mapreduce/mapreduceapp.scala. Using presentation compiler with project's scala-library version: 3.3.5
2025.04.20 22:55:54 INFO  no build target found for /Users/pablomujica/school/assignment-2-ds2/akka-scala-mr/src/main/scala/mapreduce/mapreduceapp.scala. Using presentation compiler with project's scala-library version: 3.3.5
2025.04.20 22:55:54 INFO  no build target found for /Users/pablomujica/school/assignment-2-ds2/akka-scala-mr/src/main/scala/mapreduce/mapreduceapp.scala. Using presentation compiler with project's scala-library version: 3.3.5
2025.04.20 22:55:54 INFO  no build target found for /Users/pablomujica/school/assignment-2-ds2/akka-scala-mr/src/main/scala/mapreduce/mapreduceapp.scala. Using presentation compiler with project's scala-library version: 3.3.5
2025.04.20 22:55:54 INFO  no build target found for /Users/pablomujica/school/assignment-2-ds2/akka-scala-mr/src/main/scala/mapreduce/mapreduceapp.scala. Using presentation compiler with project's scala-library version: 3.3.5
2025.04.20 22:55:55 INFO  no build target found for /Users/pablomujica/school/assignment-2-ds2/akka-scala-mr/src/main/scala/mapreduce/mapreduceapp.scala. Using presentation compiler with project's scala-library version: 3.3.5
2025.04.20 22:55:54 INFO  no build target found for /Users/pablomujica/school/assignment-2-ds2/akka-scala-mr/src/main/scala/mapreduce/mapreduceapp.scala. Using presentation compiler with project's scala-library version: 3.3.5
2025.04.20 22:55:54 INFO  no build target found for /Users/pablomujica/school/assignment-2-ds2/akka-scala-mr/src/main/scala/mapreduce/mapreduceapp.scala. Using presentation compiler with project's scala-library version: 3.3.5
2025.04.20 22:55:55 INFO  no build target found for /Users/pablomujica/school/assignment-2-ds2/akka-scala-mr/src/main/scala/mapreduce/mapreduceapp.scala. Using presentation compiler with project's scala-library version: 3.3.5
2025.04.20 22:55:56 INFO  no build target found for /Users/pablomujica/school/assignment-2-ds2/akka-scala-mr/src/main/scala/mapreduce/mapreduceapp.scala. Using presentation compiler with project's scala-library version: 3.3.5
2025.04.20 22:55:56 INFO  no build target found for /Users/pablomujica/school/assignment-2-ds2/akka-scala-mr/src/main/scala/mapreduce/mapreduceapp.scala. Using presentation compiler with project's scala-library version: 3.3.5
2025.04.20 22:55:56 INFO  no build target found for /Users/pablomujica/school/assignment-2-ds2/akka-scala-mr/src/main/scala/mapreduce/mapreduceapp.scala. Using presentation compiler with project's scala-library version: 3.3.5
2025.04.20 22:55:57 INFO  no build target found for /Users/pablomujica/school/assignment-2-ds2/akka-scala-mr/src/main/scala/mapreduce/mapreduceapp.scala. Using presentation compiler with project's scala-library version: 3.3.5
2025.04.20 22:55:57 INFO  no build target found for /Users/pablomujica/school/assignment-2-ds2/akka-scala-mr/src/main/scala/mapreduce/mapreduceapp.scala. Using presentation compiler with project's scala-library version: 3.3.5
2025.04.20 22:55:57 INFO  no build target found for /Users/pablomujica/school/assignment-2-ds2/akka-scala-mr/src/main/scala/mapreduce/mapreduceapp.scala. Using presentation compiler with project's scala-library version: 3.3.5
2025.04.20 22:55:57 INFO  no build target found for /Users/pablomujica/school/assignment-2-ds2/akka-scala-mr/src/main/scala/mapreduce/mapreduceapp.scala. Using presentation compiler with project's scala-library version: 3.3.5
2025.04.20 22:55:57 INFO  no build target found for /Users/pablomujica/school/assignment-2-ds2/akka-scala-mr/src/main/scala/mapreduce/mapreduceapp.scala. Using presentation compiler with project's scala-library version: 3.3.5
2025.04.20 22:55:57 INFO  no build target found for /Users/pablomujica/school/assignment-2-ds2/akka-scala-mr/src/main/scala/mapreduce/mapreduceapp.scala. Using presentation compiler with project's scala-library version: 3.3.5
2025.04.20 22:55:59 INFO  no build target found for /Users/pablomujica/school/assignment-2-ds2/akka-scala-mr/src/main/scala/mapreduce/mapreduceapp.scala. Using presentation compiler with project's scala-library version: 3.3.5
2025.04.20 22:55:59 INFO  no build target found for /Users/pablomujica/school/assignment-2-ds2/akka-scala-mr/src/main/scala/mapreduce/mapreduceapp.scala. Using presentation compiler with project's scala-library version: 3.3.5
2025.04.20 22:55:59 INFO  no build target found for /Users/pablomujica/school/assignment-2-ds2/akka-scala-mr/src/main/scala/mapreduce/mapreduceapp.scala. Using presentation compiler with project's scala-library version: 3.3.5
2025.04.20 22:56:00 INFO  no build target found for /Users/pablomujica/school/assignment-2-ds2/akka-scala-mr/src/main/scala/mapreduce/mapreduceapp.scala. Using presentation compiler with project's scala-library version: 3.3.5
2025.04.20 22:56:00 INFO  no build target found for /Users/pablomujica/school/assignment-2-ds2/akka-scala-mr/src/main/scala/mapreduce/mapreduceapp.scala. Using presentation compiler with project's scala-library version: 3.3.5
2025.04.20 22:56:00 INFO  no build target found for /Users/pablomujica/school/assignment-2-ds2/akka-scala-mr/src/main/scala/mapreduce/mapreduceapp.scala. Using presentation compiler with project's scala-library version: 3.3.5
2025.04.20 22:56:00 INFO  no build target found for /Users/pablomujica/school/assignment-2-ds2/akka-scala-mr/src/main/scala/mapreduce/mapreduceapp.scala. Using presentation compiler with project's scala-library version: 3.3.5
2025.04.20 22:56:00 INFO  no build target found for /Users/pablomujica/school/assignment-2-ds2/akka-scala-mr/src/main/scala/mapreduce/mapreduceapp.scala. Using presentation compiler with project's scala-library version: 3.3.5
2025.04.20 22:56:00 INFO  no build target found for /Users/pablomujica/school/assignment-2-ds2/akka-scala-mr/src/main/scala/mapreduce/mapreduceapp.scala. Using presentation compiler with project's scala-library version: 3.3.5
2025.04.20 22:56:00 INFO  no build target found for /Users/pablomujica/school/assignment-2-ds2/akka-scala-mr/src/main/scala/mapreduce/mapreduceapp.scala. Using presentation compiler with project's scala-library version: 3.3.5
2025.04.20 22:56:01 INFO  no build target found for /Users/pablomujica/school/assignment-2-ds2/akka-scala-mr/src/main/scala/mapreduce/mapreduceapp.scala. Using presentation compiler with project's scala-library version: 3.3.5
2025.04.20 22:56:01 INFO  no build target found for /Users/pablomujica/school/assignment-2-ds2/akka-scala-mr/src/main/scala/mapreduce/mapreduceapp.scala. Using presentation compiler with project's scala-library version: 3.3.5
2025.04.20 22:56:01 INFO  no build target found for /Users/pablomujica/school/assignment-2-ds2/akka-scala-mr/src/main/scala/mapreduce/mapreduceapp.scala. Using presentation compiler with project's scala-library version: 3.3.5
2025.04.20 22:56:02 INFO  no build target found for /Users/pablomujica/school/assignment-2-ds2/akka-scala-mr/src/main/scala/mapreduce/mapreduceapp.scala. Using presentation compiler with project's scala-library version: 3.3.5
2025.04.20 22:56:01 INFO  no build target found for /Users/pablomujica/school/assignment-2-ds2/akka-scala-mr/src/main/scala/mapreduce/mapreduceapp.scala. Using presentation compiler with project's scala-library version: 3.3.5
2025.04.20 22:56:01 INFO  no build target found for /Users/pablomujica/school/assignment-2-ds2/akka-scala-mr/src/main/scala/mapreduce/mapreduceapp.scala. Using presentation compiler with project's scala-library version: 3.3.5
2025.04.20 22:56:02 INFO  no build target found for /Users/pablomujica/school/assignment-2-ds2/akka-scala-mr/src/main/scala/mapreduce/mapreduceapp.scala. Using presentation compiler with project's scala-library version: 3.3.5
2025.04.20 22:56:02 INFO  no build target found for /Users/pablomujica/school/assignment-2-ds2/akka-scala-mr/src/main/scala/mapreduce/mapreduceapp.scala. Using presentation compiler with project's scala-library version: 3.3.5
2025.04.20 22:56:02 INFO  no build target found for /Users/pablomujica/school/assignment-2-ds2/akka-scala-mr/src/main/scala/mapreduce/mapreduceapp.scala. Using presentation compiler with project's scala-library version: 3.3.5
2025.04.20 22:56:02 INFO  no build target found for /Users/pablomujica/school/assignment-2-ds2/akka-scala-mr/src/main/scala/mapreduce/mapreduceapp.scala. Using presentation compiler with project's scala-library version: 3.3.5
2025.04.20 22:56:02 INFO  no build target found for /Users/pablomujica/school/assignment-2-ds2/akka-scala-mr/src/main/scala/mapreduce/mapreduceapp.scala. Using presentation compiler with project's scala-library version: 3.3.5
2025.04.20 22:56:02 INFO  no build target found for /Users/pablomujica/school/assignment-2-ds2/akka-scala-mr/src/main/scala/mapreduce/mapreduceapp.scala. Using presentation compiler with project's scala-library version: 3.3.5
2025.04.20 22:56:03 INFO  no build target found for /Users/pablomujica/school/assignment-2-ds2/akka-scala-mr/src/main/scala/mapreduce/mapreduceapp.scala. Using presentation compiler with project's scala-library version: 3.3.5
2025.04.20 22:56:04 INFO  no build target found for /Users/pablomujica/school/assignment-2-ds2/akka-scala-mr/src/main/scala/mapreduce/mapreduceapp.scala. Using presentation compiler with project's scala-library version: 3.3.5
2025.04.20 22:56:04 INFO  no build target found for /Users/pablomujica/school/assignment-2-ds2/akka-scala-mr/src/main/scala/mapreduce/mapreduceapp.scala. Using presentation compiler with project's scala-library version: 3.3.5
2025.04.20 22:56:04 INFO  no build target found for /Users/pablomujica/school/assignment-2-ds2/akka-scala-mr/src/main/scala/mapreduce/mapreduceapp.scala. Using presentation compiler with project's scala-library version: 3.3.5
2025.04.20 22:56:04 INFO  no build target found for /Users/pablomujica/school/assignment-2-ds2/akka-scala-mr/src/main/scala/mapreduce/mapreduceapp.scala. Using presentation compiler with project's scala-library version: 3.3.5
2025.04.20 22:56:04 INFO  no build target found for /Users/pablomujica/school/assignment-2-ds2/akka-scala-mr/src/main/scala/mapreduce/mapreduceapp.scala. Using presentation compiler with project's scala-library version: 3.3.5
2025.04.20 22:56:04 INFO  no build target found for /Users/pablomujica/school/assignment-2-ds2/akka-scala-mr/src/main/scala/mapreduce/mapreduceapp.scala. Using presentation compiler with project's scala-library version: 3.3.5
2025.04.20 22:56:05 INFO  no build target found for /Users/pablomujica/school/assignment-2-ds2/akka-scala-mr/src/main/scala/mapreduce/mapreduceapp.scala. Using presentation compiler with project's scala-library version: 3.3.5
2025.04.20 22:56:05 INFO  no build target found for /Users/pablomujica/school/assignment-2-ds2/akka-scala-mr/src/main/scala/mapreduce/mapreduceapp.scala. Using presentation compiler with project's scala-library version: 3.3.5
2025.04.20 22:56:05 INFO  no build target found for /Users/pablomujica/school/assignment-2-ds2/akka-scala-mr/src/main/scala/mapreduce/mapreduceapp.scala. Using presentation compiler with project's scala-library version: 3.3.5
2025.04.20 22:56:05 INFO  no build target found for /Users/pablomujica/school/assignment-2-ds2/akka-scala-mr/src/main/scala/mapreduce/mapreduceapp.scala. Using presentation compiler with project's scala-library version: 3.3.5
2025.04.20 22:56:05 INFO  no build target found for /Users/pablomujica/school/assignment-2-ds2/akka-scala-mr/src/main/scala/mapreduce/mapreduceapp.scala. Using presentation compiler with project's scala-library version: 3.3.5
2025.04.20 22:56:06 INFO  no build target found for /Users/pablomujica/school/assignment-2-ds2/akka-scala-mr/src/main/scala/mapreduce/mapreduceapp.scala. Using presentation compiler with project's scala-library version: 3.3.5
2025.04.20 22:56:07 INFO  no build target found for /Users/pablomujica/school/assignment-2-ds2/akka-scala-mr/src/main/scala/mapreduce/mapreduceapp.scala. Using presentation compiler with project's scala-library version: 3.3.5
2025.04.20 22:56:07 INFO  no build target found for /Users/pablomujica/school/assignment-2-ds2/akka-scala-mr/src/main/scala/mapreduce/mapreduceapp.scala. Using presentation compiler with project's scala-library version: 3.3.5
2025.04.20 22:56:08 INFO  no build target found for /Users/pablomujica/school/assignment-2-ds2/akka-scala-mr/src/main/scala/mapreduce/mapreduceapp.scala. Using presentation compiler with project's scala-library version: 3.3.5
2025.04.20 22:56:08 WARN  no build target for: /Users/pablomujica/school/assignment-2-ds2/akka-scala-mr/src/main/scala/mapreduce/mapreduceapp.scala
2025.04.20 22:56:08 INFO  no build target found for /Users/pablomujica/school/assignment-2-ds2/akka-scala-mr/src/main/scala/mapreduce/mapreduceapp.scala. Using presentation compiler with project's scala-library version: 3.3.5
2025.04.20 22:56:28 INFO  no build target found for /Users/pablomujica/school/assignment-2-ds2/akka-scala-mr/src/main/scala/mapreduce/mapreduceapp.scala. Using presentation compiler with project's scala-library version: 3.3.5
2025.04.20 22:56:28 INFO  no build target found for /Users/pablomujica/school/assignment-2-ds2/akka-scala-mr/src/main/scala/mapreduce/mapreduceapp.scala. Using presentation compiler with project's scala-library version: 3.3.5
2025.04.20 22:56:34 WARN  no build target for: /Users/pablomujica/school/assignment-2-ds2/akka-scala-mr/src/main/scala/mapreduce/mapreduceapp.scala
2025.04.20 22:56:34 INFO  no build target found for /Users/pablomujica/school/assignment-2-ds2/akka-scala-mr/src/main/scala/mapreduce/mapreduceapp.scala. Using presentation compiler with project's scala-library version: 3.3.5
2025.04.20 22:56:34 INFO  no build target found for /Users/pablomujica/school/assignment-2-ds2/akka-scala-mr/src/main/scala/mapreduce/mapreduceapp.scala. Using presentation compiler with project's scala-library version: 3.3.5
2025.04.20 22:56:34 INFO  no build target found for /Users/pablomujica/school/assignment-2-ds2/akka-scala-mr/src/main/scala/mapreduce/mapreduceapp.scala. Using presentation compiler with project's scala-library version: 3.3.5
2025.04.20 22:56:34 INFO  no build target found for /Users/pablomujica/school/assignment-2-ds2/akka-scala-mr/src/main/scala/mapreduce/mapreduceapp.scala. Using presentation compiler with project's scala-library version: 3.3.5
2025.04.20 22:56:34 INFO  no build target found for /Users/pablomujica/school/assignment-2-ds2/akka-scala-mr/src/main/scala/mapreduce/mapreduceapp.scala. Using presentation compiler with project's scala-library version: 3.3.5
Apr 20, 2025 10:56:34 PM scala.meta.internal.metals.StdReporter $anonfun$create$1
WARNING: empty definition using pc, found symbol in pc: actor. (full report at: /Users/pablomujica/school/assignment-2-ds2/.metals/.reports/metals-full/2025-04-20/r_empty-definition_22-47-52-289.md)
2025.04.20 22:56:38 WARN  no build target for: /Users/pablomujica/school/assignment-2-ds2/akka-scala-mr/src/main/scala/mapreduce/mapreduceapp.scala
2025.04.20 22:56:38 INFO  no build target found for /Users/pablomujica/school/assignment-2-ds2/akka-scala-mr/src/main/scala/mapreduce/mapreduceapp.scala. Using presentation compiler with project's scala-library version: 3.3.5
2025.04.20 22:56:38 ERROR scala.meta.internal.metals.debug.DiscoveryFailures$BuildTargetNotFoundForPathException: No build target could be found for the path: /Users/pablomujica/school/assignment-2-ds2/akka-scala-mr/src/main/scala/mapreduce/mapreduceapp.scala
	at scala.meta.internal.metals.debug.DebugDiscovery.validate(DebugDiscovery.scala:94)
	at scala.meta.internal.metals.debug.DebugDiscovery.debugDiscovery(DebugDiscovery.scala:170)
	at scala.meta.internal.metals.MetalsLspService.debugDiscovery(MetalsLspService.scala:1457)
	at scala.meta.internal.metals.WorkspaceLspService.executeCommand(WorkspaceLspService.scala:1101)
	at scala.meta.metals.lsp.DelegatingScalaService.executeCommand(DelegatingScalaService.scala:169)
	at jdk.internal.reflect.NativeMethodAccessorImpl.invoke0(Native Method)
	at jdk.internal.reflect.NativeMethodAccessorImpl.invoke(NativeMethodAccessorImpl.java:77)
	at jdk.internal.reflect.DelegatingMethodAccessorImpl.invoke(DelegatingMethodAccessorImpl.java:43)
	at java.lang.reflect.Method.invoke(Method.java:568)
	at org.eclipse.lsp4j.jsonrpc.services.GenericEndpoint.lambda$recursiveFindRpcMethods$0(GenericEndpoint.java:65)
	at org.eclipse.lsp4j.jsonrpc.services.GenericEndpoint.request(GenericEndpoint.java:128)
	at org.eclipse.lsp4j.jsonrpc.RemoteEndpoint.handleRequest(RemoteEndpoint.java:271)
	at org.eclipse.lsp4j.jsonrpc.RemoteEndpoint.consume(RemoteEndpoint.java:201)
	at org.eclipse.lsp4j.jsonrpc.json.StreamMessageProducer.handleMessage(StreamMessageProducer.java:185)
	at org.eclipse.lsp4j.jsonrpc.json.StreamMessageProducer.listen(StreamMessageProducer.java:97)
	at org.eclipse.lsp4j.jsonrpc.json.ConcurrentMessageProcessor.run(ConcurrentMessageProcessor.java:114)
	at java.util.concurrent.Executors$RunnableAdapter.call(Executors.java:539)
	at java.util.concurrent.FutureTask.run(FutureTask.java:264)
	at java.util.concurrent.ThreadPoolExecutor.runWorker(ThreadPoolExecutor.java:1136)
	at java.util.concurrent.ThreadPoolExecutor$Worker.run(ThreadPoolExecutor.java:635)
	at java.lang.Thread.run(Thread.java:842)

2025.04.20 22:56:41 INFO  no build target found for /Users/pablomujica/school/assignment-2-ds2/akka-scala-mr/src/main/scala/mapreduce/mapreduceapp.scala. Using presentation compiler with project's scala-library version: 3.3.5
2025.04.20 22:56:41 INFO  no build target found for /Users/pablomujica/school/assignment-2-ds2/akka-scala-mr/src/main/scala/mapreduce/mapreduceapp.scala. Using presentation compiler with project's scala-library version: 3.3.5
2025.04.20 23:02:48 WARN  no build target for: /Users/pablomujica/school/assignment-2-ds2/akka-scala-mr/src/main/scala/mapreduce/mapreduceapp.scala
2025.04.20 23:02:48 INFO  no build target found for /Users/pablomujica/school/assignment-2-ds2/akka-scala-mr/src/main/scala/mapreduce/mapreduceapp.scala. Using presentation compiler with project's scala-library version: 3.3.5
2025.04.20 23:02:55 INFO  no build target found for /Users/pablomujica/school/assignment-2-ds2/akka-scala-mr/src/main/scala/mapreduce/mapreduceapp.scala. Using presentation compiler with project's scala-library version: 3.3.5
2025.04.20 23:02:55 WARN  no build target for: /Users/pablomujica/school/assignment-2-ds2/akka-scala-mr/src/main/scala/mapreduce/mapreduceapp.scala
2025.04.20 23:02:55 INFO  no build target found for /Users/pablomujica/school/assignment-2-ds2/akka-scala-mr/src/main/scala/mapreduce/mapreduceapp.scala. Using presentation compiler with project's scala-library version: 3.3.5
2025.04.20 23:02:55 INFO  no build target found for /Users/pablomujica/school/assignment-2-ds2/akka-scala-mr/src/main/scala/mapreduce/mapreduceapp.scala. Using presentation compiler with project's scala-library version: 3.3.5
2025.04.20 23:02:55 INFO  no build target found for /Users/pablomujica/school/assignment-2-ds2/akka-scala-mr/src/main/scala/mapreduce/mapreduceapp.scala. Using presentation compiler with project's scala-library version: 3.3.5
2025.04.20 23:03:35 INFO  no build target found for /Users/pablomujica/school/assignment-2-ds2/akka-scala-mr/src/main/scala/mapreduce/mapreduceapp.scala. Using presentation compiler with project's scala-library version: 3.3.5
2025.04.20 23:03:35 INFO  no build target found for /Users/pablomujica/school/assignment-2-ds2/akka-scala-mr/src/main/scala/mapreduce/mapreduceapp.scala. Using presentation compiler with project's scala-library version: 3.3.5
2025.04.20 23:03:36 INFO  no build target found for /Users/pablomujica/school/assignment-2-ds2/akka-scala-mr/src/main/scala/mapreduce/mapreduceapp.scala. Using presentation compiler with project's scala-library version: 3.3.5
2025.04.20 23:03:36 INFO  no build target found for /Users/pablomujica/school/assignment-2-ds2/akka-scala-mr/src/main/scala/mapreduce/mapreduceapp.scala. Using presentation compiler with project's scala-library version: 3.3.5
2025.04.20 23:03:36 INFO  no build target found for /Users/pablomujica/school/assignment-2-ds2/akka-scala-mr/src/main/scala/mapreduce/mapreduceapp.scala. Using presentation compiler with project's scala-library version: 3.3.5
2025.04.20 23:03:36 INFO  no build target found for /Users/pablomujica/school/assignment-2-ds2/akka-scala-mr/src/main/scala/mapreduce/mapreduceapp.scala. Using presentation compiler with project's scala-library version: 3.3.5
2025.04.20 23:03:36 INFO  no build target found for /Users/pablomujica/school/assignment-2-ds2/akka-scala-mr/src/main/scala/mapreduce/mapreduceapp.scala. Using presentation compiler with project's scala-library version: 3.3.5
2025.04.20 23:03:36 INFO  no build target found for /Users/pablomujica/school/assignment-2-ds2/akka-scala-mr/src/main/scala/mapreduce/mapreduceapp.scala. Using presentation compiler with project's scala-library version: 3.3.5
2025.04.20 23:03:36 INFO  no build target found for /Users/pablomujica/school/assignment-2-ds2/akka-scala-mr/src/main/scala/mapreduce/mapreduceapp.scala. Using presentation compiler with project's scala-library version: 3.3.5
2025.04.20 23:03:37 INFO  no build target found for /Users/pablomujica/school/assignment-2-ds2/akka-scala-mr/src/main/scala/mapreduce/mapreduceapp.scala. Using presentation compiler with project's scala-library version: 3.3.5
2025.04.20 23:03:37 INFO  no build target found for /Users/pablomujica/school/assignment-2-ds2/akka-scala-mr/src/main/scala/mapreduce/mapreduceapp.scala. Using presentation compiler with project's scala-library version: 3.3.5
2025.04.20 23:03:38 INFO  no build target found for /Users/pablomujica/school/assignment-2-ds2/akka-scala-mr/src/main/scala/mapreduce/mapreduceapp.scala. Using presentation compiler with project's scala-library version: 3.3.5
2025.04.20 23:03:37 INFO  no build target found for /Users/pablomujica/school/assignment-2-ds2/akka-scala-mr/src/main/scala/mapreduce/mapreduceapp.scala. Using presentation compiler with project's scala-library version: 3.3.5
2025.04.20 23:03:38 WARN  no build target for: /Users/pablomujica/school/assignment-2-ds2/akka-scala-mr/src/main/scala/mapreduce/mapreduceapp.scala
2025.04.20 23:03:38 INFO  no build target found for /Users/pablomujica/school/assignment-2-ds2/akka-scala-mr/src/main/scala/mapreduce/mapreduceapp.scala. Using presentation compiler with project's scala-library version: 3.3.5
2025.04.20 23:03:38 INFO  no build target found for /Users/pablomujica/school/assignment-2-ds2/akka-scala-mr/src/main/scala/mapreduce/mapreduceapp.scala. Using presentation compiler with project's scala-library version: 3.3.5
2025.04.20 23:03:40 INFO  no build target found for /Users/pablomujica/school/assignment-2-ds2/akka-scala-mr/src/main/scala/mapreduce/mapreduceapp.scala. Using presentation compiler with project's scala-library version: 3.3.5
2025.04.20 23:03:40 INFO  no build target found for /Users/pablomujica/school/assignment-2-ds2/akka-scala-mr/src/main/scala/mapreduce/mapreduceapp.scala. Using presentation compiler with project's scala-library version: 3.3.5
2025.04.20 23:03:40 INFO  no build target found for /Users/pablomujica/school/assignment-2-ds2/akka-scala-mr/src/main/scala/mapreduce/mapreduceapp.scala. Using presentation compiler with project's scala-library version: 3.3.5
2025.04.20 23:03:40 INFO  no build target found for /Users/pablomujica/school/assignment-2-ds2/akka-scala-mr/src/main/scala/mapreduce/mapreduceapp.scala. Using presentation compiler with project's scala-library version: 3.3.5
2025.04.20 23:03:40 INFO  no build target found for /Users/pablomujica/school/assignment-2-ds2/akka-scala-mr/src/main/scala/mapreduce/mapreduceapp.scala. Using presentation compiler with project's scala-library version: 3.3.5
2025.04.20 23:03:40 INFO  no build target found for /Users/pablomujica/school/assignment-2-ds2/akka-scala-mr/src/main/scala/mapreduce/mapreduceapp.scala. Using presentation compiler with project's scala-library version: 3.3.5
2025.04.20 23:03:41 INFO  no build target found for /Users/pablomujica/school/assignment-2-ds2/akka-scala-mr/src/main/scala/mapreduce/mapreduceapp.scala. Using presentation compiler with project's scala-library version: 3.3.5
2025.04.20 23:03:41 WARN  no build target for: /Users/pablomujica/school/assignment-2-ds2/akka-scala-mr/src/main/scala/mapreduce/mapreduceapp.scala
2025.04.20 23:03:41 INFO  no build target found for /Users/pablomujica/school/assignment-2-ds2/akka-scala-mr/src/main/scala/mapreduce/mapreduceapp.scala. Using presentation compiler with project's scala-library version: 3.3.5
Apr 20, 2025 11:05:58 PM org.eclipse.lsp4j.jsonrpc.services.GenericEndpoint notify
INFO: Unsupported notification method: $/setTrace
2025.04.20 23:06:05 WARN  no build target for: /Users/pablomujica/school/assignment-2-ds2/akka-scala-mr/src/main/scala/mapreduce/mapreduceapp.scala
2025.04.20 23:06:05 INFO  no build target found for /Users/pablomujica/school/assignment-2-ds2/akka-scala-mr/src/main/scala/mapreduce/mapreduceapp.scala. Using presentation compiler with project's scala-library version: 3.3.5
2025.04.20 23:06:05 INFO  no build target found for /Users/pablomujica/school/assignment-2-ds2/akka-scala-mr/src/main/scala/mapreduce/mapreduceapp.scala. Using presentation compiler with project's scala-library version: 3.3.5
2025.04.20 23:06:30 WARN  no build target for: /Users/pablomujica/school/assignment-2-ds2/akka-scala-mr/src/main/scala/mapreduce/mapreduceapp.scala
2025.04.20 23:06:30 INFO  no build target found for /Users/pablomujica/school/assignment-2-ds2/akka-scala-mr/src/main/scala/mapreduce/mapreduceapp.scala. Using presentation compiler with project's scala-library version: 3.3.5
2025.04.20 23:06:30 WARN  no build target for: /Users/pablomujica/school/assignment-2-ds2/akka-scala-mr/src/main/scala/mapreduce/mapreduceapp.scala
2025.04.20 23:06:30 INFO  no build target found for /Users/pablomujica/school/assignment-2-ds2/akka-scala-mr/src/main/scala/mapreduce/mapreduceapp.scala. Using presentation compiler with project's scala-library version: 3.3.5
2025.04.20 23:06:31 WARN  no build target for: /Users/pablomujica/school/assignment-2-ds2/akka-scala-mr/src/main/scala/mapreduce/mapreduceapp.scala
2025.04.20 23:06:31 INFO  no build target found for /Users/pablomujica/school/assignment-2-ds2/akka-scala-mr/src/main/scala/mapreduce/mapreduceapp.scala. Using presentation compiler with project's scala-library version: 3.3.5
2025.04.20 23:06:32 WARN  no build target for: /Users/pablomujica/school/assignment-2-ds2/akka-scala-mr/src/main/scala/mapreduce/mapreduceapp.scala
2025.04.20 23:06:32 INFO  no build target found for /Users/pablomujica/school/assignment-2-ds2/akka-scala-mr/src/main/scala/mapreduce/mapreduceapp.scala. Using presentation compiler with project's scala-library version: 3.3.5
Apr 20, 2025 11:09:44 PM org.eclipse.lsp4j.jsonrpc.services.GenericEndpoint notify
INFO: Unsupported notification method: $/setTrace
2025.04.20 23:09:51 WARN  no build target for: /Users/pablomujica/school/assignment-2-ds2/akka-scala-mr/src/main/scala/mapreduce/mapreduceapp.scala
2025.04.20 23:09:51 INFO  no build target found for /Users/pablomujica/school/assignment-2-ds2/akka-scala-mr/src/main/scala/mapreduce/mapreduceapp.scala. Using presentation compiler with project's scala-library version: 3.3.5
2025.04.20 23:09:51 INFO  no build target found for /Users/pablomujica/school/assignment-2-ds2/akka-scala-mr/src/main/scala/mapreduce/mapreduceapp.scala. Using presentation compiler with project's scala-library version: 3.3.5
2025.04.20 23:09:54 ERROR scala.meta.internal.metals.debug.DiscoveryFailures$NoMainClassFoundException: Main class '???' not found in any build target (not considering dependencies)
	at scala.meta.internal.metals.debug.BuildTargetClassesFinder.$anonfun$findClassAndBuildTarget$1(BuildTargetClassesFinder.scala:117)
	at scala.Option.fold(Option.scala:263)
	at scala.meta.internal.metals.debug.BuildTargetClassesFinder.findClassAndBuildTarget(BuildTargetClassesFinder.scala:118)
	at scala.meta.internal.metals.debug.BuildTargetClassesFinder.findMainClassAndItsBuildTarget(BuildTargetClassesFinder.scala:37)
	at scala.meta.internal.metals.debug.DebugProvider.findMainClassAndItsBuildTarget(DebugProvider.scala:482)
	at scala.meta.internal.metals.debug.DebugProvider$MainClassSearch.search(DebugProvider.scala:903)
	at scala.meta.internal.metals.debug.DebugProvider$ClassSearch.$anonfun$retrySearchResult$2(DebugProvider.scala:890)
	at scala.concurrent.Future$.$anonfun$apply$1(Future.scala:687)
	at scala.concurrent.impl.Promise$Transformation.run(Promise.scala:467)
	at java.util.concurrent.ThreadPoolExecutor.runWorker(ThreadPoolExecutor.java:1136)
	at java.util.concurrent.ThreadPoolExecutor$Worker.run(ThreadPoolExecutor.java:635)
	at java.lang.Thread.run(Thread.java:842)

Apr 20, 2025 11:10:11 PM org.eclipse.lsp4j.jsonrpc.services.GenericEndpoint notify
INFO: Unsupported notification method: $/setTrace
2025.04.20 23:10:13 WARN  no build target for: /Users/pablomujica/school/assignment-2-ds2/akka-scala-mr/src/main/scala/mapreduce/mapreduceapp.scala
2025.04.20 23:10:13 INFO  no build target found for /Users/pablomujica/school/assignment-2-ds2/akka-scala-mr/src/main/scala/mapreduce/mapreduceapp.scala. Using presentation compiler with project's scala-library version: 3.3.5
2025.04.20 23:10:13 INFO  no build target found for /Users/pablomujica/school/assignment-2-ds2/akka-scala-mr/src/main/scala/mapreduce/mapreduceapp.scala. Using presentation compiler with project's scala-library version: 3.3.5
2025.04.20 23:10:14 ERROR scala.meta.internal.metals.debug.DiscoveryFailures$NoMainClassFoundException: Main class 'MapReduce' not found in any build target (not considering dependencies)
	at scala.meta.internal.metals.debug.BuildTargetClassesFinder.$anonfun$findClassAndBuildTarget$1(BuildTargetClassesFinder.scala:117)
	at scala.Option.fold(Option.scala:263)
	at scala.meta.internal.metals.debug.BuildTargetClassesFinder.findClassAndBuildTarget(BuildTargetClassesFinder.scala:118)
	at scala.meta.internal.metals.debug.BuildTargetClassesFinder.findMainClassAndItsBuildTarget(BuildTargetClassesFinder.scala:37)
	at scala.meta.internal.metals.debug.DebugProvider.findMainClassAndItsBuildTarget(DebugProvider.scala:482)
	at scala.meta.internal.metals.debug.DebugProvider$MainClassSearch.search(DebugProvider.scala:903)
	at scala.meta.internal.metals.debug.DebugProvider$ClassSearch.$anonfun$retrySearchResult$2(DebugProvider.scala:890)
	at scala.concurrent.Future$.$anonfun$apply$1(Future.scala:687)
	at scala.concurrent.impl.Promise$Transformation.run(Promise.scala:467)
	at java.util.concurrent.ThreadPoolExecutor.runWorker(ThreadPoolExecutor.java:1136)
	at java.util.concurrent.ThreadPoolExecutor$Worker.run(ThreadPoolExecutor.java:635)
	at java.lang.Thread.run(Thread.java:842)

2025.04.20 23:10:57 ERROR scala.meta.internal.metals.debug.DiscoveryFailures$NoMainClassFoundException: Main class 'MapReduce' not found in any build target (not considering dependencies)
	at scala.meta.internal.metals.debug.BuildTargetClassesFinder.$anonfun$findClassAndBuildTarget$1(BuildTargetClassesFinder.scala:117)
	at scala.Option.fold(Option.scala:263)
	at scala.meta.internal.metals.debug.BuildTargetClassesFinder.findClassAndBuildTarget(BuildTargetClassesFinder.scala:118)
	at scala.meta.internal.metals.debug.BuildTargetClassesFinder.findMainClassAndItsBuildTarget(BuildTargetClassesFinder.scala:37)
	at scala.meta.internal.metals.debug.DebugProvider.findMainClassAndItsBuildTarget(DebugProvider.scala:482)
	at scala.meta.internal.metals.debug.DebugProvider$MainClassSearch.search(DebugProvider.scala:903)
	at scala.meta.internal.metals.debug.DebugProvider$ClassSearch.$anonfun$retrySearchResult$2(DebugProvider.scala:890)
	at scala.concurrent.Future$.$anonfun$apply$1(Future.scala:687)
	at scala.concurrent.impl.Promise$Transformation.run(Promise.scala:467)
	at java.util.concurrent.ThreadPoolExecutor.runWorker(ThreadPoolExecutor.java:1136)
	at java.util.concurrent.ThreadPoolExecutor$Worker.run(ThreadPoolExecutor.java:635)
	at java.lang.Thread.run(Thread.java:842)

2025.04.20 23:11:19 INFO  running '/Users/pablomujica/Library/Application Support/Coursier/bin/sbt -Dbloop.export-jar-classifiers=sources bloopInstall'
2025.04.20 23:11:20 INFO  [info] welcome to sbt 1.10.11 (Oracle Corporation Java 17.0.9)
2025.04.20 23:11:20 INFO  [info] loading settings for project akka-scala-mr-build-build-build from metals.sbt...
2025.04.20 23:11:22 INFO  [info] loading project definition from /Users/pablomujica/school/assignment-2-ds2/akka-scala-mr/project/project/project
2025.04.20 23:11:23 INFO  [info] loading settings for project akka-scala-mr-build-build from metals.sbt...
2025.04.20 23:11:23 INFO  [info] loading project definition from /Users/pablomujica/school/assignment-2-ds2/akka-scala-mr/project/project
2025.04.20 23:11:25 INFO  [success] Generated .bloop/akka-scala-mr-build-build.json
2025.04.20 23:11:25 INFO  [success] Total time: 2 s, completed Apr 20, 2025, 11:11:25 PM
2025.04.20 23:11:25 INFO  [info] loading settings for project akka-scala-mr-build from metals.sbt, plugins.sbt...
2025.04.20 23:11:25 INFO  [info] loading project definition from /Users/pablomujica/school/assignment-2-ds2/akka-scala-mr/project
2025.04.20 23:11:26 INFO  [success] Generated .bloop/akka-scala-mr-build.json
2025.04.20 23:11:26 INFO  [success] Total time: 1 s, completed Apr 20, 2025, 11:11:26 PM
2025.04.20 23:11:26 INFO  [info] loading settings for project akka-scala-mr from build.sbt...
2025.04.20 23:11:26 INFO  [info] set current project to akka-scala-mr (in build file:/Users/pablomujica/school/assignment-2-ds2/akka-scala-mr/)
2025.04.20 23:11:30 INFO  [success] Generated .bloop/akka-scala-mr.json
2025.04.20 23:11:30 INFO  [success] Generated .bloop/akka-scala-mr-test.json
2025.04.20 23:11:30 INFO  [success] Total time: 3 s, completed Apr 20, 2025, 11:11:30 PM
2025.04.20 23:11:30 INFO  time: ran 'sbt bloopInstall' in 10s
2025.04.20 23:11:30 INFO  Attempting to connect to the build server...
2025.04.20 23:11:30 INFO  No running Bloop server found, starting one.
2025.04.20 23:11:33 INFO  Starting compilation server
2025.04.20 23:11:34 INFO  tracing is disabled for protocol BSP, to enable tracing of incoming and outgoing JSON messages create an empty file at /Users/pablomujica/school/assignment-2-ds2/.metals/bsp.trace.json or /Users/pablomujica/Library/Caches/org.scalameta.metals/bsp.trace.json
2025.04.20 23:11:34 INFO  time: Connected to build server in 4.17s
2025.04.20 23:11:34 INFO  Connected to Build server: Bloop v2.0.9
2025.04.20 23:11:43 INFO  time: indexed workspace in 8.71s
2025.04.20 23:11:43 INFO  compiling akka-scala-mr (1 scala source)
2025.04.20 23:11:44 WARN  no build target for: /Users/pablomujica/school/assignment-2-ds2/akka-scala-mr/build.sbt
2025.04.20 23:11:44 INFO  no build target found for /Users/pablomujica/school/assignment-2-ds2/akka-scala-mr/build.sbt. Using presentation compiler with project's scala-library version: 3.3.4
2025.04.20 23:11:45 INFO  compiling akka-scala-mr-test (1 scala source)
2025.04.20 23:11:45 INFO  time: compiled akka-scala-mr in 1.98s
2025.04.20 23:11:46 INFO  time: compiled akka-scala-mr-test in 1.25s
2025.04.20 23:11:58 INFO  compiling akka-scala-mr-test (1 scala source)
2025.04.20 23:11:58 INFO  time: compiled akka-scala-mr-test in 0.72s
2025.04.20 23:11:59 ERROR scala.meta.internal.metals.debug.DiscoveryFailures$NoMainClassFoundException: Main class 'MapReduce' not found in any build target (not considering dependencies)
	at scala.meta.internal.metals.debug.BuildTargetClassesFinder.$anonfun$findClassAndBuildTarget$1(BuildTargetClassesFinder.scala:117)
	at scala.Option.fold(Option.scala:263)
	at scala.meta.internal.metals.debug.BuildTargetClassesFinder.findClassAndBuildTarget(BuildTargetClassesFinder.scala:118)
	at scala.meta.internal.metals.debug.BuildTargetClassesFinder.findMainClassAndItsBuildTarget(BuildTargetClassesFinder.scala:37)
	at scala.meta.internal.metals.debug.DebugProvider.findMainClassAndItsBuildTarget(DebugProvider.scala:482)
	at scala.meta.internal.metals.debug.DebugProvider$MainClassSearch.search(DebugProvider.scala:903)
	at scala.meta.internal.metals.debug.DebugProvider$ClassSearch.$anonfun$retrySearchResult$2(DebugProvider.scala:890)
	at scala.concurrent.Future$.$anonfun$apply$1(Future.scala:687)
	at scala.concurrent.impl.Promise$Transformation.run(Promise.scala:467)
	at java.util.concurrent.ThreadPoolExecutor.runWorker(ThreadPoolExecutor.java:1136)
	at java.util.concurrent.ThreadPoolExecutor$Worker.run(ThreadPoolExecutor.java:635)
	at java.lang.Thread.run(Thread.java:842)

2025.04.20 23:12:04 INFO  compiling akka-scala-mr-test (1 scala source)
2025.04.20 23:12:04 INFO  time: compiled akka-scala-mr-test in 0.68s
2025.04.20 23:12:05 ERROR scala.meta.internal.metals.debug.DiscoveryFailures$NoMainClassFoundException: Main class 'MapReduce' not found in any build target (not considering dependencies)
	at scala.meta.internal.metals.debug.BuildTargetClassesFinder.$anonfun$findClassAndBuildTarget$1(BuildTargetClassesFinder.scala:117)
	at scala.Option.fold(Option.scala:263)
	at scala.meta.internal.metals.debug.BuildTargetClassesFinder.findClassAndBuildTarget(BuildTargetClassesFinder.scala:118)
	at scala.meta.internal.metals.debug.BuildTargetClassesFinder.findMainClassAndItsBuildTarget(BuildTargetClassesFinder.scala:37)
	at scala.meta.internal.metals.debug.DebugProvider.findMainClassAndItsBuildTarget(DebugProvider.scala:482)
	at scala.meta.internal.metals.debug.DebugProvider$MainClassSearch.search(DebugProvider.scala:903)
	at scala.meta.internal.metals.debug.DebugProvider$ClassSearch.$anonfun$retrySearchResult$2(DebugProvider.scala:890)
	at scala.concurrent.Future$.$anonfun$apply$1(Future.scala:687)
	at scala.concurrent.impl.Promise$Transformation.run(Promise.scala:467)
	at java.util.concurrent.ThreadPoolExecutor.runWorker(ThreadPoolExecutor.java:1136)
	at java.util.concurrent.ThreadPoolExecutor$Worker.run(ThreadPoolExecutor.java:635)
	at java.lang.Thread.run(Thread.java:842)

2025.04.20 23:13:26 INFO  tracing is disabled for protocol dap-server, to enable tracing of incoming and outgoing JSON messages create an empty file at /Users/pablomujica/school/assignment-2-ds2/.metals/dap-server.trace.json or /Users/pablomujica/Library/Caches/org.scalameta.metals/dap-server.trace.json
Apr 20, 2025 11:13:27 PM org.eclipse.lsp4j.jsonrpc.services.GenericEndpoint notify
INFO: Unsupported notification method: $/setTrace
2025.04.20 23:13:26 INFO  tracing is disabled for protocol dap-client, to enable tracing of incoming and outgoing JSON messages create an empty file at /Users/pablomujica/school/assignment-2-ds2/.metals/dap-client.trace.json or /Users/pablomujica/Library/Caches/org.scalameta.metals/dap-client.trace.json
2025.04.20 23:13:27 INFO  Starting debug proxy for [mapreduce.MapReduce]
2025.04.20 23:13:29 INFO  Loaded expression compiler in 1 second
2025.04.20 23:13:29 INFO  Loaded step filter in 481 milliseconds
2025.04.20 23:13:30 INFO  Loaded all sources and classes in 1 second
2025.04.20 23:13:30 INFO  Initialized Scala 3 decoder in 718 milliseconds
2025.04.20 23:13:30 INFO  Trying to attach to remote debuggee VM localhost:64428 .
2025.04.20 23:13:30 INFO  Attaching to debuggee VM succeeded.
Apr 20, 2025 11:13:34 PM scala.meta.internal.metals.StdReporter $anonfun$create$1
WARNING: Exception in thread "main" java.lang.ExceptionInInitializerError (full report at: /Users/pablomujica/school/assignment-2-ds2/.metals/.reports/bloop/2025-04-20/r_Exception in thread ..._23-13-34-057.md)
Apr 20, 2025 11:13:34 PM scala.meta.internal.metals.StdReporter $anonfun$create$1
WARNING: at mapreduce.MapReduce.main(mapreduceapp.scala) (full report at: /Users/pablomujica/school/assignment-2-ds2/.metals/.reports/bloop/2025-04-20/r_at mapreduce.MapRedu..._23-13-34-062.md)
Apr 20, 2025 11:13:34 PM scala.meta.internal.metals.StdReporter $anonfun$create$1
WARNING: Caused by: java.io.FileNotFoundException: /data/text1-david-copperfield.txt (No such file or directo... (full report at: /Users/pablomujica/school/assignment-2-ds2/.metals/.reports/bloop/2025-04-20/r_Caused by: java.io.F..._23-13-34-063.md)
Apr 20, 2025 11:13:34 PM scala.meta.internal.metals.StdReporter $anonfun$create$1
WARNING: at java.base/java.io.FileInputStream.open0(Native Method) (full report at: /Users/pablomujica/school/assignment-2-ds2/.metals/.reports/bloop/2025-04-20/r_at java.base/java.io..._23-13-34-065.md)
Apr 20, 2025 11:13:34 PM scala.meta.internal.metals.StdReporter $anonfun$create$1
WARNING: at java.base/java.io.FileInputStream.open(FileInputStream.java:216) (full report at: /Users/pablomujica/school/assignment-2-ds2/.metals/.reports/bloop/2025-04-20/r_at java.base/java.io..._23-13-34-066.md)
Apr 20, 2025 11:13:34 PM scala.meta.internal.metals.StdReporter $anonfun$create$1
WARNING: at java.base/java.io.FileInputStream.<init>(FileInputStream.java:157) (full report at: /Users/pablomujica/school/assignment-2-ds2/.metals/.reports/bloop/2025-04-20/r_at java.base/java.io..._23-13-34-068.md)
Apr 20, 2025 11:13:34 PM scala.meta.internal.metals.StdReporter $anonfun$create$1
WARNING: at scala.io.Source$.fromFile(Source.scala:94) (full report at: /Users/pablomujica/school/assignment-2-ds2/.metals/.reports/bloop/2025-04-20/r_at scala.io.Source$...._23-13-34-069.md)
Apr 20, 2025 11:13:34 PM scala.meta.internal.metals.StdReporter $anonfun$create$1
WARNING: at scala.io.Source$.fromFile(Source.scala:79) (full report at: /Users/pablomujica/school/assignment-2-ds2/.metals/.reports/bloop/2025-04-20/r_at scala.io.Source$...._23-13-34-070.md)
Apr 20, 2025 11:13:34 PM scala.meta.internal.metals.StdReporter $anonfun$create$1
WARNING: at scala.io.Source$.fromFile(Source.scala:57) (full report at: /Users/pablomujica/school/assignment-2-ds2/.metals/.reports/bloop/2025-04-20/r_at scala.io.Source$...._23-13-34-072.md)
Apr 20, 2025 11:13:34 PM scala.meta.internal.metals.StdReporter $anonfun$create$1
WARNING: at mapreduce.MapReduce$.<clinit>(mapreduceapp.scala:5) (full report at: /Users/pablomujica/school/assignment-2-ds2/.metals/.reports/bloop/2025-04-20/r_at mapreduce.MapRedu..._23-13-34-073.md)
Apr 20, 2025 11:13:34 PM scala.meta.internal.metals.StdReporter $anonfun$create$1
WARNING: ... 1 more (full report at: /Users/pablomujica/school/assignment-2-ds2/.metals/.reports/bloop/2025-04-20/r_... 1 more_23-13-34-074.md)
2025.04.20 23:13:34 INFO  Canceling debug proxy for [mapreduce.MapReduce]
2025.04.20 23:13:34 INFO  Closing debug server tcp://0.0.0.0:64426
2025.04.20 23:14:11 INFO  compiling akka-scala-mr (1 scala source)
2025.04.20 23:14:11 INFO  time: compiled akka-scala-mr in 0.23s
Apr 20, 2025 11:14:26 PM org.eclipse.lsp4j.jsonrpc.RemoteEndpoint handleCancellation
WARNING: Unmatched cancel notification for request id 1923
Apr 20, 2025 11:14:39 PM scala.meta.internal.metals.StdReporter $anonfun$create$1
WARNING: empty definition using pc, found symbol in pc: `<none>`. (full report at: /Users/pablomujica/school/assignment-2-ds2/.metals/.reports/metals-full/2025-04-20/r_empty-definition_22-29-47-274.md)
2025.04.20 23:14:40 INFO  compiling akka-scala-mr (1 scala source)
2025.04.20 23:14:40 INFO  time: compiled akka-scala-mr in 0.17s
2025.04.20 23:14:42 INFO  tracing is disabled for protocol dap-server, to enable tracing of incoming and outgoing JSON messages create an empty file at /Users/pablomujica/school/assignment-2-ds2/.metals/dap-server.trace.json or /Users/pablomujica/Library/Caches/org.scalameta.metals/dap-server.trace.json
2025.04.20 23:14:42 INFO  tracing is disabled for protocol dap-client, to enable tracing of incoming and outgoing JSON messages create an empty file at /Users/pablomujica/school/assignment-2-ds2/.metals/dap-client.trace.json or /Users/pablomujica/Library/Caches/org.scalameta.metals/dap-client.trace.json
2025.04.20 23:14:42 INFO  Starting debug proxy for [mapreduce.MapReduce]
2025.04.20 23:14:42 INFO  Loaded expression compiler in 1 millisecond
2025.04.20 23:14:42 INFO  Loaded step filter in 0 milliseconds
2025.04.20 23:14:42 INFO  Loaded all sources and classes in 755 milliseconds
2025.04.20 23:14:44 INFO  Initialized Scala 3 decoder in 648 milliseconds
2025.04.20 23:14:44 INFO  Trying to attach to remote debuggee VM localhost:64439 .
2025.04.20 23:14:44 INFO  Attaching to debuggee VM succeeded.
Apr 20, 2025 11:14:45 PM scala.meta.internal.metals.StdReporter $anonfun$create$1
WARNING: Exception in thread "main" java.lang.ExceptionInInitializerError (full report at: /Users/pablomujica/school/assignment-2-ds2/.metals/.reports/bloop/2025-04-20/r_Exception in thread ..._23-13-34-057.md)
Apr 20, 2025 11:14:45 PM scala.meta.internal.metals.StdReporter $anonfun$create$1
WARNING: at mapreduce.MapReduce.main(mapreduceapp.scala) (full report at: /Users/pablomujica/school/assignment-2-ds2/.metals/.reports/bloop/2025-04-20/r_at mapreduce.MapRedu..._23-13-34-062.md)
Apr 20, 2025 11:14:45 PM scala.meta.internal.metals.StdReporter $anonfun$create$1
WARNING: Caused by: java.io.FileNotFoundException: akka-scala-mr/src/main/resources/text2-christmas-carol.txt... (full report at: /Users/pablomujica/school/assignment-2-ds2/.metals/.reports/bloop/2025-04-20/r_Caused by: java.io.F..._23-14-45-883.md)
Apr 20, 2025 11:14:45 PM scala.meta.internal.metals.StdReporter $anonfun$create$1
WARNING: at java.base/java.io.FileInputStream.open0(Native Method) (full report at: /Users/pablomujica/school/assignment-2-ds2/.metals/.reports/bloop/2025-04-20/r_at java.base/java.io..._23-13-34-065.md)
Apr 20, 2025 11:14:45 PM scala.meta.internal.metals.StdReporter $anonfun$create$1
WARNING: at java.base/java.io.FileInputStream.open(FileInputStream.java:216) (full report at: /Users/pablomujica/school/assignment-2-ds2/.metals/.reports/bloop/2025-04-20/r_at java.base/java.io..._23-13-34-066.md)
Apr 20, 2025 11:14:45 PM scala.meta.internal.metals.StdReporter $anonfun$create$1
WARNING: at java.base/java.io.FileInputStream.<init>(FileInputStream.java:157) (full report at: /Users/pablomujica/school/assignment-2-ds2/.metals/.reports/bloop/2025-04-20/r_at java.base/java.io..._23-13-34-068.md)
Apr 20, 2025 11:14:45 PM scala.meta.internal.metals.StdReporter $anonfun$create$1
WARNING: at scala.io.Source$.fromFile(Source.scala:94) (full report at: /Users/pablomujica/school/assignment-2-ds2/.metals/.reports/bloop/2025-04-20/r_at scala.io.Source$...._23-13-34-069.md)
Apr 20, 2025 11:14:45 PM scala.meta.internal.metals.StdReporter $anonfun$create$1
WARNING: at scala.io.Source$.fromFile(Source.scala:79) (full report at: /Users/pablomujica/school/assignment-2-ds2/.metals/.reports/bloop/2025-04-20/r_at scala.io.Source$...._23-13-34-070.md)
Apr 20, 2025 11:14:45 PM scala.meta.internal.metals.StdReporter $anonfun$create$1
WARNING: at scala.io.Source$.fromFile(Source.scala:57) (full report at: /Users/pablomujica/school/assignment-2-ds2/.metals/.reports/bloop/2025-04-20/r_at scala.io.Source$...._23-13-34-072.md)
Apr 20, 2025 11:14:45 PM scala.meta.internal.metals.StdReporter $anonfun$create$1
WARNING: at mapreduce.MapReduce$.<clinit>(mapreduceapp.scala:5) (full report at: /Users/pablomujica/school/assignment-2-ds2/.metals/.reports/bloop/2025-04-20/r_at mapreduce.MapRedu..._23-13-34-073.md)
Apr 20, 2025 11:14:45 PM scala.meta.internal.metals.StdReporter $anonfun$create$1
WARNING: ... 1 more (full report at: /Users/pablomujica/school/assignment-2-ds2/.metals/.reports/bloop/2025-04-20/r_... 1 more_23-13-34-074.md)
2025.04.20 23:14:46 INFO  Canceling debug proxy for [mapreduce.MapReduce]
2025.04.20 23:14:46 INFO  Closing debug server tcp://0.0.0.0:64437
Apr 20, 2025 11:15:21 PM scala.meta.internal.metals.StdReporter $anonfun$create$1
WARNING: empty definition using pc, found symbol in pc: `<none>`. (full report at: /Users/pablomujica/school/assignment-2-ds2/.metals/.reports/metals-full/2025-04-20/r_empty-definition_22-29-47-274.md)
Apr 20, 2025 11:15:22 PM scala.meta.internal.metals.StdReporter $anonfun$create$1
WARNING: empty definition using pc, found symbol in pc: `<none>`. (full report at: /Users/pablomujica/school/assignment-2-ds2/.metals/.reports/metals-full/2025-04-20/r_empty-definition_22-29-47-274.md)
Apr 20, 2025 11:15:23 PM scala.meta.internal.metals.StdReporter $anonfun$create$1
WARNING: empty definition using pc, found symbol in pc: `<none>`. (full report at: /Users/pablomujica/school/assignment-2-ds2/.metals/.reports/metals-full/2025-04-20/r_empty-definition_22-29-47-274.md)
Apr 20, 2025 11:15:23 PM scala.meta.internal.metals.StdReporter $anonfun$create$1
WARNING: empty definition using pc, found symbol in pc: `<none>`. (full report at: /Users/pablomujica/school/assignment-2-ds2/.metals/.reports/metals-full/2025-04-20/r_empty-definition_22-29-47-274.md)
Apr 20, 2025 11:15:23 PM scala.meta.internal.metals.StdReporter $anonfun$create$1
WARNING: empty definition using pc, found symbol in pc: `<none>`. (full report at: /Users/pablomujica/school/assignment-2-ds2/.metals/.reports/metals-full/2025-04-20/r_empty-definition_22-29-47-274.md)
Apr 20, 2025 11:15:23 PM scala.meta.internal.metals.StdReporter $anonfun$create$1
WARNING: empty definition using pc, found symbol in pc: `<none>`. (full report at: /Users/pablomujica/school/assignment-2-ds2/.metals/.reports/metals-full/2025-04-20/r_empty-definition_22-29-47-274.md)
Apr 20, 2025 11:15:23 PM scala.meta.internal.metals.StdReporter $anonfun$create$1
WARNING: empty definition using pc, found symbol in pc: `<none>`. (full report at: /Users/pablomujica/school/assignment-2-ds2/.metals/.reports/metals-full/2025-04-20/r_empty-definition_22-29-47-274.md)
Apr 20, 2025 11:16:15 PM scala.meta.internal.metals.StdReporter $anonfun$create$1
WARNING: empty definition using pc, found symbol in pc: `<none>`. (full report at: /Users/pablomujica/school/assignment-2-ds2/.metals/.reports/metals-full/2025-04-20/r_empty-definition_22-29-47-274.md)
Apr 20, 2025 11:16:17 PM scala.meta.internal.metals.StdReporter $anonfun$create$1
WARNING: empty definition using pc, found symbol in pc: `<none>`. (full report at: /Users/pablomujica/school/assignment-2-ds2/.metals/.reports/metals-full/2025-04-20/r_empty-definition_22-29-47-274.md)
2025.04.20 23:16:19 INFO  compiling akka-scala-mr (1 scala source)
2025.04.20 23:16:19 INFO  time: compiled akka-scala-mr in 0.11s
2025.04.20 23:16:28 INFO  compiling akka-scala-mr (1 scala source)
2025.04.20 23:16:28 INFO  time: compiled akka-scala-mr in 0.3s
2025.04.20 23:16:43 INFO  compiling akka-scala-mr (1 scala source)
2025.04.20 23:16:43 INFO  compiling akka-scala-mr-test (1 scala source)
2025.04.20 23:16:43 INFO  time: compiled akka-scala-mr in 0.18s
2025.04.20 23:16:43 INFO  time: compiled akka-scala-mr-test in 0.58s
2025.04.20 23:17:08 INFO  tracing is disabled for protocol dap-server, to enable tracing of incoming and outgoing JSON messages create an empty file at /Users/pablomujica/school/assignment-2-ds2/.metals/dap-server.trace.json or /Users/pablomujica/Library/Caches/org.scalameta.metals/dap-server.trace.json
2025.04.20 23:17:08 INFO  tracing is disabled for protocol dap-client, to enable tracing of incoming and outgoing JSON messages create an empty file at /Users/pablomujica/school/assignment-2-ds2/.metals/dap-client.trace.json or /Users/pablomujica/Library/Caches/org.scalameta.metals/dap-client.trace.json
2025.04.20 23:17:08 INFO  Starting debug proxy for [mapreduce.MapReduce]
2025.04.20 23:17:08 INFO  Loaded expression compiler in 0 milliseconds
2025.04.20 23:17:08 INFO  Loaded step filter in 0 milliseconds
2025.04.20 23:17:08 INFO  Loaded all sources and classes in 660 milliseconds
2025.04.20 23:17:10 INFO  Initialized Scala 3 decoder in 488 milliseconds
2025.04.20 23:17:10 INFO  Trying to attach to remote debuggee VM localhost:64463 .
2025.04.20 23:17:10 INFO  Attaching to debuggee VM succeeded.
2025.04.20 23:17:43 INFO  Canceling debug proxy for [mapreduce.MapReduce]
2025.04.20 23:17:43 INFO  Closing debug server tcp://0.0.0.0:64461
Apr 20, 2025 11:18:23 PM scala.meta.internal.metals.StdReporter $anonfun$create$1
WARNING: empty definition using pc, found symbol in pc: `<none>`. (full report at: /Users/pablomujica/school/assignment-2-ds2/.metals/.reports/metals-full/2025-04-20/r_empty-definition_22-29-47-274.md)
Apr 20, 2025 11:18:23 PM scala.meta.internal.metals.StdReporter $anonfun$create$1
WARNING: empty definition using pc, found symbol in pc: `<none>`. (full report at: /Users/pablomujica/school/assignment-2-ds2/.metals/.reports/metals-full/2025-04-20/r_empty-definition_22-29-47-274.md)
Apr 20, 2025 11:18:32 PM scala.meta.internal.metals.StdReporter $anonfun$create$1
WARNING: empty definition using pc, found symbol in pc: `<none>`. (full report at: /Users/pablomujica/school/assignment-2-ds2/.metals/.reports/metals-full/2025-04-20/r_empty-definition_22-29-47-274.md)
Apr 20, 2025 11:18:36 PM org.eclipse.lsp4j.jsonrpc.RemoteEndpoint handleCancellation
WARNING: Unmatched cancel notification for request id 2265
2025.04.20 23:18:39 INFO  compiling akka-scala-mr (1 scala source)
2025.04.20 23:18:39 INFO  time: compiled akka-scala-mr in 0.2s
2025.04.20 23:18:39 INFO  compiling akka-scala-mr-test (1 scala source)
2025.04.20 23:18:39 INFO  time: compiled akka-scala-mr-test in 0.51s
2025.04.20 23:18:52 INFO  compiling akka-scala-mr (1 scala source)
2025.04.20 23:18:52 INFO  time: compiled akka-scala-mr in 0.19s
2025.04.20 23:18:52 INFO  compiling akka-scala-mr-test (1 scala source)
2025.04.20 23:18:52 INFO  time: compiled akka-scala-mr-test in 0.44s
2025.04.20 23:33:56 WARN  Could not load snapshot text for /Users/pablomujica/school/assignment-2-ds2/akka-scala-mr/src/main/scala/mapreduce/mapreduceapp.scala
2025.04.20 23:33:57 INFO  compiling akka-scala-mr (1 scala source)
2025.04.20 23:33:57 INFO  compiling akka-scala-mr-test (1 scala source)
2025.04.20 23:33:57 INFO  time: compiled akka-scala-mr in 0.16s
2025.04.20 23:33:57 INFO  time: compiled akka-scala-mr-test in 0.51s
2025.04.20 23:36:16 INFO  compiling akka-scala-mr (1 scala source)
2025.04.20 23:36:16 INFO  compiling akka-scala-mr-test (1 scala source)
2025.04.20 23:36:16 INFO  time: compiled akka-scala-mr in 86ms
2025.04.20 23:36:16 INFO  time: compiled akka-scala-mr-test in 0.49s
Apr 20, 2025 11:47:44 PM scala.meta.internal.metals.StdReporter $anonfun$create$1
WARNING: empty definition using pc, found symbol in pc: `<none>`. (full report at: /Users/pablomujica/school/assignment-2-ds2/.metals/.reports/metals-full/2025-04-20/r_empty-definition_22-29-47-274.md)
2025.04.20 23:47:53 INFO  compiling akka-scala-mr (1 scala source)
2025.04.20 23:47:53 INFO  time: compiled akka-scala-mr in 0.11s
2025.04.20 23:48:05 INFO  compiling akka-scala-mr (1 scala source)
2025.04.20 23:48:05 INFO  time: compiled akka-scala-mr in 0.24s
2025.04.20 23:48:05 INFO  compiling akka-scala-mr-test (1 scala source)
2025.04.20 23:48:05 INFO  time: compiled akka-scala-mr-test in 0.47s
2025.04.20 23:48:24 INFO  compiling akka-scala-mr (1 scala source)
2025.04.20 23:48:24 INFO  time: compiled akka-scala-mr in 54ms
2025.04.20 23:48:26 INFO  compiling akka-scala-mr (1 scala source)
2025.04.20 23:48:26 INFO  compiling akka-scala-mr-test (1 scala source)
2025.04.20 23:48:26 INFO  time: compiled akka-scala-mr in 37ms
2025.04.20 23:48:26 INFO  time: compiled akka-scala-mr-test in 0.61s
2025.04.20 23:48:29 INFO  tracing is disabled for protocol dap-server, to enable tracing of incoming and outgoing JSON messages create an empty file at /Users/pablomujica/school/assignment-2-ds2/.metals/dap-server.trace.json or /Users/pablomujica/Library/Caches/org.scalameta.metals/dap-server.trace.json
2025.04.20 23:48:29 INFO  tracing is disabled for protocol dap-client, to enable tracing of incoming and outgoing JSON messages create an empty file at /Users/pablomujica/school/assignment-2-ds2/.metals/dap-client.trace.json or /Users/pablomujica/Library/Caches/org.scalameta.metals/dap-client.trace.json
2025.04.20 23:48:29 INFO  Starting debug proxy for [mapreduce.MapReduce]
2025.04.20 23:48:29 INFO  Loaded expression compiler in 1 millisecond
2025.04.20 23:48:29 INFO  Loaded step filter in 0 milliseconds
2025.04.20 23:48:29 INFO  Loaded all sources and classes in 604 milliseconds
2025.04.20 23:48:30 INFO  Initialized Scala 3 decoder in 475 milliseconds
2025.04.20 23:48:30 INFO  Trying to attach to remote debuggee VM localhost:49168 .
2025.04.20 23:48:30 INFO  Attaching to debuggee VM succeeded.
Apr 20, 2025 11:48:36 PM scala.meta.internal.metals.StdReporter $anonfun$create$1
WARNING: Exception in thread "main" java.lang.ExceptionInInitializerError (full report at: /Users/pablomujica/school/assignment-2-ds2/.metals/.reports/bloop/2025-04-20/r_Exception in thread ..._23-13-34-057.md)
Apr 20, 2025 11:48:36 PM scala.meta.internal.metals.StdReporter $anonfun$create$1
WARNING: at mapreduce.MapReduce.main(mapreduceapp.scala) (full report at: /Users/pablomujica/school/assignment-2-ds2/.metals/.reports/bloop/2025-04-20/r_at mapreduce.MapRedu..._23-13-34-062.md)
Apr 20, 2025 11:48:36 PM scala.meta.internal.metals.StdReporter $anonfun$create$1
WARNING: Caused by: com.typesafe.config.ConfigException$Missing: merge of system properties,application.conf ... (full report at: /Users/pablomujica/school/assignment-2-ds2/.metals/.reports/bloop/2025-04-20/r_Caused by: com.types..._23-48-36-881.md)
Apr 20, 2025 11:48:36 PM scala.meta.internal.metals.StdReporter $anonfun$create$1
WARNING: at com.typesafe.config.impl.SimpleConfig.findKeyOrNull(SimpleConfig.java:157) (full report at: /Users/pablomujica/school/assignment-2-ds2/.metals/.reports/bloop/2025-04-20/r_at com.typesafe.conf..._23-48-36-884.md)
Apr 20, 2025 11:48:36 PM scala.meta.internal.metals.StdReporter $anonfun$create$1
WARNING: at com.typesafe.config.impl.SimpleConfig.findKey(SimpleConfig.java:150) (full report at: /Users/pablomujica/school/assignment-2-ds2/.metals/.reports/bloop/2025-04-20/r_at com.typesafe.conf..._23-48-36-885.md)
Apr 20, 2025 11:48:36 PM scala.meta.internal.metals.StdReporter $anonfun$create$1
WARNING: at com.typesafe.config.impl.SimpleConfig.findOrNull(SimpleConfig.java:177) (full report at: /Users/pablomujica/school/assignment-2-ds2/.metals/.reports/bloop/2025-04-20/r_at com.typesafe.conf..._23-48-36-887.md)
Apr 20, 2025 11:48:36 PM scala.meta.internal.metals.StdReporter $anonfun$create$1
WARNING: at com.typesafe.config.impl.SimpleConfig.find(SimpleConfig.java:189) (full report at: /Users/pablomujica/school/assignment-2-ds2/.metals/.reports/bloop/2025-04-20/r_at com.typesafe.conf..._23-48-36-888.md)
Apr 20, 2025 11:48:36 PM scala.meta.internal.metals.StdReporter $anonfun$create$1
WARNING: at com.typesafe.config.impl.SimpleConfig.find(SimpleConfig.java:194) (full report at: /Users/pablomujica/school/assignment-2-ds2/.metals/.reports/bloop/2025-04-20/r_at com.typesafe.conf..._23-48-36-889.md)
Apr 20, 2025 11:48:36 PM scala.meta.internal.metals.StdReporter $anonfun$create$1
WARNING: at com.typesafe.config.impl.SimpleConfig.getString(SimpleConfig.java:251) (full report at: /Users/pablomujica/school/assignment-2-ds2/.metals/.reports/bloop/2025-04-20/r_at com.typesafe.conf..._23-48-36-891.md)
Apr 20, 2025 11:48:36 PM scala.meta.internal.metals.StdReporter $anonfun$create$1
WARNING: at mapreduce.MapReduce$.$init$$$anonfun$1(mapreduceapp.scala:8) (full report at: /Users/pablomujica/school/assignment-2-ds2/.metals/.reports/bloop/2025-04-20/r_at mapreduce.MapRedu..._23-48-36-892.md)
Apr 20, 2025 11:48:36 PM scala.meta.internal.metals.StdReporter $anonfun$create$1
WARNING: at scala.runtime.java8.JFunction1$mcVI$sp.apply(JFunction1$mcVI$sp.scala:18) (full report at: /Users/pablomujica/school/assignment-2-ds2/.metals/.reports/bloop/2025-04-20/r_at scala.runtime.jav..._23-48-36-896.md)
Apr 20, 2025 11:48:36 PM scala.meta.internal.metals.StdReporter $anonfun$create$1
WARNING: at scala.collection.immutable.Range.foreach(Range.scala:190) (full report at: /Users/pablomujica/school/assignment-2-ds2/.metals/.reports/bloop/2025-04-20/r_at scala.collection...._23-48-36-898.md)
Apr 20, 2025 11:48:36 PM scala.meta.internal.metals.StdReporter $anonfun$create$1
WARNING: at mapreduce.MapReduce$.<clinit>(mapreduceapp.scala:7) (full report at: /Users/pablomujica/school/assignment-2-ds2/.metals/.reports/bloop/2025-04-20/r_at mapreduce.MapRedu..._23-48-36-904.md)
Apr 20, 2025 11:48:36 PM scala.meta.internal.metals.StdReporter $anonfun$create$1
WARNING: ... 1 more (full report at: /Users/pablomujica/school/assignment-2-ds2/.metals/.reports/bloop/2025-04-20/r_... 1 more_23-13-34-074.md)
2025.04.20 23:48:37 INFO  Canceling debug proxy for [mapreduce.MapReduce]
2025.04.20 23:48:37 INFO  Closing debug server tcp://0.0.0.0:49166
2025.04.20 23:48:52 INFO  compiling akka-scala-mr (1 scala source)
2025.04.20 23:48:52 INFO  compiling akka-scala-mr-test (1 scala source)
2025.04.20 23:48:52 INFO  time: compiled akka-scala-mr in 0.27s
2025.04.20 23:48:52 INFO  time: compiled akka-scala-mr-test in 0.51s
2025.04.20 23:48:58 INFO  compiling akka-scala-mr (1 scala source)
2025.04.20 23:48:58 INFO  compiling akka-scala-mr-test (1 scala source)
2025.04.20 23:48:58 INFO  time: compiled akka-scala-mr in 0.16s
2025.04.20 23:48:58 INFO  time: compiled akka-scala-mr-test in 0.39s
2025.04.20 23:49:00 INFO  tracing is disabled for protocol dap-server, to enable tracing of incoming and outgoing JSON messages create an empty file at /Users/pablomujica/school/assignment-2-ds2/.metals/dap-server.trace.json or /Users/pablomujica/Library/Caches/org.scalameta.metals/dap-server.trace.json
2025.04.20 23:49:00 INFO  tracing is disabled for protocol dap-client, to enable tracing of incoming and outgoing JSON messages create an empty file at /Users/pablomujica/school/assignment-2-ds2/.metals/dap-client.trace.json or /Users/pablomujica/Library/Caches/org.scalameta.metals/dap-client.trace.json
2025.04.20 23:49:00 INFO  Starting debug proxy for [mapreduce.MapReduce]
2025.04.20 23:49:00 INFO  Loaded expression compiler in 0 milliseconds
2025.04.20 23:49:00 INFO  Loaded step filter in 0 milliseconds
2025.04.20 23:49:00 INFO  Loaded all sources and classes in 658 milliseconds
2025.04.20 23:49:01 INFO  Initialized Scala 3 decoder in 539 milliseconds
2025.04.20 23:49:01 INFO  Trying to attach to remote debuggee VM localhost:49176 .
2025.04.20 23:49:01 INFO  Attaching to debuggee VM succeeded.
2025.04.20 23:49:12 INFO  compiling akka-scala-mr (1 scala source)
2025.04.20 23:49:12 INFO  compiling akka-scala-mr-test (1 scala source)
2025.04.20 23:49:12 INFO  time: compiled akka-scala-mr in 0.16s
2025.04.20 23:49:12 INFO  time: compiled akka-scala-mr-test in 0.49s
2025.04.20 23:49:14 INFO  Canceling debug proxy for [mapreduce.MapReduce]
2025.04.20 23:49:14 INFO  Closing debug server tcp://0.0.0.0:49174
2025.04.20 23:49:16 INFO  tracing is disabled for protocol dap-server, to enable tracing of incoming and outgoing JSON messages create an empty file at /Users/pablomujica/school/assignment-2-ds2/.metals/dap-server.trace.json or /Users/pablomujica/Library/Caches/org.scalameta.metals/dap-server.trace.json
2025.04.20 23:49:16 INFO  tracing is disabled for protocol dap-client, to enable tracing of incoming and outgoing JSON messages create an empty file at /Users/pablomujica/school/assignment-2-ds2/.metals/dap-client.trace.json or /Users/pablomujica/Library/Caches/org.scalameta.metals/dap-client.trace.json
2025.04.20 23:49:16 INFO  Starting debug proxy for [mapreduce.MapReduce]
2025.04.20 23:49:16 INFO  Loaded expression compiler in 0 milliseconds
2025.04.20 23:49:16 INFO  Loaded step filter in 0 milliseconds
2025.04.20 23:49:16 INFO  Loaded all sources and classes in 673 milliseconds
2025.04.20 23:49:17 INFO  Initialized Scala 3 decoder in 344 milliseconds
2025.04.20 23:49:17 INFO  Trying to attach to remote debuggee VM localhost:49185 .
2025.04.20 23:49:17 INFO  Attaching to debuggee VM succeeded.
2025.04.20 23:49:21 INFO  Canceling debug proxy for [mapreduce.MapReduce]
2025.04.20 23:49:21 INFO  Closing debug server tcp://0.0.0.0:49183
2025.04.20 23:49:25 INFO  compiling akka-scala-mr (1 scala source)
Apr 20, 2025 11:49:25 PM scala.meta.internal.metals.StdReporter $anonfun$create$1
WARNING: empty definition using pc, found symbol in pc: `<none>`. (full report at: /Users/pablomujica/school/assignment-2-ds2/.metals/.reports/metals-full/2025-04-20/r_empty-definition_22-29-47-274.md)
2025.04.20 23:49:25 INFO  compiling akka-scala-mr-test (1 scala source)
2025.04.20 23:49:25 INFO  time: compiled akka-scala-mr in 0.16s
2025.04.20 23:49:25 INFO  time: compiled akka-scala-mr-test in 0.42s
2025.04.20 23:49:31 INFO  tracing is disabled for protocol dap-server, to enable tracing of incoming and outgoing JSON messages create an empty file at /Users/pablomujica/school/assignment-2-ds2/.metals/dap-server.trace.json or /Users/pablomujica/Library/Caches/org.scalameta.metals/dap-server.trace.json
2025.04.20 23:49:31 INFO  tracing is disabled for protocol dap-client, to enable tracing of incoming and outgoing JSON messages create an empty file at /Users/pablomujica/school/assignment-2-ds2/.metals/dap-client.trace.json or /Users/pablomujica/Library/Caches/org.scalameta.metals/dap-client.trace.json
2025.04.20 23:49:32 INFO  Starting debug proxy for [mapreduce.MapReduce]
2025.04.20 23:49:32 INFO  Loaded expression compiler in 0 milliseconds
2025.04.20 23:49:32 INFO  Loaded step filter in 0 milliseconds
2025.04.20 23:49:33 INFO  Loaded all sources and classes in 1 second
2025.04.20 23:49:33 INFO  Initialized Scala 3 decoder in 538 milliseconds
2025.04.20 23:49:33 INFO  Trying to attach to remote debuggee VM localhost:49193 .
2025.04.20 23:49:33 INFO  Attaching to debuggee VM succeeded.
2025.04.20 23:49:41 INFO  Canceling debug proxy for [mapreduce.MapReduce]
2025.04.20 23:49:41 INFO  Closing debug server tcp://0.0.0.0:49191
2025.04.20 23:49:43 INFO  tracing is disabled for protocol dap-server, to enable tracing of incoming and outgoing JSON messages create an empty file at /Users/pablomujica/school/assignment-2-ds2/.metals/dap-server.trace.json or /Users/pablomujica/Library/Caches/org.scalameta.metals/dap-server.trace.json
2025.04.20 23:49:43 INFO  tracing is disabled for protocol dap-client, to enable tracing of incoming and outgoing JSON messages create an empty file at /Users/pablomujica/school/assignment-2-ds2/.metals/dap-client.trace.json or /Users/pablomujica/Library/Caches/org.scalameta.metals/dap-client.trace.json
2025.04.20 23:49:43 INFO  Starting debug proxy for [mapreduce.MapReduce]
2025.04.20 23:49:43 INFO  Loaded expression compiler in 1 millisecond
2025.04.20 23:49:43 INFO  Loaded step filter in 0 milliseconds
2025.04.20 23:49:43 INFO  Loaded all sources and classes in 624 milliseconds
2025.04.20 23:49:43 INFO  Initialized Scala 3 decoder in 320 milliseconds
2025.04.20 23:49:43 INFO  Trying to attach to remote debuggee VM localhost:49200 .
2025.04.20 23:49:43 INFO  Attaching to debuggee VM succeeded.
2025.04.20 23:49:56 INFO  Canceling debug proxy for [mapreduce.MapReduce]
2025.04.20 23:49:56 INFO  Closing debug server tcp://0.0.0.0:49198
2025.04.20 23:50:02 INFO  compiling akka-scala-mr (1 scala source)
2025.04.20 23:50:02 INFO  compiling akka-scala-mr-test (1 scala source)
2025.04.20 23:50:02 INFO  time: compiled akka-scala-mr in 0.15s
2025.04.20 23:50:02 INFO  time: compiled akka-scala-mr-test in 0.39s
2025.04.20 23:50:05 INFO  tracing is disabled for protocol dap-server, to enable tracing of incoming and outgoing JSON messages create an empty file at /Users/pablomujica/school/assignment-2-ds2/.metals/dap-server.trace.json or /Users/pablomujica/Library/Caches/org.scalameta.metals/dap-server.trace.json
2025.04.20 23:50:05 INFO  tracing is disabled for protocol dap-client, to enable tracing of incoming and outgoing JSON messages create an empty file at /Users/pablomujica/school/assignment-2-ds2/.metals/dap-client.trace.json or /Users/pablomujica/Library/Caches/org.scalameta.metals/dap-client.trace.json
2025.04.20 23:50:05 INFO  Starting debug proxy for [mapreduce.MapReduce]
2025.04.20 23:50:05 INFO  Loaded expression compiler in 1 millisecond
2025.04.20 23:50:05 INFO  Loaded step filter in 0 milliseconds
2025.04.20 23:50:05 INFO  Loaded all sources and classes in 574 milliseconds
2025.04.20 23:50:06 INFO  Initialized Scala 3 decoder in 517 milliseconds
2025.04.20 23:50:06 INFO  Trying to attach to remote debuggee VM localhost:49207 .
2025.04.20 23:50:06 INFO  Attaching to debuggee VM succeeded.
2025.04.20 23:50:24 INFO  compiling akka-scala-mr (1 scala source)
2025.04.20 23:50:24 INFO  compiling akka-scala-mr-test (1 scala source)
2025.04.20 23:50:24 INFO  time: compiled akka-scala-mr in 0.19s
2025.04.20 23:50:24 INFO  time: compiled akka-scala-mr-test in 0.49s
2025.04.20 23:50:37 INFO  Canceling debug proxy for [mapreduce.MapReduce]
2025.04.20 23:50:37 INFO  Closing debug server tcp://0.0.0.0:49205
2025.04.20 23:50:58 INFO  tracing is disabled for protocol dap-server, to enable tracing of incoming and outgoing JSON messages create an empty file at /Users/pablomujica/school/assignment-2-ds2/.metals/dap-server.trace.json or /Users/pablomujica/Library/Caches/org.scalameta.metals/dap-server.trace.json
2025.04.20 23:50:58 INFO  tracing is disabled for protocol dap-client, to enable tracing of incoming and outgoing JSON messages create an empty file at /Users/pablomujica/school/assignment-2-ds2/.metals/dap-client.trace.json or /Users/pablomujica/Library/Caches/org.scalameta.metals/dap-client.trace.json
2025.04.20 23:50:58 INFO  Starting debug proxy for [mapreduce.MapReduce]
2025.04.20 23:50:58 INFO  Loaded expression compiler in 1 millisecond
2025.04.20 23:50:58 INFO  Loaded step filter in 0 milliseconds
2025.04.20 23:50:58 INFO  Loaded all sources and classes in 635 milliseconds
2025.04.20 23:50:59 INFO  Initialized Scala 3 decoder in 506 milliseconds
2025.04.20 23:50:59 INFO  Trying to attach to remote debuggee VM localhost:49217 .
2025.04.20 23:50:59 INFO  Attaching to debuggee VM succeeded.
Apr 20, 2025 11:52:02 PM scala.meta.internal.metals.StdReporter $anonfun$create$1
WARNING: [error response][evaluate]: source.split("|") (of class scala.meta.Term$Apply$TermApplyImpl) (full report at: /Users/pablomujica/school/assignment-2-ds2/.metals/.reports/bloop/2025-04-20/r_[error response][eva..._23-52-02-746.md)
2025.04.20 23:53:51 INFO  compiling akka-scala-mr (1 scala source)
2025.04.20 23:53:51 INFO  time: compiled akka-scala-mr in 0.26s
2025.04.20 23:53:51 INFO  compiling akka-scala-mr-test (1 scala source)
2025.04.20 23:53:51 INFO  time: compiled akka-scala-mr-test in 0.45s
2025.04.20 23:54:04 INFO  compiling akka-scala-mr (1 scala source)
2025.04.20 23:54:04 INFO  compiling akka-scala-mr-test (1 scala source)
2025.04.20 23:54:04 INFO  time: compiled akka-scala-mr in 0.14s
2025.04.20 23:54:04 INFO  time: compiled akka-scala-mr-test in 0.45s
2025.04.20 23:54:07 INFO  Canceling debug proxy for [mapreduce.MapReduce]
2025.04.20 23:54:07 INFO  Closing debug server tcp://0.0.0.0:49215
2025.04.20 23:54:09 INFO  compiling akka-scala-mr (1 scala source)
2025.04.20 23:54:09 INFO  compiling akka-scala-mr-test (1 scala source)
2025.04.20 23:54:09 INFO  time: compiled akka-scala-mr in 0.12s
2025.04.20 23:54:09 INFO  time: compiled akka-scala-mr-test in 0.38s
2025.04.20 23:54:13 INFO  tracing is disabled for protocol dap-server, to enable tracing of incoming and outgoing JSON messages create an empty file at /Users/pablomujica/school/assignment-2-ds2/.metals/dap-server.trace.json or /Users/pablomujica/Library/Caches/org.scalameta.metals/dap-server.trace.json
2025.04.20 23:54:13 INFO  tracing is disabled for protocol dap-client, to enable tracing of incoming and outgoing JSON messages create an empty file at /Users/pablomujica/school/assignment-2-ds2/.metals/dap-client.trace.json or /Users/pablomujica/Library/Caches/org.scalameta.metals/dap-client.trace.json
2025.04.20 23:54:13 INFO  Starting debug proxy for [mapreduce.MapReduce]
2025.04.20 23:54:13 INFO  Loaded expression compiler in 0 milliseconds
2025.04.20 23:54:13 INFO  Loaded step filter in 0 milliseconds
2025.04.20 23:54:13 INFO  Loaded all sources and classes in 611 milliseconds
2025.04.20 23:54:13 INFO  Initialized Scala 3 decoder in 353 milliseconds
2025.04.20 23:54:13 INFO  Trying to attach to remote debuggee VM localhost:49246 .
2025.04.20 23:54:13 INFO  Attaching to debuggee VM succeeded.
Apr 20, 2025 11:54:47 PM scala.meta.internal.metals.StdReporter $anonfun$create$1
WARNING: empty definition using pc, found symbol in pc: `<none>`. (full report at: /Users/pablomujica/school/assignment-2-ds2/.metals/.reports/metals-full/2025-04-20/r_empty-definition_22-29-47-274.md)
Apr 20, 2025 11:54:48 PM scala.meta.internal.metals.StdReporter $anonfun$create$1
WARNING: empty definition using pc, found symbol in pc: `<none>`. (full report at: /Users/pablomujica/school/assignment-2-ds2/.metals/.reports/metals-full/2025-04-20/r_empty-definition_22-29-47-274.md)
2025.04.20 23:55:25 INFO  compiling akka-scala-mr (1 scala source)
2025.04.20 23:55:25 INFO  time: compiled akka-scala-mr in 0.15s
2025.04.20 23:55:25 INFO  compiling akka-scala-mr-test (1 scala source)
2025.04.20 23:55:25 INFO  time: compiled akka-scala-mr-test in 0.43s
2025.04.20 23:55:27 INFO  Canceling debug proxy for [mapreduce.MapReduce]
2025.04.20 23:55:27 INFO  Closing debug server tcp://0.0.0.0:49244
2025.04.20 23:55:29 INFO  tracing is disabled for protocol dap-server, to enable tracing of incoming and outgoing JSON messages create an empty file at /Users/pablomujica/school/assignment-2-ds2/.metals/dap-server.trace.json or /Users/pablomujica/Library/Caches/org.scalameta.metals/dap-server.trace.json
2025.04.20 23:55:29 INFO  tracing is disabled for protocol dap-client, to enable tracing of incoming and outgoing JSON messages create an empty file at /Users/pablomujica/school/assignment-2-ds2/.metals/dap-client.trace.json or /Users/pablomujica/Library/Caches/org.scalameta.metals/dap-client.trace.json
2025.04.20 23:55:29 INFO  Starting debug proxy for [mapreduce.MapReduce]
2025.04.20 23:55:29 INFO  Loaded expression compiler in 0 milliseconds
2025.04.20 23:55:29 INFO  Loaded step filter in 0 milliseconds
2025.04.20 23:55:29 INFO  Loaded all sources and classes in 768 milliseconds
2025.04.20 23:55:31 INFO  Initialized Scala 3 decoder in 660 milliseconds
2025.04.20 23:55:31 INFO  Trying to attach to remote debuggee VM localhost:49264 .
2025.04.20 23:55:31 INFO  Attaching to debuggee VM succeeded.
2025.04.20 23:56:16 INFO  Canceling debug proxy for [mapreduce.MapReduce]
2025.04.20 23:56:16 INFO  Closing debug server tcp://0.0.0.0:49262
2025.04.20 23:57:51 INFO  compiling akka-scala-mr (1 scala source)
2025.04.20 23:57:51 INFO  compiling akka-scala-mr-test (1 scala source)
2025.04.20 23:57:51 INFO  time: compiled akka-scala-mr in 0.15s
2025.04.20 23:57:51 INFO  time: compiled akka-scala-mr-test in 0.43s
2025.04.20 23:57:52 INFO  tracing is disabled for protocol dap-server, to enable tracing of incoming and outgoing JSON messages create an empty file at /Users/pablomujica/school/assignment-2-ds2/.metals/dap-server.trace.json or /Users/pablomujica/Library/Caches/org.scalameta.metals/dap-server.trace.json
2025.04.20 23:57:52 INFO  tracing is disabled for protocol dap-client, to enable tracing of incoming and outgoing JSON messages create an empty file at /Users/pablomujica/school/assignment-2-ds2/.metals/dap-client.trace.json or /Users/pablomujica/Library/Caches/org.scalameta.metals/dap-client.trace.json
2025.04.20 23:57:52 INFO  Starting debug proxy for [mapreduce.MapReduce]
2025.04.20 23:57:52 INFO  Loaded expression compiler in 1 millisecond
2025.04.20 23:57:52 INFO  Loaded step filter in 0 milliseconds
2025.04.20 23:57:52 INFO  Loaded all sources and classes in 953 milliseconds
2025.04.20 23:57:54 INFO  Initialized Scala 3 decoder in 445 milliseconds
2025.04.20 23:57:54 INFO  Trying to attach to remote debuggee VM localhost:49491 .
2025.04.20 23:57:54 INFO  Attaching to debuggee VM succeeded.
2025.04.20 23:59:24 INFO  compiling akka-scala-mr (1 scala source)
2025.04.20 23:59:24 INFO  time: compiled akka-scala-mr in 83ms
Apr 20, 2025 11:59:24 PM scala.meta.internal.metals.StdReporter $anonfun$create$1
WARNING: empty definition using pc, found symbol in pc: `<none>`. (full report at: /Users/pablomujica/school/assignment-2-ds2/.metals/.reports/metals-full/2025-04-20/r_empty-definition_22-29-47-274.md)
2025.04.20 23:59:25 INFO  Canceling debug proxy for [mapreduce.MapReduce]
2025.04.20 23:59:25 INFO  Closing debug server tcp://0.0.0.0:49489
2025.04.20 23:59:26 ERROR scala.meta.internal.metals.debug.DiscoveryFailures$WorkspaceErrorsException$: Cannot run class, since the workspace has errors.
	at scala.meta.internal.metals.debug.DiscoveryFailures$WorkspaceErrorsException$.<clinit>(DiscoveryFailures.scala:53)
	at scala.meta.internal.metals.debug.DebugProvider.ensureNoWorkspaceErrors(DebugProvider.scala:458)
	at scala.meta.internal.metals.MetalsLspService.startDebugProvider(MetalsLspService.scala:1484)
	at scala.meta.internal.metals.WorkspaceLspService.executeCommand(WorkspaceLspService.scala:1053)
	at scala.meta.metals.lsp.DelegatingScalaService.executeCommand(DelegatingScalaService.scala:169)
	at jdk.internal.reflect.GeneratedMethodAccessor17.invoke(null)
	at jdk.internal.reflect.DelegatingMethodAccessorImpl.invoke(DelegatingMethodAccessorImpl.java:43)
	at java.lang.reflect.Method.invoke(Method.java:568)
	at org.eclipse.lsp4j.jsonrpc.services.GenericEndpoint.lambda$recursiveFindRpcMethods$0(GenericEndpoint.java:65)
	at org.eclipse.lsp4j.jsonrpc.services.GenericEndpoint.request(GenericEndpoint.java:128)
	at org.eclipse.lsp4j.jsonrpc.RemoteEndpoint.handleRequest(RemoteEndpoint.java:271)
	at org.eclipse.lsp4j.jsonrpc.RemoteEndpoint.consume(RemoteEndpoint.java:201)
	at org.eclipse.lsp4j.jsonrpc.json.StreamMessageProducer.handleMessage(StreamMessageProducer.java:185)
	at org.eclipse.lsp4j.jsonrpc.json.StreamMessageProducer.listen(StreamMessageProducer.java:97)
	at org.eclipse.lsp4j.jsonrpc.json.ConcurrentMessageProcessor.run(ConcurrentMessageProcessor.java:114)
	at java.util.concurrent.Executors$RunnableAdapter.call(Executors.java:539)
	at java.util.concurrent.FutureTask.run(FutureTask.java:264)
	at java.util.concurrent.ThreadPoolExecutor.runWorker(ThreadPoolExecutor.java:1136)
	at java.util.concurrent.ThreadPoolExecutor$Worker.run(ThreadPoolExecutor.java:635)
	at java.lang.Thread.run(Thread.java:842)

2025.04.20 23:59:41 INFO  compiling akka-scala-mr (1 scala source)
2025.04.20 23:59:41 INFO  compiling akka-scala-mr-test (1 scala source)
2025.04.20 23:59:41 INFO  time: compiled akka-scala-mr in 0.14s
2025.04.20 23:59:41 INFO  time: compiled akka-scala-mr-test in 0.39s
2025.04.20 23:59:45 INFO  compiling akka-scala-mr (1 scala source)
2025.04.20 23:59:45 INFO  time: compiled akka-scala-mr in 62ms
2025.04.20 23:59:46 INFO  compiling akka-scala-mr (1 scala source)
2025.04.20 23:59:46 INFO  compiling akka-scala-mr-test (1 scala source)
2025.04.20 23:59:46 INFO  time: compiled akka-scala-mr in 0.11s
2025.04.20 23:59:46 INFO  time: compiled akka-scala-mr-test in 0.36s
2025.04.20 23:59:47 INFO  compiling akka-scala-mr (1 scala source)
2025.04.20 23:59:47 INFO  time: compiled akka-scala-mr in 67ms
2025.04.20 23:59:48 INFO  time: compiled akka-scala-mr in 11ms
2025.04.20 23:59:48 INFO  compiling akka-scala-mr-test (1 scala source)
2025.04.20 23:59:48 INFO  time: compiled akka-scala-mr-test in 0.37s
2025.04.20 23:59:52 INFO  tracing is disabled for protocol dap-server, to enable tracing of incoming and outgoing JSON messages create an empty file at /Users/pablomujica/school/assignment-2-ds2/.metals/dap-server.trace.json or /Users/pablomujica/Library/Caches/org.scalameta.metals/dap-server.trace.json
2025.04.20 23:59:52 INFO  tracing is disabled for protocol dap-client, to enable tracing of incoming and outgoing JSON messages create an empty file at /Users/pablomujica/school/assignment-2-ds2/.metals/dap-client.trace.json or /Users/pablomujica/Library/Caches/org.scalameta.metals/dap-client.trace.json
2025.04.20 23:59:52 INFO  Starting debug proxy for [mapreduce.MapReduce]
2025.04.20 23:59:52 INFO  Loaded expression compiler in 0 milliseconds
2025.04.20 23:59:52 INFO  Loaded step filter in 0 milliseconds
2025.04.20 23:59:52 INFO  Loaded all sources and classes in 703 milliseconds
2025.04.20 23:59:53 INFO  Initialized Scala 3 decoder in 485 milliseconds
2025.04.20 23:59:53 INFO  Trying to attach to remote debuggee VM localhost:49538 .
2025.04.20 23:59:53 INFO  Attaching to debuggee VM succeeded.
Apr 21, 2025 12:00:53 AM scala.meta.internal.metals.StdReporter $anonfun$create$1
WARNING: empty definition using pc, found symbol in pc: `<none>`. (full report at: /Users/pablomujica/school/assignment-2-ds2/.metals/.reports/metals-full/2025-04-20/r_empty-definition_22-29-47-274.md)
Apr 21, 2025 12:01:12 AM scala.meta.internal.metals.StdReporter $anonfun$create$1
WARNING: empty definition using pc, found symbol in pc: `<none>`. (full report at: /Users/pablomujica/school/assignment-2-ds2/.metals/.reports/metals-full/2025-04-20/r_empty-definition_22-29-47-274.md)
2025.04.21 00:01:12 INFO  compiling akka-scala-mr (1 scala source)
Apr 21, 2025 12:01:12 AM scala.meta.internal.metals.StdReporter $anonfun$create$1
WARNING: empty definition using pc, found symbol in pc: `<none>`. (full report at: /Users/pablomujica/school/assignment-2-ds2/.metals/.reports/metals-full/2025-04-20/r_empty-definition_22-29-47-274.md)
Apr 21, 2025 12:01:12 AM scala.meta.internal.metals.StdReporter $anonfun$create$1
WARNING: empty definition using pc, found symbol in pc: `<none>`. (full report at: /Users/pablomujica/school/assignment-2-ds2/.metals/.reports/metals-full/2025-04-20/r_empty-definition_22-29-47-274.md)
2025.04.21 00:01:12 INFO  time: compiled akka-scala-mr in 0.26s
Apr 21, 2025 12:01:15 AM org.eclipse.lsp4j.jsonrpc.RemoteEndpoint handleCancellation
WARNING: Unmatched cancel notification for request id 3825
2025.04.21 00:01:20 INFO  compiling akka-scala-mr (2 scala sources)
2025.04.21 00:01:20 INFO  time: compiled akka-scala-mr in 95ms
Apr 21, 2025 12:01:26 AM scala.meta.internal.metals.StdReporter $anonfun$create$1
WARNING: empty definition using pc, found symbol in pc: `<none>`. (full report at: /Users/pablomujica/school/assignment-2-ds2/.metals/.reports/metals-full/2025-04-20/r_empty-definition_22-29-47-274.md)
2025.04.21 00:01:26 INFO  compiling akka-scala-mr (2 scala sources)
2025.04.21 00:01:26 INFO  time: compiled akka-scala-mr in 0.19s
2025.04.21 00:01:41 INFO  compiling akka-scala-mr (2 scala sources)
2025.04.21 00:01:41 INFO  time: compiled akka-scala-mr in 88ms
Apr 21, 2025 12:01:44 AM org.eclipse.lsp4j.jsonrpc.RemoteEndpoint handleCancellation
WARNING: Unmatched cancel notification for request id 3906
2025.04.21 00:01:56 INFO  compiling akka-scala-mr (2 scala sources)
2025.04.21 00:01:56 INFO  time: compiled akka-scala-mr in 76ms
2025.04.21 00:02:11 INFO  compiling akka-scala-mr (2 scala sources)
2025.04.21 00:02:11 INFO  time: compiled akka-scala-mr in 0.14s
2025.04.21 00:02:11 INFO  compiling akka-scala-mr-test (1 scala source)
2025.04.21 00:02:11 INFO  time: compiled akka-scala-mr-test in 0.44s
2025.04.21 00:02:15 INFO  compiling akka-scala-mr (1 scala source)
2025.04.21 00:02:15 INFO  time: compiled akka-scala-mr in 66ms
2025.04.21 00:02:29 INFO  compiling akka-scala-mr (1 scala source)
2025.04.21 00:02:29 INFO  time: compiled akka-scala-mr in 34ms
2025.04.21 00:02:41 INFO  compiling akka-scala-mr (1 scala source)
2025.04.21 00:02:41 INFO  time: compiled akka-scala-mr in 25ms
2025.04.21 00:03:04 INFO  compiling akka-scala-mr (1 scala source)
2025.04.21 00:03:04 INFO  time: compiled akka-scala-mr in 64ms
2025.04.21 00:03:09 INFO  compiling akka-scala-mr (1 scala source)
2025.04.21 00:03:09 INFO  time: compiled akka-scala-mr in 0.18s
2025.04.21 00:03:12 INFO  compiling akka-scala-mr (1 scala source)
2025.04.21 00:03:12 INFO  time: compiled akka-scala-mr in 0.17s
2025.04.21 00:03:50 INFO  compiling akka-scala-mr (2 scala sources)
2025.04.21 00:03:50 WARN  Could not load snapshot text for /Users/pablomujica/school/assignment-2-ds2/akka-scala-mr/src/main/scala/mapreduce/mapreduceapp.scala
2025.04.21 00:03:50 INFO  time: compiled akka-scala-mr in 0.2s
2025.04.21 00:03:52 INFO  compiling akka-scala-mr (2 scala sources)
2025.04.21 00:03:52 INFO  time: compiled akka-scala-mr in 73ms
2025.04.21 00:03:55 INFO  compiling akka-scala-mr (2 scala sources)
2025.04.21 00:03:55 INFO  time: compiled akka-scala-mr in 77ms
2025.04.21 00:04:02 INFO  compiling akka-scala-mr (2 scala sources)
2025.04.21 00:04:02 INFO  compiling akka-scala-mr-test (1 scala source)
2025.04.21 00:04:02 INFO  time: compiled akka-scala-mr in 0.23s
2025.04.21 00:04:02 INFO  time: compiled akka-scala-mr-test in 0.4s
Apr 21, 2025 12:04:40 AM org.eclipse.lsp4j.jsonrpc.RemoteEndpoint handleCancellation
WARNING: Unmatched cancel notification for request id 4293
2025.04.21 00:04:41 INFO  compiling akka-scala-mr (1 scala source)
2025.04.21 00:04:41 INFO  time: compiled akka-scala-mr in 35ms
2025.04.21 00:04:44 INFO  compiling akka-scala-mr (1 scala source)
2025.04.21 00:04:44 INFO  time: compiled akka-scala-mr in 29ms
Apr 21, 2025 12:04:44 AM scala.meta.internal.metals.StdReporter $anonfun$create$1
WARNING: empty definition using pc, found symbol in pc: `<none>`. (full report at: /Users/pablomujica/school/assignment-2-ds2/.metals/.reports/metals-full/2025-04-20/r_empty-definition_22-29-47-274.md)
Exception in thread "pool-602-thread-1" java.lang.InterruptedException
	at scala.meta.internal.metals.FutureCancelToken.checkCanceled(FutureCancelToken.scala:29)
	at scala.meta.internal.pc.CompilerAccess.onCompilerJobQueue$$anonfun$1(CompilerAccess.scala:244)
	at scala.meta.internal.pc.CompilerJobQueue$Job.run(CompilerJobQueue.scala:153)
	at java.base/java.util.concurrent.ThreadPoolExecutor.runWorker(ThreadPoolExecutor.java:1136)
	at java.base/java.util.concurrent.ThreadPoolExecutor$Worker.run(ThreadPoolExecutor.java:635)
	at java.base/java.lang.Thread.run(Thread.java:842)
Apr 21, 2025 12:04:49 AM org.eclipse.lsp4j.jsonrpc.RemoteEndpoint handleCancellation
WARNING: Unmatched cancel notification for request id 4333
2025.04.21 00:04:49 INFO  compiling akka-scala-mr (2 scala sources)
2025.04.21 00:04:49 INFO  time: compiled akka-scala-mr in 76ms
2025.04.21 00:05:36 INFO  compiling akka-scala-mr (2 scala sources)
2025.04.21 00:05:36 INFO  time: compiled akka-scala-mr in 82ms
2025.04.21 00:05:41 INFO  compiling akka-scala-mr (2 scala sources)
2025.04.21 00:05:41 INFO  time: compiled akka-scala-mr in 77ms
Apr 21, 2025 12:05:44 AM scala.meta.internal.metals.StdReporter $anonfun$create$1
WARNING: empty definition using pc, found symbol in pc: `<none>`. (full report at: /Users/pablomujica/school/assignment-2-ds2/.metals/.reports/metals-full/2025-04-20/r_empty-definition_22-29-47-274.md)
Apr 21, 2025 12:05:44 AM scala.meta.internal.metals.StdReporter $anonfun$create$1
WARNING: empty definition using pc, found symbol in pc: `<none>`. (full report at: /Users/pablomujica/school/assignment-2-ds2/.metals/.reports/metals-full/2025-04-20/r_empty-definition_22-29-47-274.md)
Apr 21, 2025 12:05:47 AM org.eclipse.lsp4j.jsonrpc.RemoteEndpoint handleCancellation
WARNING: Unmatched cancel notification for request id 4455
2025.04.21 00:05:56 INFO  compiling akka-scala-mr (2 scala sources)
2025.04.21 00:05:56 INFO  time: compiled akka-scala-mr in 74ms
2025.04.21 00:06:02 INFO  compiling akka-scala-mr (2 scala sources)
2025.04.21 00:06:02 INFO  time: compiled akka-scala-mr in 67ms
2025.04.21 00:07:10 INFO  compiling akka-scala-mr (2 scala sources)
2025.04.21 00:07:10 INFO  time: compiled akka-scala-mr in 74ms
Apr 21, 2025 12:07:16 AM org.eclipse.lsp4j.jsonrpc.RemoteEndpoint handleCancellation
WARNING: Unmatched cancel notification for request id 4589
2025.04.21 00:08:00 INFO  compiling akka-scala-mr (2 scala sources)
2025.04.21 00:08:00 INFO  time: compiled akka-scala-mr in 73ms
2025.04.21 00:10:55 INFO  compiling akka-scala-mr (2 scala sources)
2025.04.21 00:10:55 INFO  time: compiled akka-scala-mr in 92ms
2025.04.21 00:10:58 INFO  compiling akka-scala-mr (2 scala sources)
2025.04.21 00:10:58 INFO  time: compiled akka-scala-mr in 65ms
Apr 21, 2025 12:10:59 AM scala.meta.internal.metals.StdReporter $anonfun$create$1
WARNING: empty definition using pc, found symbol in pc: `<none>`. (full report at: /Users/pablomujica/school/assignment-2-ds2/.metals/.reports/metals-full/2025-04-20/r_empty-definition_22-29-47-274.md)
Apr 21, 2025 12:10:59 AM scala.meta.internal.metals.StdReporter $anonfun$create$1
WARNING: empty definition using pc, found symbol in pc: `<none>`. (full report at: /Users/pablomujica/school/assignment-2-ds2/.metals/.reports/metals-full/2025-04-20/r_empty-definition_22-29-47-274.md)
Apr 21, 2025 12:10:59 AM scala.meta.internal.metals.StdReporter $anonfun$create$1
WARNING: empty definition using pc, found symbol in pc: `<none>`. (full report at: /Users/pablomujica/school/assignment-2-ds2/.metals/.reports/metals-full/2025-04-20/r_empty-definition_22-29-47-274.md)
2025.04.21 00:11:02 INFO  compiling akka-scala-mr (2 scala sources)
Apr 21, 2025 12:11:02 AM scala.meta.internal.metals.StdReporter $anonfun$create$1
WARNING: empty definition using pc, found symbol in pc: `<none>`. (full report at: /Users/pablomujica/school/assignment-2-ds2/.metals/.reports/metals-full/2025-04-20/r_empty-definition_22-29-47-274.md)
2025.04.21 00:11:02 INFO  time: compiled akka-scala-mr in 0.2s
Apr 21, 2025 12:12:00 AM org.eclipse.lsp4j.jsonrpc.RemoteEndpoint handleCancellation
WARNING: Unmatched cancel notification for request id 4956
2025.04.21 00:12:14 INFO  compiling akka-scala-mr (2 scala sources)
2025.04.21 00:12:14 INFO  time: compiled akka-scala-mr in 0.11s
2025.04.21 00:12:40 INFO  compiling akka-scala-mr (3 scala sources)
2025.04.21 00:12:40 INFO  time: compiled akka-scala-mr in 0.1s
2025.04.21 00:12:48 INFO  compiling akka-scala-mr (2 scala sources)
2025.04.21 00:12:48 INFO  time: compiled akka-scala-mr in 81ms
2025.04.21 00:13:16 INFO  compiling akka-scala-mr (3 scala sources)
Apr 21, 2025 12:13:16 AM org.eclipse.lsp4j.jsonrpc.RemoteEndpoint handleCancellation
WARNING: Unmatched cancel notification for request id 5011
2025.04.21 00:13:16 INFO  time: compiled akka-scala-mr in 0.1s
2025.04.21 00:13:24 INFO  compiling akka-scala-mr (3 scala sources)
2025.04.21 00:13:24 INFO  time: compiled akka-scala-mr in 71ms
Apr 21, 2025 12:13:31 AM org.eclipse.lsp4j.jsonrpc.RemoteEndpoint handleCancellation
WARNING: Unmatched cancel notification for request id 5113
2025.04.21 00:13:33 INFO  compiling akka-scala-mr (3 scala sources)
2025.04.21 00:13:33 INFO  time: compiled akka-scala-mr in 88ms
Apr 21, 2025 12:13:52 AM org.eclipse.lsp4j.jsonrpc.RemoteEndpoint handleCancellation
WARNING: Unmatched cancel notification for request id 5177
2025.04.21 00:13:59 INFO  compiling akka-scala-mr (3 scala sources)
2025.04.21 00:13:59 INFO  time: compiled akka-scala-mr in 89ms
2025.04.21 00:14:17 INFO  compiling akka-scala-mr (3 scala sources)
2025.04.21 00:14:17 INFO  time: compiled akka-scala-mr in 76ms
2025.04.21 00:14:19 INFO  compiling akka-scala-mr (3 scala sources)
2025.04.21 00:14:19 INFO  time: compiled akka-scala-mr in 71ms
2025.04.21 00:14:25 INFO  compiling akka-scala-mr (3 scala sources)
2025.04.21 00:14:25 INFO  time: compiled akka-scala-mr in 80ms
Apr 21, 2025 12:14:33 AM org.eclipse.lsp4j.jsonrpc.RemoteEndpoint handleCancellation
WARNING: Unmatched cancel notification for request id 5271
Apr 21, 2025 12:14:39 AM org.eclipse.lsp4j.jsonrpc.RemoteEndpoint handleCancellation
WARNING: Unmatched cancel notification for request id 5296
Apr 21, 2025 12:14:46 AM org.eclipse.lsp4j.jsonrpc.RemoteEndpoint handleCancellation
WARNING: Unmatched cancel notification for request id 5307
2025.04.21 00:15:02 INFO  compiling akka-scala-mr (3 scala sources)
2025.04.21 00:15:02 INFO  time: compiled akka-scala-mr in 72ms
2025.04.21 00:15:20 INFO  compiling akka-scala-mr (4 scala sources)
Apr 21, 2025 12:15:20 AM org.eclipse.lsp4j.jsonrpc.RemoteEndpoint handleCancellation
WARNING: Unmatched cancel notification for request id 5427
2025.04.21 00:15:20 INFO  time: compiled akka-scala-mr in 97ms
2025.04.21 00:15:33 INFO  compiling akka-scala-mr (4 scala sources)
2025.04.21 00:15:33 INFO  time: compiled akka-scala-mr in 74ms
2025.04.21 00:15:34 INFO  compiling akka-scala-mr (4 scala sources)
2025.04.21 00:15:34 INFO  time: compiled akka-scala-mr in 69ms
2025.04.21 00:16:22 INFO  compiling akka-scala-mr (4 scala sources)
2025.04.21 00:16:22 INFO  time: compiled akka-scala-mr in 73ms
2025.04.21 00:16:23 INFO  compiling akka-scala-mr (4 scala sources)
2025.04.21 00:16:23 INFO  time: compiled akka-scala-mr in 0.21s
Apr 21, 2025 12:35:38 AM org.eclipse.lsp4j.jsonrpc.RemoteEndpoint handleCancellation
WARNING: Unmatched cancel notification for request id 5884
2025.04.21 00:35:53 INFO  compiling akka-scala-mr (4 scala sources)
2025.04.21 00:35:53 INFO  time: compiled akka-scala-mr in 0.27s
2025.04.21 00:36:33 INFO  compiling akka-scala-mr (4 scala sources)
2025.04.21 00:36:33 INFO  time: compiled akka-scala-mr in 0.21s
2025.04.21 00:37:54 INFO  compiling akka-scala-mr (4 scala sources)
2025.04.21 00:37:54 INFO  time: compiled akka-scala-mr in 0.22s
2025.04.21 00:38:07 INFO  compiling akka-scala-mr (4 scala sources)
2025.04.21 00:38:07 INFO  time: compiled akka-scala-mr in 77ms
2025.04.21 00:38:24 INFO  compiling akka-scala-mr (4 scala sources)
2025.04.21 00:38:24 INFO  time: compiled akka-scala-mr in 0.18s
2025.04.21 00:38:24 WARN  Could not find 'MapActor' using presentation compiler nor semanticdb. Trying to guess the definition using available information from local class context. 
Apr 21, 2025 12:38:24 AM scala.meta.internal.metals.StdReporter $anonfun$create$1
WARNING: empty definition using pc, found symbol in pc: `<none>`. (full report at: /Users/pablomujica/school/assignment-2-ds2/.metals/.reports/metals-full/2025-04-20/r_empty-definition_22-29-47-274.md)
2025.04.21 00:38:58 INFO  compiling akka-scala-mr (4 scala sources)
2025.04.21 00:38:58 INFO  time: compiled akka-scala-mr in 73ms
2025.04.21 00:39:04 INFO  compiling akka-scala-mr (4 scala sources)
2025.04.21 00:39:04 INFO  time: compiled akka-scala-mr in 0.2s
2025.04.21 00:39:47 INFO  compiling akka-scala-mr (4 scala sources)
2025.04.21 00:39:47 INFO  time: compiled akka-scala-mr in 0.22s
2025.04.21 00:40:02 INFO  compiling akka-scala-mr (4 scala sources)
2025.04.21 00:40:02 INFO  time: compiled akka-scala-mr in 71ms
2025.04.21 00:40:22 INFO  compiling akka-scala-mr (4 scala sources)
2025.04.21 00:40:22 INFO  time: compiled akka-scala-mr in 78ms
2025.04.21 00:40:24 INFO  compiling akka-scala-mr (4 scala sources)
2025.04.21 00:40:24 INFO  time: compiled akka-scala-mr in 76ms
2025.04.21 00:40:26 INFO  compiling akka-scala-mr (4 scala sources)
2025.04.21 00:40:26 INFO  time: compiled akka-scala-mr in 0.19s
Apr 21, 2025 12:40:33 AM org.eclipse.lsp4j.jsonrpc.RemoteEndpoint handleCancellation
WARNING: Unmatched cancel notification for request id 6620
2025.04.21 00:40:36 INFO  compiling akka-scala-mr (4 scala sources)
2025.04.21 00:40:36 INFO  time: compiled akka-scala-mr in 0.19s
2025.04.21 00:40:42 INFO  compiling akka-scala-mr (4 scala sources)
2025.04.21 00:40:42 INFO  time: compiled akka-scala-mr in 82ms
2025.04.21 00:40:46 INFO  compiling akka-scala-mr (4 scala sources)
2025.04.21 00:40:46 INFO  time: compiled akka-scala-mr in 79ms
2025.04.21 00:52:06 INFO  compiling akka-scala-mr (4 scala sources)
2025.04.21 00:52:06 INFO  time: compiled akka-scala-mr in 87ms
2025.04.21 00:52:27 INFO  compiling akka-scala-mr (4 scala sources)
2025.04.21 00:52:27 INFO  time: compiled akka-scala-mr in 94ms
2025.04.21 00:52:32 INFO  Canceling debug proxy for [mapreduce.MapReduce]
2025.04.21 00:52:32 INFO  Closing debug server tcp://0.0.0.0:49536
2025.04.21 00:52:41 INFO  compiling akka-scala-mr (4 scala sources)
2025.04.21 00:52:41 INFO  time: compiled akka-scala-mr in 84ms
Apr 21, 2025 12:52:54 AM org.eclipse.lsp4j.jsonrpc.RemoteEndpoint handleCancellation
WARNING: Unmatched cancel notification for request id 7042
2025.04.21 00:53:13 INFO  compiling akka-scala-mr (4 scala sources)
2025.04.21 00:53:13 INFO  time: compiled akka-scala-mr in 0.11s
2025.04.21 00:53:15 INFO  compiling akka-scala-mr (4 scala sources)
2025.04.21 00:53:15 INFO  time: compiled akka-scala-mr in 74ms
2025.04.21 00:53:29 INFO  compiling akka-scala-mr (4 scala sources)
2025.04.21 00:53:29 INFO  time: compiled akka-scala-mr in 82ms
2025.04.21 00:53:33 INFO  compiling akka-scala-mr (4 scala sources)
2025.04.21 00:53:33 INFO  time: compiled akka-scala-mr in 89ms
2025.04.21 00:53:37 INFO  compiling akka-scala-mr (4 scala sources)
2025.04.21 00:53:37 INFO  time: compiled akka-scala-mr in 80ms
2025.04.21 00:53:49 INFO  compiling akka-scala-mr (4 scala sources)
2025.04.21 00:53:49 INFO  time: compiled akka-scala-mr in 0.17s
2025.04.21 00:54:16 INFO  compiling akka-scala-mr (4 scala sources)
2025.04.21 00:54:16 INFO  time: compiled akka-scala-mr in 0.15s
2025.04.21 00:54:28 INFO  compiling akka-scala-mr (4 scala sources)
2025.04.21 00:54:28 INFO  time: compiled akka-scala-mr in 0.11s
2025.04.21 00:54:47 INFO  compiling akka-scala-mr (4 scala sources)
2025.04.21 00:54:47 INFO  time: compiled akka-scala-mr in 0.11s
2025.04.21 00:54:51 WARN  Could not find 'INITMAP' using presentation compiler nor semanticdb. Trying to guess the definition using available information from local class context. 
Apr 21, 2025 12:54:51 AM scala.meta.internal.metals.StdReporter $anonfun$create$1
WARNING: empty definition using pc, found symbol in pc: `<none>`. (full report at: /Users/pablomujica/school/assignment-2-ds2/.metals/.reports/metals-full/2025-04-20/r_empty-definition_22-29-47-274.md)
Apr 21, 2025 12:54:52 AM scala.meta.internal.metals.StdReporter $anonfun$create$1
WARNING: empty definition using pc, found symbol in pc: `<none>`. (full report at: /Users/pablomujica/school/assignment-2-ds2/.metals/.reports/metals-full/2025-04-20/r_empty-definition_22-29-47-274.md)
2025.04.21 00:54:53 WARN  Could not find 'ReduceActor' using presentation compiler nor semanticdb. Trying to guess the definition using available information from local class context. 
Apr 21, 2025 12:54:53 AM scala.meta.internal.metals.StdReporter $anonfun$create$1
WARNING: empty definition using pc, found symbol in pc: `<none>`. (full report at: /Users/pablomujica/school/assignment-2-ds2/.metals/.reports/metals-full/2025-04-20/r_empty-definition_22-29-47-274.md)
Apr 21, 2025 12:54:55 AM scala.meta.internal.metals.StdReporter $anonfun$create$1
WARNING: empty definition using pc, found symbol in pc: `<none>`. (full report at: /Users/pablomujica/school/assignment-2-ds2/.metals/.reports/metals-full/2025-04-20/r_empty-definition_22-29-47-274.md)
Exception in thread "pool-602-thread-2" java.lang.InterruptedException
	at scala.meta.internal.metals.FutureCancelToken.checkCanceled(FutureCancelToken.scala:29)
	at scala.meta.internal.pc.CompilerAccess.onCompilerJobQueue$$anonfun$1(CompilerAccess.scala:244)
	at scala.meta.internal.pc.CompilerJobQueue$Job.run(CompilerJobQueue.scala:153)
	at java.base/java.util.concurrent.ThreadPoolExecutor.runWorker(ThreadPoolExecutor.java:1136)
	at java.base/java.util.concurrent.ThreadPoolExecutor$Worker.run(ThreadPoolExecutor.java:635)
	at java.base/java.lang.Thread.run(Thread.java:842)
2025.04.21 00:55:02 INFO  compiling akka-scala-mr (4 scala sources)
2025.04.21 00:55:02 WARN  Could not find 'MapActor' using presentation compiler nor semanticdb. Trying to guess the definition using available information from local class context. 
Apr 21, 2025 12:55:02 AM scala.meta.internal.metals.StdReporter $anonfun$create$1
WARNING: empty definition using pc, found symbol in pc: `<none>`. (full report at: /Users/pablomujica/school/assignment-2-ds2/.metals/.reports/metals-full/2025-04-20/r_empty-definition_22-29-47-274.md)
2025.04.21 00:55:02 INFO  time: compiled akka-scala-mr in 0.1s
2025.04.21 00:55:03 WARN  Could not find 'MapActor' using presentation compiler nor semanticdb. Trying to guess the definition using available information from local class context. 
Apr 21, 2025 12:55:03 AM scala.meta.internal.metals.StdReporter $anonfun$create$1
WARNING: empty definition using pc, found symbol in pc: `<none>`. (full report at: /Users/pablomujica/school/assignment-2-ds2/.metals/.reports/metals-full/2025-04-20/r_empty-definition_22-29-47-274.md)
2025.04.21 00:55:03 WARN  Could not find 'MapActor' using presentation compiler nor semanticdb. Trying to guess the definition using available information from local class context. 
Apr 21, 2025 12:55:03 AM scala.meta.internal.metals.StdReporter $anonfun$create$1
WARNING: empty definition using pc, found symbol in pc: `<none>`. (full report at: /Users/pablomujica/school/assignment-2-ds2/.metals/.reports/metals-full/2025-04-20/r_empty-definition_22-29-47-274.md)
2025.04.21 00:55:09 INFO  compiling akka-scala-mr (4 scala sources)
2025.04.21 00:55:09 INFO  time: compiled akka-scala-mr in 0.19s
Apr 21, 2025 12:55:43 AM scala.meta.internal.metals.StdReporter $anonfun$create$1
WARNING: empty definition using pc, found symbol in pc: `<none>`. (full report at: /Users/pablomujica/school/assignment-2-ds2/.metals/.reports/metals-full/2025-04-20/r_empty-definition_22-29-47-274.md)
Apr 21, 2025 12:55:47 AM scala.meta.internal.metals.StdReporter $anonfun$create$1
WARNING: empty definition using pc, found symbol in pc: `<none>`. (full report at: /Users/pablomujica/school/assignment-2-ds2/.metals/.reports/metals-full/2025-04-20/r_empty-definition_22-29-47-274.md)
2025.04.21 00:55:49 INFO  compiling akka-scala-mr (4 scala sources)
2025.04.21 00:55:49 INFO  time: compiled akka-scala-mr in 0.25s
2025.04.21 00:55:53 INFO  compiling akka-scala-mr (4 scala sources)
2025.04.21 00:55:53 INFO  time: compiled akka-scala-mr in 0.2s
2025.04.21 00:56:02 INFO  compiling akka-scala-mr (4 scala sources)
2025.04.21 00:56:02 INFO  time: compiled akka-scala-mr in 96ms
2025.04.21 00:56:08 INFO  compiling akka-scala-mr (4 scala sources)
2025.04.21 00:56:08 INFO  time: compiled akka-scala-mr in 0.11s
2025.04.21 00:56:34 INFO  compiling akka-scala-mr (4 scala sources)
2025.04.21 00:56:34 INFO  time: compiled akka-scala-mr in 87ms
Apr 21, 2025 12:56:34 AM scala.meta.internal.metals.StdReporter $anonfun$create$1
WARNING: empty definition using pc, found symbol in pc: mapreduce/`<import>`. (full report at: /Users/pablomujica/school/assignment-2-ds2/.metals/.reports/metals-full/2025-04-21/r_empty-definition_(akka-scala-mr)_00-56-34-211.md)
2025.04.21 00:56:42 INFO  compiling akka-scala-mr (4 scala sources)
2025.04.21 00:56:42 INFO  time: compiled akka-scala-mr in 0.1s
2025.04.21 00:56:45 INFO  compiling akka-scala-mr (4 scala sources)
2025.04.21 00:56:45 INFO  time: compiled akka-scala-mr in 0.1s
2025.04.21 20:05:55 INFO  compiling akka-scala-mr (4 scala sources)
2025.04.21 20:05:55 INFO  time: compiled akka-scala-mr in 0.16s
2025.04.21 20:08:56 INFO  compiling akka-scala-mr (5 scala sources)
Apr 21, 2025 8:08:56 PM org.eclipse.lsp4j.jsonrpc.RemoteEndpoint handleCancellation
WARNING: Unmatched cancel notification for request id 7693
2025.04.21 20:08:56 INFO  time: compiled akka-scala-mr in 0.19s
2025.04.21 20:09:06 INFO  compiling akka-scala-mr (5 scala sources)
2025.04.21 20:09:06 INFO  time: compiled akka-scala-mr in 88ms
2025.04.21 20:09:10 INFO  compiling akka-scala-mr (5 scala sources)
2025.04.21 20:09:10 INFO  time: compiled akka-scala-mr in 0.11s
2025.04.21 20:09:27 WARN  Could not find 'INITMAP' using presentation compiler nor semanticdb. Trying to guess the definition using available information from local class context. 
Apr 21, 2025 8:09:27 PM scala.meta.internal.metals.StdReporter $anonfun$create$1
WARNING: empty definition using pc, found symbol in pc: mapreduce/INITMAP. (full report at: /Users/pablomujica/school/assignment-2-ds2/.metals/.reports/metals-full/2025-04-21/r_empty-definition_(akka-scala-mr)_20-09-27-560.md)
2025.04.21 20:09:27 WARN  Could not find 'INITMAP' using presentation compiler nor semanticdb. Trying to guess the definition using available information from local class context. 
Apr 21, 2025 8:09:27 PM scala.meta.internal.metals.StdReporter $anonfun$create$1
WARNING: empty definition using pc, found symbol in pc: mapreduce/INITMAP. (full report at: /Users/pablomujica/school/assignment-2-ds2/.metals/.reports/metals-full/2025-04-21/r_empty-definition_(akka-scala-mr)_20-09-27-560.md)
Apr 21, 2025 8:09:31 PM scala.meta.internal.metals.StdReporter $anonfun$create$1
WARNING: empty definition using pc, found symbol in pc: mapreduce/`<import>`. (full report at: /Users/pablomujica/school/assignment-2-ds2/.metals/.reports/metals-full/2025-04-21/r_empty-definition_(akka-scala-mr)_00-56-34-211.md)
2025.04.21 20:10:04 INFO  compiling akka-scala-mr (5 scala sources)
2025.04.21 20:10:04 INFO  time: compiled akka-scala-mr in 0.12s
2025.04.21 20:10:21 INFO  compiling akka-scala-mr (5 scala sources)
2025.04.21 20:10:21 INFO  time: compiled akka-scala-mr in 0.11s
2025.04.21 20:11:31 INFO  compiling akka-scala-mr (5 scala sources)
2025.04.21 20:11:31 INFO  time: compiled akka-scala-mr in 0.11s
2025.04.21 20:11:54 INFO  compiling akka-scala-mr (6 scala sources)
2025.04.21 20:11:54 INFO  time: compiled akka-scala-mr in 0.17s
Apr 21, 2025 8:12:01 PM scala.meta.internal.metals.StdReporter $anonfun$create$1
WARNING: expected identifier; obtained eof (full report at: /Users/pablomujica/school/assignment-2-ds2/.metals/.reports/metals/2025-04-21/r_scala-toplevel-mtags_20-12-01-628.md)
2025.04.21 20:12:01 ERROR /Users/pablomujica/school/assignment-2-ds2/akka-scala-mr/src/main/scala/mapreduce/helperfunctions.scala
scala.meta.internal.tokenizers.package$UnexpectedInputEndException
	at scala.meta.internal.tokenizers.LegacyScanner.$anonfun$nextToken$1(LegacyScanner.scala:172)
	at scala.Function0.apply$mcV$sp(Function0.scala:42)
	at scala.meta.internal.tokenizers.LegacyScanner.scala$meta$internal$tokenizers$LegacyScanner$$nextToken(LegacyScanner.scala:178)
	at scala.meta.internal.tokenizers.LegacyScanner.nextToken(LegacyScanner.scala:172)
	at scala.meta.internal.mtags.ScalaToplevelMtags$XtensionScanner.mtagsNextToken(ScalaToplevelMtags.scala:76)
	at scala.meta.internal.mtags.ScalaToplevelMtags.acceptTrivia(ScalaToplevelMtags.scala:1034)
	at scala.meta.internal.mtags.ScalaToplevelMtags.parseMethodArgs(ScalaToplevelMtags.scala:718)
	at scala.meta.internal.mtags.ScalaToplevelMtags.parseMemberDefinitionLhs(ScalaToplevelMtags.scala:698)
	at scala.meta.internal.mtags.ScalaToplevelMtags.loop(ScalaToplevelMtags.scala:338)
	at scala.meta.internal.mtags.ScalaToplevelMtags.indexRoot(ScalaToplevelMtags.scala:88)
	at scala.meta.internal.metals.SemanticdbDefinition$.foreachWithReturnMtags(SemanticdbDefinition.scala:81)
	at scala.meta.internal.metals.Indexer.indexSourceFile(Indexer.scala:489)
	at scala.meta.internal.metals.Indexer.$anonfun$reindexWorkspaceSources$3(Indexer.scala:587)
	at scala.meta.internal.metals.Indexer.$anonfun$reindexWorkspaceSources$3$adapted(Indexer.scala:584)
	at scala.collection.IterableOnceOps.foreach(IterableOnce.scala:619)
	at scala.collection.IterableOnceOps.foreach$(IterableOnce.scala:617)
	at scala.collection.AbstractIterator.foreach(Iterator.scala:1306)
	at scala.meta.internal.metals.Indexer.reindexWorkspaceSources(Indexer.scala:584)
	at scala.meta.internal.metals.MetalsLspService.$anonfun$onChange$2(MetalsLspService.scala:914)
	at scala.runtime.java8.JFunction0$mcV$sp.apply(JFunction0$mcV$sp.scala:18)
	at scala.concurrent.Future$.$anonfun$apply$1(Future.scala:687)
	at scala.concurrent.impl.Promise$Transformation.run(Promise.scala:467)
	at java.util.concurrent.ThreadPoolExecutor.runWorker(ThreadPoolExecutor.java:1136)
	at java.util.concurrent.ThreadPoolExecutor$Worker.run(ThreadPoolExecutor.java:635)
	at java.lang.Thread.run(Thread.java:842)

2025.04.21 20:12:01 INFO  compiling akka-scala-mr (6 scala sources)
2025.04.21 20:12:01 INFO  time: compiled akka-scala-mr in 73ms
2025.04.21 20:12:45 INFO  compiling akka-scala-mr (6 scala sources)
2025.04.21 20:12:45 INFO  time: compiled akka-scala-mr in 90ms
2025.04.21 20:12:52 INFO  compiling akka-scala-mr (6 scala sources)
2025.04.21 20:12:52 INFO  time: compiled akka-scala-mr in 84ms
2025.04.21 20:13:01 INFO  compiling akka-scala-mr (6 scala sources)
2025.04.21 20:13:01 INFO  time: compiled akka-scala-mr in 0.19s
2025.04.21 20:13:06 INFO  compiling akka-scala-mr (6 scala sources)
2025.04.21 20:13:06 INFO  time: compiled akka-scala-mr in 0.18s
2025.04.21 20:13:28 INFO  compiling akka-scala-mr (6 scala sources)
2025.04.21 20:13:28 INFO  time: compiled akka-scala-mr in 0.1s
2025.04.21 20:13:51 INFO  compiling akka-scala-mr (6 scala sources)
2025.04.21 20:13:51 INFO  time: compiled akka-scala-mr in 96ms
Apr 21, 2025 8:14:19 PM org.eclipse.lsp4j.jsonrpc.RemoteEndpoint handleCancellation
WARNING: Unmatched cancel notification for request id 8406
Apr 21, 2025 8:14:34 PM org.eclipse.lsp4j.jsonrpc.RemoteEndpoint handleCancellation
WARNING: Unmatched cancel notification for request id 8444
Apr 21, 2025 8:16:13 PM scala.meta.internal.metals.StdReporter $anonfun$create$1
WARNING: empty definition using pc, found symbol in pc: `<none>`. (full report at: /Users/pablomujica/school/assignment-2-ds2/.metals/.reports/metals-full/2025-04-20/r_empty-definition_22-29-47-274.md)
2025.04.21 20:16:13 INFO  compiling akka-scala-mr (6 scala sources)
2025.04.21 20:16:13 INFO  time: compiled akka-scala-mr in 0.23s
2025.04.21 20:16:22 INFO  compiling akka-scala-mr (6 scala sources)
2025.04.21 20:16:22 INFO  time: compiled akka-scala-mr in 0.21s
2025.04.21 20:16:35 INFO  compiling akka-scala-mr (6 scala sources)
2025.04.21 20:16:35 INFO  time: compiled akka-scala-mr in 0.18s
2025.04.21 20:16:42 INFO  compiling akka-scala-mr (6 scala sources)
2025.04.21 20:16:42 INFO  time: compiled akka-scala-mr in 0.18s
2025.04.21 20:16:52 INFO  compiling akka-scala-mr (6 scala sources)
2025.04.21 20:16:52 INFO  time: compiled akka-scala-mr in 90ms
2025.04.21 20:16:55 INFO  compiling akka-scala-mr (6 scala sources)
2025.04.21 20:16:55 INFO  time: compiled akka-scala-mr in 77ms
2025.04.21 20:17:52 INFO  compiling akka-scala-mr (6 scala sources)
2025.04.21 20:17:52 INFO  time: compiled akka-scala-mr in 0.1s
2025.04.21 20:18:01 INFO  compiling akka-scala-mr (6 scala sources)
2025.04.21 20:18:01 INFO  time: compiled akka-scala-mr in 89ms
2025.04.21 20:18:08 INFO  compiling akka-scala-mr (6 scala sources)
2025.04.21 20:18:08 INFO  time: compiled akka-scala-mr in 0.18s
2025.04.21 20:18:14 INFO  compiling akka-scala-mr (6 scala sources)
2025.04.21 20:18:14 INFO  time: compiled akka-scala-mr in 0.12s
2025.04.21 20:18:35 INFO  compiling akka-scala-mr (6 scala sources)
2025.04.21 20:18:35 INFO  time: compiled akka-scala-mr in 0.1s
2025.04.21 20:19:21 INFO  compiling akka-scala-mr (6 scala sources)
2025.04.21 20:19:21 INFO  time: compiled akka-scala-mr in 0.1s
2025.04.21 20:19:40 INFO  compiling akka-scala-mr (6 scala sources)
2025.04.21 20:19:40 INFO  compiling akka-scala-mr-test (1 scala source)
2025.04.21 20:19:40 INFO  time: compiled akka-scala-mr in 0.3s
2025.04.21 20:19:40 INFO  time: compiled akka-scala-mr-test in 0.49s
Apr 21, 2025 8:19:42 PM scala.meta.internal.metals.StdReporter $anonfun$create$1
WARNING: empty definition using pc, found symbol in pc: `<none>`. (full report at: /Users/pablomujica/school/assignment-2-ds2/.metals/.reports/metals-full/2025-04-20/r_empty-definition_22-29-47-274.md)
2025.04.21 20:19:44 INFO  compiling akka-scala-mr (1 scala source)
2025.04.21 20:19:44 INFO  time: compiled akka-scala-mr in 45ms
2025.04.21 20:20:45 INFO  compiling akka-scala-mr (2 scala sources)
2025.04.21 20:20:45 INFO  time: compiled akka-scala-mr in 71ms
Apr 21, 2025 8:20:52 PM org.eclipse.lsp4j.jsonrpc.services.GenericEndpoint notify
INFO: Unsupported notification method: $/setTrace
